{
  "type": "FeatureCollection",
  "features": [
    {
      "type": "Feature",
      "properties": {
        "name": "Morning Mountain Bike Ride",
        "source": "Strava API authenticated activity streams",
        "activityId": "9817581515",
        "stravaUrl": "https://www.strava.com/activities/9817581515",
        "coordinateCount": 6915
      },
      "geometry": {
        "type": "LineString",
        "coordinates": [
          [
            -121.797951,
            37.245096,
            54.4
          ],
          [
            -121.797951,
            37.245096,
            54.4
          ],
          [
            -121.797951,
            37.245096,
            54.4
          ],
          [
            -121.797951,
            37.245096,
            54.4
          ],
          [
            -121.797951,
            37.245096,
            54.4
          ],
          [
            -121.797951,
            37.245096,
            54.4
          ],
          [
            -121.797951,
            37.245096,
            54.4
          ],
          [
            -121.797951,
            37.245096,
            54.4
          ],
          [
            -121.797951,
            37.245096,
            54.4
          ],
          [
            -121.797951,
            37.245096,
            54.4
          ],
          [
            -121.797951,
            37.245096,
            54.4
          ],
          [
            -121.797951,
            37.245096,
            54.4
          ],
          [
            -121.797951,
            37.245096,
            54.4
          ],
          [
            -121.798119,
            37.245129,
            54.4
          ],
          [
            -121.798139,
            37.245163,
            54.4
          ],
          [
            -121.798127,
            37.245228,
            54.2
          ],
          [
            -121.798115,
            37.245251,
            54.4
          ],
          [
            -121.798071,
            37.245273,
            54.4
          ],
          [
            -121.798057,
            37.245299,
            54.4
          ],
          [
            -121.798007,
            37.2454,
            54.4
          ],
          [
            -121.797992,
            37.245422,
            54.6
          ],
          [
            -121.797918,
            37.245461,
            54.6
          ],
          [
            -121.797824,
            37.245453,
            54.6
          ],
          [
            -121.797788,
            37.245434,
            54.6
          ],
          [
            -121.797751,
            37.245408,
            54.4
          ],
          [
            -121.797599,
            37.245276,
            54.4
          ],
          [
            -121.797389,
            37.245013,
            54.2
          ],
          [
            -121.797304,
            37.244882,
            54.2
          ],
          [
            -121.797234,
            37.244744,
            54.4
          ],
          [
            -121.797173,
            37.244542,
            54.6
          ],
          [
            -121.797147,
            37.244445,
            54.6
          ],
          [
            -121.797045,
            37.2442,
            54.2
          ],
          [
            -121.797016,
            37.244155,
            54.2
          ],
          [
            -121.796982,
            37.244111,
            54.2
          ],
          [
            -121.796944,
            37.24407,
            54.2
          ],
          [
            -121.796866,
            37.243989,
            54.6
          ],
          [
            -121.796775,
            37.243924,
            54.8
          ],
          [
            -121.796679,
            37.24387,
            54.8
          ],
          [
            -121.796581,
            37.243827,
            55.6
          ],
          [
            -121.796533,
            37.24381,
            55.8
          ],
          [
            -121.796481,
            37.243798,
            55.8
          ],
          [
            -121.796328,
            37.243761,
            55.8
          ],
          [
            -121.796214,
            37.243753,
            55.8
          ],
          [
            -121.796088,
            37.243754,
            55.8
          ],
          [
            -121.795915,
            37.243774,
            55.8
          ],
          [
            -121.79555,
            37.243813,
            55.6
          ],
          [
            -121.795425,
            37.243807,
            55.8
          ],
          [
            -121.79512,
            37.243744,
            56
          ],
          [
            -121.795067,
            37.243718,
            56
          ],
          [
            -121.794912,
            37.243639,
            56.2
          ],
          [
            -121.794818,
            37.243573,
            56.2
          ],
          [
            -121.79466,
            37.243397,
            56
          ],
          [
            -121.794606,
            37.243304,
            56.2
          ],
          [
            -121.794589,
            37.243258,
            56.2
          ],
          [
            -121.794545,
            37.243013,
            56.2
          ],
          [
            -121.794547,
            37.242455,
            56
          ],
          [
            -121.79458,
            37.242156,
            56
          ],
          [
            -121.794583,
            37.242102,
            56
          ],
          [
            -121.794586,
            37.24205,
            56
          ],
          [
            -121.794588,
            37.241998,
            56
          ],
          [
            -121.794589,
            37.241683,
            56.4
          ],
          [
            -121.794574,
            37.241577,
            56.4
          ],
          [
            -121.794539,
            37.241424,
            56.8
          ],
          [
            -121.794481,
            37.241283,
            56.8
          ],
          [
            -121.794461,
            37.241234,
            57
          ],
          [
            -121.794409,
            37.241138,
            57
          ],
          [
            -121.794274,
            37.240965,
            57
          ],
          [
            -121.794228,
            37.240926,
            57
          ],
          [
            -121.794033,
            37.240786,
            57
          ],
          [
            -121.793875,
            37.240703,
            57
          ],
          [
            -121.793527,
            37.240595,
            57.2
          ],
          [
            -121.793047,
            37.240499,
            57.8
          ],
          [
            -121.792861,
            37.240465,
            57.8
          ],
          [
            -121.792237,
            37.240328,
            58.2
          ],
          [
            -121.791587,
            37.240206,
            58
          ],
          [
            -121.790903,
            37.240061,
            57.6
          ],
          [
            -121.790413,
            37.240014,
            57.4
          ],
          [
            -121.789908,
            37.239971,
            57.4
          ],
          [
            -121.789741,
            37.239958,
            57.2
          ],
          [
            -121.789569,
            37.23994,
            57.2
          ],
          [
            -121.7891,
            37.239869,
            57
          ],
          [
            -121.789062,
            37.239819,
            57
          ],
          [
            -121.789058,
            37.239762,
            57
          ],
          [
            -121.789078,
            37.239711,
            57.2
          ],
          [
            -121.789101,
            37.239672,
            57.2
          ],
          [
            -121.789245,
            37.239444,
            57.2
          ],
          [
            -121.789499,
            37.23914,
            57
          ],
          [
            -121.789673,
            37.23894,
            57.2
          ],
          [
            -121.789685,
            37.23888,
            57.2
          ],
          [
            -121.789669,
            37.238821,
            57.2
          ],
          [
            -121.789581,
            37.238725,
            57.2
          ],
          [
            -121.789265,
            37.238541,
            57.8
          ],
          [
            -121.789144,
            37.238464,
            57.8
          ],
          [
            -121.789082,
            37.238429,
            57.8
          ],
          [
            -121.788835,
            37.238286,
            57.8
          ],
          [
            -121.78828,
            37.237959,
            58
          ],
          [
            -121.787793,
            37.237669,
            58.6
          ],
          [
            -121.787369,
            37.237412,
            58.8
          ],
          [
            -121.787185,
            37.2373,
            58.8
          ],
          [
            -121.786643,
            37.236968,
            59.2
          ],
          [
            -121.78614,
            37.236671,
            59.2
          ],
          [
            -121.78584,
            37.236488,
            59.6
          ],
          [
            -121.785658,
            37.236383,
            59.6
          ],
          [
            -121.785168,
            37.236089,
            59.8
          ],
          [
            -121.784979,
            37.235977,
            59.8
          ],
          [
            -121.784788,
            37.235867,
            59.8
          ],
          [
            -121.7844,
            37.235638,
            59.8
          ],
          [
            -121.784355,
            37.235532,
            59.8
          ],
          [
            -121.784389,
            37.235481,
            59.8
          ],
          [
            -121.784439,
            37.23544,
            59.8
          ],
          [
            -121.784588,
            37.235302,
            59.6
          ],
          [
            -121.784998,
            37.234867,
            59.2
          ],
          [
            -121.785365,
            37.234476,
            58.8
          ],
          [
            -121.785784,
            37.234029,
            58.6
          ],
          [
            -121.785839,
            37.233989,
            58.6
          ],
          [
            -121.78602,
            37.233884,
            58.6
          ],
          [
            -121.786157,
            37.233841,
            58.6
          ],
          [
            -121.786567,
            37.233698,
            58.4
          ],
          [
            -121.786619,
            37.233655,
            58.4
          ],
          [
            -121.786877,
            37.233388,
            58.2
          ],
          [
            -121.786947,
            37.233308,
            58.2
          ],
          [
            -121.787028,
            37.233228,
            58.4
          ],
          [
            -121.787039,
            37.233215,
            58.6
          ],
          [
            -121.787039,
            37.233215,
            58.8
          ],
          [
            -121.787036,
            37.233214,
            58.8
          ],
          [
            -121.787039,
            37.233215,
            58.8
          ],
          [
            -121.787039,
            37.233215,
            58.8
          ],
          [
            -121.787039,
            37.233215,
            58.8
          ],
          [
            -121.787042,
            37.233201,
            58.8
          ],
          [
            -121.78705,
            37.233193,
            58.8
          ],
          [
            -121.787058,
            37.233186,
            58.8
          ],
          [
            -121.787058,
            37.233185,
            58.8
          ],
          [
            -121.787057,
            37.233186,
            58.8
          ],
          [
            -121.787057,
            37.233186,
            58.8
          ],
          [
            -121.787055,
            37.233187,
            58.8
          ],
          [
            -121.787087,
            37.233144,
            58.6
          ],
          [
            -121.787217,
            37.233009,
            59
          ],
          [
            -121.787396,
            37.232818,
            58.6
          ],
          [
            -121.787492,
            37.232742,
            58.2
          ],
          [
            -121.78772,
            37.232607,
            57.6
          ],
          [
            -121.787853,
            37.232564,
            57.4
          ],
          [
            -121.787987,
            37.232518,
            57.4
          ],
          [
            -121.788178,
            37.232436,
            57.4
          ],
          [
            -121.788568,
            37.232167,
            57.2
          ],
          [
            -121.788826,
            37.231888,
            57
          ],
          [
            -121.788964,
            37.231746,
            57
          ],
          [
            -121.789049,
            37.231643,
            56.8
          ],
          [
            -121.78919,
            37.231503,
            56.8
          ],
          [
            -121.789453,
            37.231225,
            57
          ],
          [
            -121.789492,
            37.231178,
            57
          ],
          [
            -121.789574,
            37.231086,
            57.2
          ],
          [
            -121.78986,
            37.230772,
            57.4
          ],
          [
            -121.790229,
            37.230373,
            57
          ],
          [
            -121.790491,
            37.230071,
            56.8
          ],
          [
            -121.790623,
            37.229915,
            57
          ],
          [
            -121.790719,
            37.229759,
            57.2
          ],
          [
            -121.790776,
            37.229613,
            57
          ],
          [
            -121.790794,
            37.229513,
            56.8
          ],
          [
            -121.790866,
            37.229109,
            56.6
          ],
          [
            -121.790888,
            37.228791,
            57
          ],
          [
            -121.790902,
            37.228652,
            57
          ],
          [
            -121.790931,
            37.228297,
            57
          ],
          [
            -121.790946,
            37.228147,
            56.8
          ],
          [
            -121.790953,
            37.228071,
            56.8
          ],
          [
            -121.790971,
            37.22792,
            56.8
          ],
          [
            -121.790996,
            37.227622,
            56.8
          ],
          [
            -121.791024,
            37.227232,
            57
          ],
          [
            -121.791065,
            37.226697,
            58
          ],
          [
            -121.791063,
            37.226625,
            58.2
          ],
          [
            -121.791061,
            37.22648,
            58.6
          ],
          [
            -121.79105,
            37.226031,
            59.4
          ],
          [
            -121.791092,
            37.225515,
            59.6
          ],
          [
            -121.791096,
            37.225443,
            59.8
          ],
          [
            -121.791105,
            37.225184,
            60.8
          ],
          [
            -121.791099,
            37.225122,
            61.2
          ],
          [
            -121.79107,
            37.224942,
            61.2
          ],
          [
            -121.791012,
            37.22483,
            61.2
          ],
          [
            -121.790974,
            37.224775,
            61.2
          ],
          [
            -121.790686,
            37.224502,
            61.4
          ],
          [
            -121.790273,
            37.224225,
            61.4
          ],
          [
            -121.789682,
            37.223862,
            61
          ],
          [
            -121.789461,
            37.2237,
            61.2
          ],
          [
            -121.789336,
            37.223635,
            61.2
          ],
          [
            -121.788934,
            37.223451,
            62
          ],
          [
            -121.788874,
            37.223434,
            62
          ],
          [
            -121.788701,
            37.223407,
            62.4
          ],
          [
            -121.78854,
            37.223393,
            63
          ],
          [
            -121.788189,
            37.223317,
            63.8
          ],
          [
            -121.788085,
            37.223283,
            64
          ],
          [
            -121.78772,
            37.223091,
            63.8
          ],
          [
            -121.787254,
            37.222804,
            63.2
          ],
          [
            -121.786788,
            37.222569,
            62.6
          ],
          [
            -121.786406,
            37.222418,
            62
          ],
          [
            -121.786274,
            37.222374,
            61.6
          ],
          [
            -121.786018,
            37.22227,
            61.4
          ],
          [
            -121.785917,
            37.222189,
            61.2
          ],
          [
            -121.785543,
            37.221907,
            61
          ],
          [
            -121.785425,
            37.221826,
            60.8
          ],
          [
            -121.785023,
            37.221634,
            60.4
          ],
          [
            -121.784381,
            37.221437,
            60
          ],
          [
            -121.783944,
            37.221314,
            59.8
          ],
          [
            -121.78372,
            37.22125,
            59.4
          ],
          [
            -121.783133,
            37.221091,
            59.2
          ],
          [
            -121.782956,
            37.221023,
            59.2
          ],
          [
            -121.782855,
            37.220967,
            59.4
          ],
          [
            -121.782779,
            37.220898,
            59.6
          ],
          [
            -121.782758,
            37.22082,
            59.8
          ],
          [
            -121.782743,
            37.220721,
            60.8
          ],
          [
            -121.782743,
            37.220721,
            61
          ],
          [
            -121.782737,
            37.220721,
            60.8
          ],
          [
            -121.782737,
            37.220721,
            60.8
          ],
          [
            -121.782737,
            37.220721,
            60.8
          ],
          [
            -121.782736,
            37.22072,
            60.6
          ],
          [
            -121.782736,
            37.220718,
            60.6
          ],
          [
            -121.782723,
            37.220684,
            60.6
          ],
          [
            -121.782724,
            37.220665,
            60.8
          ],
          [
            -121.782773,
            37.220607,
            61.4
          ],
          [
            -121.782889,
            37.2205,
            61.6
          ],
          [
            -121.782964,
            37.220386,
            61.8
          ],
          [
            -121.782975,
            37.220365,
            61.8
          ],
          [
            -121.782994,
            37.220318,
            62
          ],
          [
            -121.783,
            37.220196,
            62
          ],
          [
            -121.782914,
            37.220001,
            62.4
          ],
          [
            -121.782834,
            37.219834,
            63
          ],
          [
            -121.782827,
            37.219811,
            63
          ],
          [
            -121.782742,
            37.219645,
            63.8
          ],
          [
            -121.782707,
            37.219576,
            64
          ],
          [
            -121.78264,
            37.219443,
            64.8
          ],
          [
            -121.782598,
            37.219349,
            65.2
          ],
          [
            -121.782558,
            37.219246,
            65.8
          ],
          [
            -121.782521,
            37.219159,
            66.2
          ],
          [
            -121.782473,
            37.219052,
            66.8
          ],
          [
            -121.782433,
            37.218964,
            67.2
          ],
          [
            -121.782394,
            37.218897,
            67.4
          ],
          [
            -121.782343,
            37.218764,
            68.2
          ],
          [
            -121.782335,
            37.218743,
            68.4
          ],
          [
            -121.782282,
            37.218626,
            69.2
          ],
          [
            -121.782269,
            37.218584,
            69.4
          ],
          [
            -121.782268,
            37.218539,
            69.8
          ],
          [
            -121.782279,
            37.21845,
            70.6
          ],
          [
            -121.78228,
            37.218427,
            70.6
          ],
          [
            -121.782308,
            37.218369,
            71.2
          ],
          [
            -121.782327,
            37.218336,
            71.8
          ],
          [
            -121.78234,
            37.218322,
            72
          ],
          [
            -121.78241,
            37.218252,
            73.2
          ],
          [
            -121.782483,
            37.218207,
            74
          ],
          [
            -121.782502,
            37.218198,
            74.2
          ],
          [
            -121.782601,
            37.218157,
            75.2
          ],
          [
            -121.782667,
            37.218146,
            76
          ],
          [
            -121.78269,
            37.218143,
            76.2
          ],
          [
            -121.782798,
            37.218148,
            77.4
          ],
          [
            -121.78284,
            37.218146,
            77.6
          ],
          [
            -121.782917,
            37.218155,
            78.4
          ],
          [
            -121.782974,
            37.218177,
            79
          ],
          [
            -121.783013,
            37.218197,
            79.6
          ],
          [
            -121.783114,
            37.218262,
            80.6
          ],
          [
            -121.783141,
            37.218285,
            81.2
          ],
          [
            -121.783176,
            37.218326,
            81.8
          ],
          [
            -121.783222,
            37.218397,
            82.6
          ],
          [
            -121.783229,
            37.218413,
            83
          ],
          [
            -121.783255,
            37.218493,
            83.8
          ],
          [
            -121.783274,
            37.218545,
            84
          ],
          [
            -121.783278,
            37.218562,
            84.4
          ],
          [
            -121.7833,
            37.21864,
            85
          ],
          [
            -121.783327,
            37.218732,
            85.8
          ],
          [
            -121.783344,
            37.218788,
            86.2
          ],
          [
            -121.783385,
            37.218907,
            87.2
          ],
          [
            -121.783431,
            37.21905,
            88.6
          ],
          [
            -121.783475,
            37.219179,
            89.6
          ],
          [
            -121.783553,
            37.219312,
            90.6
          ],
          [
            -121.783569,
            37.219328,
            90.8
          ],
          [
            -121.78372,
            37.219453,
            91.6
          ],
          [
            -121.783738,
            37.219462,
            91.8
          ],
          [
            -121.783905,
            37.21953,
            92.8
          ],
          [
            -121.783929,
            37.219538,
            92.8
          ],
          [
            -121.784075,
            37.219565,
            93.8
          ],
          [
            -121.784113,
            37.219574,
            94
          ],
          [
            -121.784247,
            37.219594,
            95
          ],
          [
            -121.784292,
            37.2196,
            95.4
          ],
          [
            -121.784415,
            37.21961,
            96.2
          ],
          [
            -121.784514,
            37.219624,
            96.8
          ],
          [
            -121.784594,
            37.219635,
            97.2
          ],
          [
            -121.78474,
            37.219681,
            98.2
          ],
          [
            -121.784789,
            37.2197,
            98.4
          ],
          [
            -121.784936,
            37.219773,
            99.4
          ],
          [
            -121.785064,
            37.219906,
            100.2
          ],
          [
            -121.785101,
            37.219943,
            100.6
          ],
          [
            -121.785226,
            37.220057,
            101.4
          ],
          [
            -121.785305,
            37.2201,
            101.6
          ],
          [
            -121.785419,
            37.220142,
            102
          ],
          [
            -121.785667,
            37.220172,
            102.6
          ],
          [
            -121.7857,
            37.220169,
            102.6
          ],
          [
            -121.785852,
            37.220155,
            103
          ],
          [
            -121.78609,
            37.220044,
            103.2
          ],
          [
            -121.786226,
            37.219953,
            103.8
          ],
          [
            -121.786307,
            37.219916,
            104
          ],
          [
            -121.786454,
            37.219872,
            105
          ],
          [
            -121.786525,
            37.219859,
            105.4
          ],
          [
            -121.786591,
            37.219868,
            106
          ],
          [
            -121.786677,
            37.219873,
            106.6
          ],
          [
            -121.786744,
            37.219877,
            107.2
          ],
          [
            -121.786823,
            37.219886,
            107.8
          ],
          [
            -121.786862,
            37.219892,
            108.2
          ],
          [
            -121.786967,
            37.219908,
            109
          ],
          [
            -121.786988,
            37.21991,
            109.2
          ],
          [
            -121.787095,
            37.219918,
            110.4
          ],
          [
            -121.787155,
            37.219923,
            111
          ],
          [
            -121.787198,
            37.219928,
            111.4
          ],
          [
            -121.787309,
            37.219936,
            112.4
          ],
          [
            -121.787424,
            37.219949,
            113.6
          ],
          [
            -121.78746,
            37.219952,
            114
          ],
          [
            -121.787537,
            37.219959,
            114.6
          ],
          [
            -121.787576,
            37.219961,
            115
          ],
          [
            -121.787658,
            37.219966,
            115.8
          ],
          [
            -121.78774,
            37.219962,
            116.4
          ],
          [
            -121.787784,
            37.219955,
            116.8
          ],
          [
            -121.787906,
            37.219938,
            118
          ],
          [
            -121.787922,
            37.219933,
            118
          ],
          [
            -121.788017,
            37.219913,
            119
          ],
          [
            -121.788036,
            37.219911,
            119
          ],
          [
            -121.788093,
            37.219897,
            119.6
          ],
          [
            -121.788145,
            37.219887,
            120.2
          ],
          [
            -121.788187,
            37.21986,
            120.4
          ],
          [
            -121.788255,
            37.219831,
            121.2
          ],
          [
            -121.7883,
            37.219809,
            121.6
          ],
          [
            -121.788359,
            37.219769,
            122.2
          ],
          [
            -121.788419,
            37.219724,
            123
          ],
          [
            -121.788457,
            37.21969,
            123.4
          ],
          [
            -121.788522,
            37.219646,
            124
          ],
          [
            -121.788565,
            37.219615,
            124.4
          ],
          [
            -121.788626,
            37.219573,
            125.2
          ],
          [
            -121.788667,
            37.21954,
            125.6
          ],
          [
            -121.788728,
            37.219502,
            126.4
          ],
          [
            -121.788754,
            37.219487,
            126.8
          ],
          [
            -121.788852,
            37.219418,
            128
          ],
          [
            -121.788953,
            37.219339,
            129
          ],
          [
            -121.788974,
            37.219313,
            129.4
          ],
          [
            -121.789028,
            37.219268,
            130.2
          ],
          [
            -121.789101,
            37.219218,
            131
          ],
          [
            -121.789116,
            37.219207,
            131.2
          ],
          [
            -121.789213,
            37.219125,
            132.4
          ],
          [
            -121.789258,
            37.219094,
            132.8
          ],
          [
            -121.789303,
            37.219069,
            133.4
          ],
          [
            -121.789364,
            37.219008,
            134.2
          ],
          [
            -121.789387,
            37.218989,
            134.6
          ],
          [
            -121.789456,
            37.218929,
            135.6
          ],
          [
            -121.789469,
            37.218924,
            135.6
          ],
          [
            -121.789541,
            37.218863,
            136.6
          ],
          [
            -121.78955,
            37.218853,
            136.8
          ],
          [
            -121.789641,
            37.218778,
            137.8
          ],
          [
            -121.789712,
            37.218691,
            139
          ],
          [
            -121.789796,
            37.21861,
            140
          ],
          [
            -121.789867,
            37.218538,
            141
          ],
          [
            -121.789889,
            37.218517,
            141.4
          ],
          [
            -121.789936,
            37.218467,
            142.2
          ],
          [
            -121.789956,
            37.218439,
            142.4
          ],
          [
            -121.790012,
            37.21839,
            143.2
          ],
          [
            -121.790039,
            37.21837,
            143.4
          ],
          [
            -121.790095,
            37.218304,
            144.4
          ],
          [
            -121.790107,
            37.218292,
            144.4
          ],
          [
            -121.790176,
            37.218211,
            145.4
          ],
          [
            -121.790189,
            37.218196,
            145.6
          ],
          [
            -121.790242,
            37.218144,
            146.6
          ],
          [
            -121.790276,
            37.218108,
            147
          ],
          [
            -121.790316,
            37.218059,
            147.6
          ],
          [
            -121.790354,
            37.21803,
            148.2
          ],
          [
            -121.790402,
            37.217989,
            148.6
          ],
          [
            -121.790439,
            37.217962,
            149.2
          ],
          [
            -121.790474,
            37.217926,
            149.8
          ],
          [
            -121.790538,
            37.217896,
            150.4
          ],
          [
            -121.790579,
            37.217872,
            151
          ],
          [
            -121.790613,
            37.217866,
            151.2
          ],
          [
            -121.790716,
            37.217831,
            152
          ],
          [
            -121.790781,
            37.217811,
            152.6
          ],
          [
            -121.79083,
            37.217801,
            153.2
          ],
          [
            -121.79093,
            37.217782,
            154.2
          ],
          [
            -121.790949,
            37.217777,
            154.2
          ],
          [
            -121.791042,
            37.21776,
            155.2
          ],
          [
            -121.791061,
            37.217759,
            155.2
          ],
          [
            -121.791142,
            37.21776,
            156.2
          ],
          [
            -121.791158,
            37.217759,
            156.4
          ],
          [
            -121.791275,
            37.217768,
            157.2
          ],
          [
            -121.791306,
            37.217768,
            157.6
          ],
          [
            -121.791374,
            37.217786,
            158.4
          ],
          [
            -121.791417,
            37.217792,
            158.6
          ],
          [
            -121.791471,
            37.217814,
            159.2
          ],
          [
            -121.791528,
            37.217825,
            159.8
          ],
          [
            -121.791594,
            37.21784,
            160.4
          ],
          [
            -121.791632,
            37.21786,
            160.8
          ],
          [
            -121.791698,
            37.217878,
            161.6
          ],
          [
            -121.791723,
            37.217888,
            161.8
          ],
          [
            -121.791815,
            37.217906,
            162.8
          ],
          [
            -121.791827,
            37.217908,
            163
          ],
          [
            -121.791914,
            37.217942,
            163.8
          ],
          [
            -121.79194,
            37.217951,
            164
          ],
          [
            -121.792018,
            37.217975,
            164.8
          ],
          [
            -121.792037,
            37.217976,
            165
          ],
          [
            -121.79214,
            37.218009,
            166
          ],
          [
            -121.792158,
            37.21801,
            166.2
          ],
          [
            -121.79223,
            37.218022,
            166.8
          ],
          [
            -121.792312,
            37.218026,
            167.4
          ],
          [
            -121.792374,
            37.218025,
            167.8
          ],
          [
            -121.792444,
            37.218025,
            168.6
          ],
          [
            -121.792498,
            37.218016,
            168.8
          ],
          [
            -121.792598,
            37.218003,
            169.6
          ],
          [
            -121.792634,
            37.218,
            170
          ],
          [
            -121.792711,
            37.217984,
            170.6
          ],
          [
            -121.792744,
            37.217974,
            171
          ],
          [
            -121.792856,
            37.217931,
            171.6
          ],
          [
            -121.792872,
            37.217924,
            171.8
          ],
          [
            -121.792991,
            37.217866,
            172.4
          ],
          [
            -121.793049,
            37.217829,
            172.8
          ],
          [
            -121.793065,
            37.217819,
            172.8
          ],
          [
            -121.793184,
            37.217706,
            173.4
          ],
          [
            -121.793248,
            37.217634,
            173.8
          ],
          [
            -121.79326,
            37.21762,
            173.8
          ],
          [
            -121.793326,
            37.217502,
            174.2
          ],
          [
            -121.793372,
            37.217364,
            174.8
          ],
          [
            -121.793372,
            37.217346,
            175
          ],
          [
            -121.793406,
            37.217183,
            176
          ],
          [
            -121.793405,
            37.217167,
            176
          ],
          [
            -121.793416,
            37.217057,
            176.6
          ],
          [
            -121.79343,
            37.216973,
            177.2
          ],
          [
            -121.793424,
            37.216903,
            177.4
          ],
          [
            -121.793399,
            37.216765,
            178.2
          ],
          [
            -121.793389,
            37.216645,
            178.6
          ],
          [
            -121.793408,
            37.216495,
            179
          ],
          [
            -121.793369,
            37.216355,
            179.2
          ],
          [
            -121.793358,
            37.216338,
            179.4
          ],
          [
            -121.793321,
            37.21627,
            179.4
          ],
          [
            -121.793294,
            37.216267,
            179.4
          ],
          [
            -121.793208,
            37.216265,
            179.2
          ],
          [
            -121.793058,
            37.216263,
            179
          ],
          [
            -121.792857,
            37.216246,
            178.8
          ],
          [
            -121.792817,
            37.216237,
            178.8
          ],
          [
            -121.792552,
            37.216164,
            178.8
          ],
          [
            -121.792263,
            37.216031,
            179.8
          ],
          [
            -121.792077,
            37.215906,
            180
          ],
          [
            -121.792045,
            37.215883,
            180.2
          ],
          [
            -121.791758,
            37.215673,
            180
          ],
          [
            -121.791408,
            37.215501,
            179
          ],
          [
            -121.791158,
            37.215409,
            178.2
          ],
          [
            -121.790978,
            37.215322,
            178.2
          ],
          [
            -121.790698,
            37.215142,
            178.8
          ],
          [
            -121.790664,
            37.215106,
            179.2
          ],
          [
            -121.790348,
            37.214822,
            179.4
          ],
          [
            -121.790193,
            37.214721,
            179.2
          ],
          [
            -121.790019,
            37.214654,
            178.6
          ],
          [
            -121.789952,
            37.21464,
            178.6
          ],
          [
            -121.789686,
            37.21461,
            178.2
          ],
          [
            -121.789425,
            37.214594,
            178
          ],
          [
            -121.789243,
            37.214585,
            178
          ],
          [
            -121.788915,
            37.214558,
            178.6
          ],
          [
            -121.788835,
            37.214554,
            179.2
          ],
          [
            -121.788834,
            37.214547,
            179.8
          ],
          [
            -121.78883,
            37.21455,
            179.8
          ],
          [
            -121.788838,
            37.214548,
            179.8
          ],
          [
            -121.788823,
            37.214562,
            179.6
          ],
          [
            -121.78882,
            37.214591,
            179.2
          ],
          [
            -121.788861,
            37.214597,
            179.2
          ],
          [
            -121.788926,
            37.214603,
            179.4
          ],
          [
            -121.789202,
            37.214616,
            179.2
          ],
          [
            -121.789615,
            37.214633,
            178.6
          ],
          [
            -121.789848,
            37.214653,
            178.2
          ],
          [
            -121.790019,
            37.214689,
            178.4
          ],
          [
            -121.790167,
            37.214749,
            178.6
          ],
          [
            -121.790288,
            37.214831,
            178.8
          ],
          [
            -121.790367,
            37.214895,
            179
          ],
          [
            -121.790511,
            37.21503,
            179.4
          ],
          [
            -121.790787,
            37.215274,
            179
          ],
          [
            -121.790942,
            37.215374,
            178.2
          ],
          [
            -121.790998,
            37.2154,
            178.2
          ],
          [
            -121.791056,
            37.215421,
            177.8
          ],
          [
            -121.791439,
            37.215568,
            178.2
          ],
          [
            -121.791677,
            37.21569,
            179.2
          ],
          [
            -121.791757,
            37.215746,
            179.4
          ],
          [
            -121.792215,
            37.216081,
            180.2
          ],
          [
            -121.792547,
            37.21623,
            179.6
          ],
          [
            -121.792612,
            37.216246,
            179
          ],
          [
            -121.792936,
            37.216291,
            178.6
          ],
          [
            -121.793108,
            37.216301,
            178.8
          ],
          [
            -121.793251,
            37.21632,
            179
          ],
          [
            -121.7933,
            37.216308,
            179.2
          ],
          [
            -121.79339,
            37.216257,
            179.4
          ],
          [
            -121.793424,
            37.216222,
            179.6
          ],
          [
            -121.793452,
            37.216184,
            179.8
          ],
          [
            -121.793504,
            37.21606,
            180.2
          ],
          [
            -121.793507,
            37.21602,
            180.2
          ],
          [
            -121.793511,
            37.215981,
            180.2
          ],
          [
            -121.79353,
            37.215807,
            181
          ],
          [
            -121.793563,
            37.215703,
            181.4
          ],
          [
            -121.793622,
            37.21555,
            182.2
          ],
          [
            -121.793637,
            37.215523,
            182.4
          ],
          [
            -121.793705,
            37.21543,
            183.6
          ],
          [
            -121.793751,
            37.215374,
            184.4
          ],
          [
            -121.793768,
            37.215358,
            184.8
          ],
          [
            -121.793827,
            37.215296,
            185.6
          ],
          [
            -121.79384,
            37.215284,
            186
          ],
          [
            -121.793858,
            37.215272,
            186
          ],
          [
            -121.793949,
            37.215206,
            187.2
          ],
          [
            -121.79402,
            37.215158,
            188
          ],
          [
            -121.794035,
            37.215149,
            188.2
          ],
          [
            -121.794123,
            37.215103,
            189.2
          ],
          [
            -121.794182,
            37.215073,
            189.8
          ],
          [
            -121.79421,
            37.215056,
            190.4
          ],
          [
            -121.794312,
            37.215027,
            191.4
          ],
          [
            -121.794405,
            37.214994,
            192.4
          ],
          [
            -121.794425,
            37.21499,
            192.4
          ],
          [
            -121.794446,
            37.214987,
            192.6
          ],
          [
            -121.794528,
            37.214968,
            193.6
          ],
          [
            -121.79456,
            37.21496,
            193.8
          ],
          [
            -121.794626,
            37.214948,
            194.6
          ],
          [
            -121.794704,
            37.214935,
            195.4
          ],
          [
            -121.794719,
            37.214933,
            195.6
          ],
          [
            -121.794815,
            37.214929,
            196.4
          ],
          [
            -121.794842,
            37.214928,
            196.6
          ],
          [
            -121.794924,
            37.214917,
            197.4
          ],
          [
            -121.794961,
            37.214915,
            197.6
          ],
          [
            -121.79502,
            37.214908,
            198.4
          ],
          [
            -121.795072,
            37.214905,
            198.8
          ],
          [
            -121.795137,
            37.214902,
            199.2
          ],
          [
            -121.795233,
            37.21489,
            199.8
          ],
          [
            -121.795373,
            37.214889,
            200.6
          ],
          [
            -121.795469,
            37.214879,
            201
          ],
          [
            -121.795487,
            37.214873,
            201.2
          ],
          [
            -121.795637,
            37.214857,
            202
          ],
          [
            -121.795738,
            37.214852,
            202.4
          ],
          [
            -121.795779,
            37.214847,
            202.6
          ],
          [
            -121.795863,
            37.214832,
            203.2
          ],
          [
            -121.795931,
            37.214817,
            203.4
          ],
          [
            -121.796089,
            37.214787,
            204.2
          ],
          [
            -121.796251,
            37.214744,
            205.2
          ],
          [
            -121.79638,
            37.214685,
            206
          ],
          [
            -121.796423,
            37.214643,
            206.2
          ],
          [
            -121.796494,
            37.214569,
            206.8
          ],
          [
            -121.796542,
            37.214534,
            207.4
          ],
          [
            -121.796553,
            37.214465,
            207.8
          ],
          [
            -121.796567,
            37.214373,
            208.6
          ],
          [
            -121.796576,
            37.214359,
            208.6
          ],
          [
            -121.796663,
            37.214274,
            209.6
          ],
          [
            -121.796672,
            37.214265,
            209.6
          ],
          [
            -121.796709,
            37.214235,
            210
          ],
          [
            -121.796713,
            37.214235,
            210.4
          ],
          [
            -121.796712,
            37.214243,
            210
          ],
          [
            -121.796708,
            37.214216,
            209.8
          ],
          [
            -121.79671,
            37.214192,
            209.4
          ],
          [
            -121.796697,
            37.214141,
            208.2
          ],
          [
            -121.7967,
            37.214152,
            208
          ],
          [
            -121.7967,
            37.214152,
            208
          ],
          [
            -121.7967,
            37.214152,
            208
          ],
          [
            -121.796695,
            37.214134,
            207.8
          ],
          [
            -121.796694,
            37.214135,
            207.8
          ],
          [
            -121.796694,
            37.214135,
            207.8
          ],
          [
            -121.796695,
            37.214134,
            207.8
          ],
          [
            -121.7967,
            37.214134,
            207.8
          ],
          [
            -121.796695,
            37.21413,
            207.8
          ],
          [
            -121.796694,
            37.214139,
            207.8
          ],
          [
            -121.7967,
            37.214133,
            207.8
          ],
          [
            -121.796718,
            37.214081,
            207.6
          ],
          [
            -121.796809,
            37.213979,
            207
          ],
          [
            -121.796837,
            37.213936,
            206.2
          ],
          [
            -121.79686,
            37.213891,
            205.6
          ],
          [
            -121.796875,
            37.213841,
            204.8
          ],
          [
            -121.79689,
            37.213792,
            203.8
          ],
          [
            -121.796913,
            37.213694,
            202.6
          ],
          [
            -121.796925,
            37.213599,
            201.4
          ],
          [
            -121.796933,
            37.213505,
            200.4
          ],
          [
            -121.796924,
            37.213416,
            199.6
          ],
          [
            -121.796906,
            37.213381,
            198.6
          ],
          [
            -121.796855,
            37.213283,
            197.4
          ],
          [
            -121.796789,
            37.213215,
            196.6
          ],
          [
            -121.796745,
            37.213165,
            196.2
          ],
          [
            -121.796662,
            37.213073,
            195
          ],
          [
            -121.796632,
            37.213038,
            194.2
          ],
          [
            -121.796604,
            37.213004,
            193.4
          ],
          [
            -121.796525,
            37.212893,
            192
          ],
          [
            -121.796491,
            37.212812,
            191
          ],
          [
            -121.796478,
            37.212772,
            190.8
          ],
          [
            -121.796459,
            37.212695,
            189.8
          ],
          [
            -121.79646,
            37.212592,
            188.8
          ],
          [
            -121.796461,
            37.212568,
            188.6
          ],
          [
            -121.796463,
            37.212518,
            187.8
          ],
          [
            -121.796489,
            37.212419,
            186.6
          ],
          [
            -121.796505,
            37.212405,
            186.4
          ],
          [
            -121.796511,
            37.212397,
            185.6
          ],
          [
            -121.796529,
            37.212393,
            185.6
          ],
          [
            -121.796579,
            37.21236,
            184.4
          ],
          [
            -121.796591,
            37.21235,
            184.2
          ],
          [
            -121.796614,
            37.212331,
            183.8
          ],
          [
            -121.796638,
            37.212313,
            183.4
          ],
          [
            -121.796707,
            37.212263,
            182.2
          ],
          [
            -121.796727,
            37.212252,
            182
          ],
          [
            -121.796769,
            37.212228,
            181.2
          ],
          [
            -121.79679,
            37.21221,
            180.6
          ],
          [
            -121.796829,
            37.212182,
            180
          ],
          [
            -121.796858,
            37.212161,
            179.4
          ],
          [
            -121.796875,
            37.212141,
            178.8
          ],
          [
            -121.796894,
            37.212119,
            178.4
          ],
          [
            -121.796918,
            37.212093,
            177.8
          ],
          [
            -121.796934,
            37.212073,
            177.4
          ],
          [
            -121.796959,
            37.212038,
            176.4
          ],
          [
            -121.796989,
            37.211999,
            175.4
          ],
          [
            -121.796992,
            37.211988,
            175
          ],
          [
            -121.796995,
            37.211972,
            174.4
          ],
          [
            -121.797002,
            37.211965,
            174.2
          ],
          [
            -121.797024,
            37.211929,
            173.2
          ],
          [
            -121.797026,
            37.211931,
            172.8
          ],
          [
            -121.79706,
            37.211884,
            172.2
          ],
          [
            -121.797066,
            37.21187,
            172
          ],
          [
            -121.797079,
            37.211848,
            171.4
          ],
          [
            -121.797091,
            37.211822,
            171
          ],
          [
            -121.797089,
            37.211818,
            170.6
          ],
          [
            -121.797128,
            37.211736,
            170
          ],
          [
            -121.797151,
            37.211699,
            170
          ],
          [
            -121.79721,
            37.211622,
            168.8
          ],
          [
            -121.797272,
            37.211551,
            168.4
          ],
          [
            -121.79735,
            37.211464,
            168.2
          ],
          [
            -121.797384,
            37.211411,
            168.6
          ],
          [
            -121.797434,
            37.211203,
            169.8
          ],
          [
            -121.79744,
            37.211171,
            169.8
          ],
          [
            -121.79745,
            37.211072,
            169.8
          ],
          [
            -121.797454,
            37.211043,
            169.8
          ],
          [
            -121.79746,
            37.211017,
            169.8
          ],
          [
            -121.797467,
            37.210996,
            169.6
          ],
          [
            -121.797517,
            37.210901,
            169
          ],
          [
            -121.797557,
            37.210859,
            168.6
          ],
          [
            -121.797639,
            37.21079,
            168.6
          ],
          [
            -121.797661,
            37.210781,
            168.8
          ],
          [
            -121.797676,
            37.210764,
            168.6
          ],
          [
            -121.797814,
            37.210678,
            168.6
          ],
          [
            -121.798046,
            37.210526,
            169.4
          ],
          [
            -121.798173,
            37.210473,
            169.8
          ],
          [
            -121.798245,
            37.210479,
            170.4
          ],
          [
            -121.798292,
            37.210499,
            171
          ],
          [
            -121.798362,
            37.210524,
            172
          ],
          [
            -121.798424,
            37.210554,
            172.8
          ],
          [
            -121.798445,
            37.210564,
            173
          ],
          [
            -121.798515,
            37.210588,
            173.8
          ],
          [
            -121.798572,
            37.210616,
            174
          ],
          [
            -121.798578,
            37.210619,
            174.2
          ],
          [
            -121.798569,
            37.210619,
            174.4
          ],
          [
            -121.798539,
            37.210616,
            174
          ],
          [
            -121.798443,
            37.210548,
            173.4
          ],
          [
            -121.798378,
            37.210519,
            173
          ],
          [
            -121.798325,
            37.210498,
            172.4
          ],
          [
            -121.798277,
            37.210481,
            171.8
          ],
          [
            -121.798249,
            37.210477,
            171.2
          ],
          [
            -121.798255,
            37.21048,
            171
          ],
          [
            -121.798256,
            37.210481,
            171
          ],
          [
            -121.798253,
            37.210479,
            171.2
          ],
          [
            -121.79824,
            37.210475,
            171
          ],
          [
            -121.798138,
            37.210444,
            170.6
          ],
          [
            -121.79809,
            37.210431,
            170.6
          ],
          [
            -121.797992,
            37.210407,
            169.2
          ],
          [
            -121.797897,
            37.210388,
            167.6
          ],
          [
            -121.797795,
            37.210366,
            166.4
          ],
          [
            -121.797734,
            37.210357,
            165.6
          ],
          [
            -121.797671,
            37.210346,
            164.4
          ],
          [
            -121.797604,
            37.210334,
            163.2
          ],
          [
            -121.797477,
            37.210318,
            162
          ],
          [
            -121.797366,
            37.210311,
            160.2
          ],
          [
            -121.797307,
            37.210309,
            160
          ],
          [
            -121.797186,
            37.210285,
            159.8
          ],
          [
            -121.797085,
            37.21022,
            159
          ],
          [
            -121.797023,
            37.210125,
            158.6
          ],
          [
            -121.79699,
            37.210039,
            159.6
          ],
          [
            -121.796982,
            37.210002,
            160
          ],
          [
            -121.796961,
            37.209946,
            161
          ],
          [
            -121.796957,
            37.20989,
            162.4
          ],
          [
            -121.79696,
            37.209869,
            162.6
          ],
          [
            -121.796958,
            37.209789,
            163.6
          ],
          [
            -121.796961,
            37.209705,
            164.6
          ],
          [
            -121.79696,
            37.209687,
            164.8
          ],
          [
            -121.79696,
            37.209668,
            165
          ],
          [
            -121.796963,
            37.209597,
            166.2
          ],
          [
            -121.796951,
            37.209537,
            167
          ],
          [
            -121.796949,
            37.20952,
            167.4
          ],
          [
            -121.796954,
            37.209455,
            168.4
          ],
          [
            -121.796958,
            37.209437,
            168.6
          ],
          [
            -121.796958,
            37.209419,
            168.6
          ],
          [
            -121.796939,
            37.20936,
            168.8
          ],
          [
            -121.796917,
            37.20931,
            169
          ],
          [
            -121.796874,
            37.209251,
            168.4
          ],
          [
            -121.796873,
            37.209248,
            168.4
          ],
          [
            -121.796878,
            37.209249,
            168.2
          ],
          [
            -121.79686,
            37.209243,
            168
          ],
          [
            -121.796806,
            37.209223,
            167.6
          ],
          [
            -121.796797,
            37.209217,
            167.4
          ],
          [
            -121.796738,
            37.209198,
            166.2
          ],
          [
            -121.796719,
            37.209192,
            166
          ],
          [
            -121.796669,
            37.209171,
            165.2
          ],
          [
            -121.79663,
            37.209166,
            164.2
          ],
          [
            -121.796611,
            37.209163,
            163.8
          ],
          [
            -121.796585,
            37.209155,
            163.4
          ],
          [
            -121.79657,
            37.209152,
            163
          ],
          [
            -121.796554,
            37.209149,
            162.6
          ],
          [
            -121.796526,
            37.209145,
            162
          ],
          [
            -121.796467,
            37.209133,
            161
          ],
          [
            -121.796456,
            37.209132,
            160.8
          ],
          [
            -121.796417,
            37.209129,
            159.8
          ],
          [
            -121.796365,
            37.209124,
            158.8
          ],
          [
            -121.79634,
            37.20912,
            158.2
          ],
          [
            -121.796303,
            37.209109,
            157.8
          ],
          [
            -121.796242,
            37.209102,
            156.8
          ],
          [
            -121.796226,
            37.209101,
            156.6
          ],
          [
            -121.796166,
            37.209099,
            155.4
          ],
          [
            -121.79613,
            37.209091,
            155.2
          ],
          [
            -121.796084,
            37.209086,
            154.4
          ],
          [
            -121.796044,
            37.209073,
            153.4
          ],
          [
            -121.796025,
            37.209067,
            152.6
          ],
          [
            -121.796023,
            37.209067,
            152.4
          ],
          [
            -121.796012,
            37.209069,
            152.2
          ],
          [
            -121.795998,
            37.209068,
            152.2
          ],
          [
            -121.795908,
            37.209038,
            151.8
          ],
          [
            -121.795794,
            37.209014,
            150.6
          ],
          [
            -121.795728,
            37.208997,
            149.6
          ],
          [
            -121.795692,
            37.208989,
            149.2
          ],
          [
            -121.795585,
            37.208958,
            148.2
          ],
          [
            -121.795541,
            37.208944,
            147.6
          ],
          [
            -121.795515,
            37.208935,
            147
          ],
          [
            -121.795437,
            37.208909,
            146.2
          ],
          [
            -121.795381,
            37.208893,
            145.8
          ],
          [
            -121.795306,
            37.208888,
            145.4
          ],
          [
            -121.79523,
            37.208882,
            144.6
          ],
          [
            -121.795132,
            37.208883,
            143.4
          ],
          [
            -121.795025,
            37.208869,
            143
          ],
          [
            -121.795,
            37.208874,
            142.2
          ],
          [
            -121.795,
            37.208874,
            142.2
          ],
          [
            -121.795005,
            37.208861,
            142
          ],
          [
            -121.795011,
            37.208861,
            142.2
          ],
          [
            -121.795012,
            37.208861,
            142.2
          ],
          [
            -121.795029,
            37.208848,
            142
          ],
          [
            -121.795159,
            37.208785,
            141.6
          ],
          [
            -121.79528,
            37.208735,
            141.2
          ],
          [
            -121.795428,
            37.208686,
            140.2
          ],
          [
            -121.795484,
            37.20867,
            140.2
          ],
          [
            -121.795641,
            37.208613,
            139
          ],
          [
            -121.795741,
            37.20859,
            138.8
          ],
          [
            -121.79594,
            37.208534,
            138.2
          ],
          [
            -121.795995,
            37.208509,
            137.6
          ],
          [
            -121.796049,
            37.20848,
            137
          ],
          [
            -121.7961,
            37.208447,
            136.2
          ],
          [
            -121.79614,
            37.208415,
            135.6
          ],
          [
            -121.796177,
            37.208381,
            134.8
          ],
          [
            -121.796252,
            37.208313,
            134.6
          ],
          [
            -121.796279,
            37.208273,
            134.2
          ],
          [
            -121.796304,
            37.208232,
            133.6
          ],
          [
            -121.796375,
            37.208106,
            132.2
          ],
          [
            -121.796402,
            37.208064,
            131.4
          ],
          [
            -121.796437,
            37.208028,
            130.4
          ],
          [
            -121.796477,
            37.20799,
            130.2
          ],
          [
            -121.796522,
            37.207954,
            130
          ],
          [
            -121.796569,
            37.207921,
            129.6
          ],
          [
            -121.796617,
            37.207892,
            129.4
          ],
          [
            -121.796811,
            37.207782,
            129.6
          ],
          [
            -121.796992,
            37.207714,
            129.6
          ],
          [
            -121.797123,
            37.207665,
            129.6
          ],
          [
            -121.797165,
            37.207644,
            129.4
          ],
          [
            -121.797444,
            37.207553,
            129.4
          ],
          [
            -121.797558,
            37.207529,
            129.2
          ],
          [
            -121.79765,
            37.207537,
            128.4
          ],
          [
            -121.797682,
            37.207559,
            127.8
          ],
          [
            -121.797726,
            37.207617,
            127.4
          ],
          [
            -121.797756,
            37.207641,
            127
          ],
          [
            -121.797833,
            37.207685,
            125.8
          ],
          [
            -121.797859,
            37.207683,
            125.8
          ],
          [
            -121.797908,
            37.20763,
            125.8
          ],
          [
            -121.797903,
            37.207587,
            126
          ],
          [
            -121.797913,
            37.207521,
            126.2
          ],
          [
            -121.797945,
            37.207459,
            126.2
          ],
          [
            -121.79796,
            37.207424,
            126.2
          ],
          [
            -121.79799,
            37.207315,
            126.2
          ],
          [
            -121.797959,
            37.207134,
            126.2
          ],
          [
            -121.797954,
            37.206965,
            125.4
          ],
          [
            -121.797912,
            37.206748,
            125.6
          ],
          [
            -121.797906,
            37.206666,
            125.4
          ],
          [
            -121.79791,
            37.206621,
            125.4
          ],
          [
            -121.797918,
            37.206577,
            125.4
          ],
          [
            -121.797928,
            37.206535,
            125.2
          ],
          [
            -121.797956,
            37.206395,
            124.8
          ],
          [
            -121.797986,
            37.20629,
            124
          ],
          [
            -121.798007,
            37.206232,
            123.8
          ],
          [
            -121.798101,
            37.206066,
            122.2
          ],
          [
            -121.798167,
            37.205959,
            122
          ],
          [
            -121.79829,
            37.205679,
            121.8
          ],
          [
            -121.798346,
            37.20553,
            121.6
          ],
          [
            -121.798373,
            37.205482,
            121.6
          ],
          [
            -121.798441,
            37.205395,
            121.6
          ],
          [
            -121.798675,
            37.205151,
            121.6
          ],
          [
            -121.798762,
            37.20507,
            121
          ],
          [
            -121.798919,
            37.204943,
            119.8
          ],
          [
            -121.799065,
            37.20483,
            118.6
          ],
          [
            -121.79909,
            37.204813,
            118
          ],
          [
            -121.799127,
            37.204786,
            117.4
          ],
          [
            -121.799153,
            37.204747,
            116.8
          ],
          [
            -121.799152,
            37.204728,
            116.2
          ],
          [
            -121.799154,
            37.204721,
            116
          ],
          [
            -121.79916,
            37.204729,
            115.8
          ],
          [
            -121.799155,
            37.204718,
            116
          ],
          [
            -121.799158,
            37.204718,
            116
          ],
          [
            -121.799152,
            37.204719,
            115.8
          ],
          [
            -121.799173,
            37.204757,
            115.8
          ],
          [
            -121.799181,
            37.204778,
            117.4
          ],
          [
            -121.799181,
            37.204774,
            117.4
          ],
          [
            -121.799135,
            37.204788,
            116.8
          ],
          [
            -121.799041,
            37.204851,
            117.6
          ],
          [
            -121.798963,
            37.204914,
            118.6
          ],
          [
            -121.798936,
            37.204934,
            118.8
          ],
          [
            -121.798875,
            37.204984,
            119.6
          ],
          [
            -121.798809,
            37.205041,
            120
          ],
          [
            -121.798713,
            37.205128,
            120.6
          ],
          [
            -121.798703,
            37.205141,
            120.8
          ],
          [
            -121.798694,
            37.205157,
            121
          ],
          [
            -121.798596,
            37.205229,
            121.4
          ],
          [
            -121.798514,
            37.205324,
            121.8
          ],
          [
            -121.79849,
            37.205347,
            121.8
          ],
          [
            -121.79845,
            37.205399,
            121.8
          ],
          [
            -121.798436,
            37.205424,
            121.8
          ],
          [
            -121.798373,
            37.205513,
            121.8
          ],
          [
            -121.798292,
            37.205645,
            122
          ],
          [
            -121.798287,
            37.205649,
            122
          ],
          [
            -121.798287,
            37.205649,
            122
          ],
          [
            -121.798287,
            37.205649,
            122.2
          ],
          [
            -121.798287,
            37.205649,
            122.2
          ],
          [
            -121.798287,
            37.205649,
            122.2
          ],
          [
            -121.798287,
            37.205649,
            122
          ],
          [
            -121.798287,
            37.205649,
            122
          ],
          [
            -121.798287,
            37.205649,
            122.2
          ],
          [
            -121.798287,
            37.205649,
            122
          ],
          [
            -121.798285,
            37.205642,
            122
          ],
          [
            -121.798282,
            37.205656,
            121.8
          ],
          [
            -121.798285,
            37.20567,
            121.8
          ],
          [
            -121.798279,
            37.205704,
            121.6
          ],
          [
            -121.798241,
            37.205826,
            121.8
          ],
          [
            -121.798189,
            37.20594,
            121.8
          ],
          [
            -121.798095,
            37.206083,
            121.8
          ],
          [
            -121.797984,
            37.2063,
            122.4
          ],
          [
            -121.797955,
            37.206376,
            123
          ],
          [
            -121.797921,
            37.206515,
            124.2
          ],
          [
            -121.797899,
            37.206626,
            124.8
          ],
          [
            -121.7979,
            37.206676,
            125
          ],
          [
            -121.797903,
            37.206703,
            125
          ],
          [
            -121.79791,
            37.206729,
            125.2
          ],
          [
            -121.797947,
            37.206895,
            125.8
          ],
          [
            -121.797955,
            37.207047,
            125.8
          ],
          [
            -121.797959,
            37.207138,
            125.6
          ],
          [
            -121.79798,
            37.20721,
            126.2
          ],
          [
            -121.798008,
            37.207211,
            126.8
          ],
          [
            -121.798006,
            37.207198,
            127
          ],
          [
            -121.798006,
            37.207195,
            127
          ],
          [
            -121.79801,
            37.20715,
            127.2
          ],
          [
            -121.798008,
            37.207127,
            127.2
          ],
          [
            -121.798012,
            37.20702,
            127.4
          ],
          [
            -121.798001,
            37.206875,
            127.6
          ],
          [
            -121.797992,
            37.206845,
            127.6
          ],
          [
            -121.797981,
            37.206812,
            127.6
          ],
          [
            -121.797968,
            37.206743,
            127.4
          ],
          [
            -121.797988,
            37.206632,
            127.2
          ],
          [
            -121.79808,
            37.206511,
            127.6
          ],
          [
            -121.798169,
            37.206427,
            128.4
          ],
          [
            -121.79823,
            37.206354,
            128.4
          ],
          [
            -121.798293,
            37.206216,
            129.2
          ],
          [
            -121.79833,
            37.206084,
            129.4
          ],
          [
            -121.798435,
            37.205908,
            129.2
          ],
          [
            -121.798446,
            37.205865,
            129
          ],
          [
            -121.798481,
            37.205677,
            128.2
          ],
          [
            -121.798552,
            37.205483,
            128.2
          ],
          [
            -121.798597,
            37.205366,
            127.2
          ],
          [
            -121.79863,
            37.205318,
            126.6
          ],
          [
            -121.798705,
            37.205239,
            126.2
          ],
          [
            -121.798738,
            37.205206,
            126
          ],
          [
            -121.798793,
            37.205152,
            125.2
          ],
          [
            -121.798812,
            37.205134,
            125
          ],
          [
            -121.798867,
            37.205073,
            124.4
          ],
          [
            -121.798885,
            37.205054,
            124
          ],
          [
            -121.799,
            37.20495,
            122.8
          ],
          [
            -121.799056,
            37.204903,
            121.6
          ],
          [
            -121.799105,
            37.204874,
            121.2
          ],
          [
            -121.799133,
            37.204854,
            120.6
          ],
          [
            -121.799186,
            37.204814,
            119.4
          ],
          [
            -121.799195,
            37.204806,
            119.4
          ],
          [
            -121.799241,
            37.204751,
            118.4
          ],
          [
            -121.799261,
            37.204735,
            118
          ],
          [
            -121.799276,
            37.204724,
            117.6
          ],
          [
            -121.79929,
            37.204712,
            117.6
          ],
          [
            -121.799353,
            37.204647,
            117.2
          ],
          [
            -121.799374,
            37.204634,
            116.8
          ],
          [
            -121.799488,
            37.20457,
            116
          ],
          [
            -121.799583,
            37.204533,
            115.8
          ],
          [
            -121.799796,
            37.204464,
            116.8
          ],
          [
            -121.79986,
            37.204441,
            117.2
          ],
          [
            -121.80003,
            37.204386,
            117.4
          ],
          [
            -121.800211,
            37.204335,
            118.2
          ],
          [
            -121.800343,
            37.204308,
            117.8
          ],
          [
            -121.800474,
            37.204307,
            117.6
          ],
          [
            -121.800663,
            37.204275,
            117.8
          ],
          [
            -121.80073,
            37.204277,
            116.8
          ],
          [
            -121.800802,
            37.204296,
            116.6
          ],
          [
            -121.800857,
            37.204325,
            116.6
          ],
          [
            -121.801051,
            37.204408,
            116
          ],
          [
            -121.80108,
            37.204397,
            115.8
          ],
          [
            -121.8011,
            37.204386,
            115.8
          ],
          [
            -121.801119,
            37.204366,
            115.4
          ],
          [
            -121.801162,
            37.204332,
            115.4
          ],
          [
            -121.801219,
            37.204292,
            115.8
          ],
          [
            -121.801258,
            37.204246,
            116.2
          ],
          [
            -121.801321,
            37.20417,
            116.8
          ],
          [
            -121.801336,
            37.204156,
            116.6
          ],
          [
            -121.801409,
            37.204075,
            116.4
          ],
          [
            -121.80142,
            37.204064,
            116.2
          ],
          [
            -121.801418,
            37.204061,
            116
          ],
          [
            -121.801428,
            37.204053,
            115.6
          ],
          [
            -121.801441,
            37.204038,
            115.6
          ],
          [
            -121.801447,
            37.204033,
            115.6
          ],
          [
            -121.801517,
            37.203989,
            115
          ],
          [
            -121.801533,
            37.203969,
            114.8
          ],
          [
            -121.801542,
            37.20396,
            114.8
          ],
          [
            -121.801595,
            37.203912,
            113.8
          ],
          [
            -121.801614,
            37.203894,
            113.4
          ],
          [
            -121.801672,
            37.203838,
            112.2
          ],
          [
            -121.801691,
            37.20381,
            112
          ],
          [
            -121.801706,
            37.203808,
            111.8
          ],
          [
            -121.801722,
            37.203801,
            111.6
          ],
          [
            -121.801814,
            37.203745,
            111.4
          ],
          [
            -121.801871,
            37.203714,
            111.2
          ],
          [
            -121.802034,
            37.203647,
            111
          ],
          [
            -121.802357,
            37.203547,
            110.4
          ],
          [
            -121.802681,
            37.203453,
            110.6
          ],
          [
            -121.802899,
            37.203388,
            110.2
          ],
          [
            -121.80295,
            37.203377,
            110
          ],
          [
            -121.80346,
            37.203309,
            109.2
          ],
          [
            -121.803526,
            37.203305,
            109
          ],
          [
            -121.803945,
            37.20331,
            108.2
          ],
          [
            -121.804116,
            37.203321,
            108.6
          ],
          [
            -121.804237,
            37.203344,
            109
          ],
          [
            -121.804601,
            37.203394,
            108
          ],
          [
            -121.804662,
            37.20341,
            107.8
          ],
          [
            -121.80512,
            37.203488,
            108
          ],
          [
            -121.805229,
            37.203515,
            108
          ],
          [
            -121.805339,
            37.203593,
            108.8
          ],
          [
            -121.805369,
            37.203642,
            109.6
          ],
          [
            -121.805421,
            37.203713,
            110.6
          ],
          [
            -121.805521,
            37.203771,
            111.6
          ],
          [
            -121.805545,
            37.203765,
            111.6
          ],
          [
            -121.805606,
            37.203678,
            111
          ],
          [
            -121.805648,
            37.203598,
            109.6
          ],
          [
            -121.805682,
            37.203531,
            108
          ],
          [
            -121.805695,
            37.2035,
            107.6
          ],
          [
            -121.805699,
            37.203448,
            107.4
          ],
          [
            -121.805693,
            37.20343,
            107.2
          ],
          [
            -121.805693,
            37.203418,
            107.2
          ],
          [
            -121.805729,
            37.203375,
            107
          ],
          [
            -121.805753,
            37.20336,
            106.8
          ],
          [
            -121.80595,
            37.203294,
            106
          ],
          [
            -121.805976,
            37.20329,
            106
          ],
          [
            -121.805986,
            37.203288,
            105.6
          ],
          [
            -121.805986,
            37.203288,
            105.6
          ],
          [
            -121.80599,
            37.203287,
            105.6
          ],
          [
            -121.805993,
            37.203282,
            105.4
          ],
          [
            -121.805993,
            37.203282,
            105.4
          ],
          [
            -121.805995,
            37.203282,
            105.4
          ],
          [
            -121.806003,
            37.203276,
            105.4
          ],
          [
            -121.805996,
            37.203248,
            105.2
          ],
          [
            -121.805986,
            37.203232,
            105.2
          ],
          [
            -121.805895,
            37.203212,
            105.2
          ],
          [
            -121.805851,
            37.203211,
            105.2
          ],
          [
            -121.805658,
            37.203204,
            105.4
          ],
          [
            -121.8055,
            37.2032,
            105.4
          ],
          [
            -121.80518,
            37.203186,
            105.6
          ],
          [
            -121.804771,
            37.203159,
            105.2
          ],
          [
            -121.804235,
            37.203132,
            105.2
          ],
          [
            -121.804151,
            37.203058,
            105.4
          ],
          [
            -121.804141,
            37.203007,
            105.4
          ],
          [
            -121.804158,
            37.202955,
            105.2
          ],
          [
            -121.804201,
            37.20286,
            105
          ],
          [
            -121.804269,
            37.202708,
            105
          ],
          [
            -121.804286,
            37.20266,
            104.8
          ],
          [
            -121.804314,
            37.202569,
            104.4
          ],
          [
            -121.804454,
            37.202222,
            104
          ],
          [
            -121.804498,
            37.202115,
            103.6
          ],
          [
            -121.804691,
            37.201633,
            103
          ],
          [
            -121.804815,
            37.201313,
            102.6
          ],
          [
            -121.804895,
            37.201142,
            102.4
          ],
          [
            -121.805056,
            37.200749,
            102
          ],
          [
            -121.805274,
            37.200185,
            101.8
          ],
          [
            -121.805463,
            37.199688,
            102
          ],
          [
            -121.805694,
            37.19913,
            102.2
          ],
          [
            -121.805736,
            37.19902,
            102.4
          ],
          [
            -121.805866,
            37.198702,
            102.4
          ],
          [
            -121.805924,
            37.198547,
            102.6
          ],
          [
            -121.806109,
            37.19809,
            103
          ],
          [
            -121.806272,
            37.197676,
            102.8
          ],
          [
            -121.80645,
            37.197258,
            103.2
          ],
          [
            -121.806583,
            37.19691,
            103.8
          ],
          [
            -121.806618,
            37.196821,
            104
          ],
          [
            -121.806735,
            37.196536,
            104.8
          ],
          [
            -121.806767,
            37.196455,
            105
          ],
          [
            -121.806908,
            37.196107,
            105.8
          ],
          [
            -121.806922,
            37.196067,
            106
          ],
          [
            -121.807024,
            37.195801,
            107
          ],
          [
            -121.807051,
            37.195726,
            107.2
          ],
          [
            -121.807113,
            37.195581,
            108
          ],
          [
            -121.807168,
            37.195441,
            108.8
          ],
          [
            -121.807198,
            37.195375,
            109.2
          ],
          [
            -121.807282,
            37.195144,
            110.2
          ],
          [
            -121.80735,
            37.194984,
            111.4
          ],
          [
            -121.80736,
            37.194963,
            111.8
          ],
          [
            -121.807415,
            37.194879,
            112.6
          ],
          [
            -121.807436,
            37.194838,
            113
          ],
          [
            -121.807431,
            37.194827,
            113.6
          ],
          [
            -121.807431,
            37.194827,
            113.6
          ],
          [
            -121.807451,
            37.194814,
            113.6
          ],
          [
            -121.807509,
            37.194698,
            113.8
          ],
          [
            -121.807617,
            37.194541,
            114
          ],
          [
            -121.807663,
            37.194469,
            114.8
          ],
          [
            -121.807721,
            37.194371,
            115.8
          ],
          [
            -121.807737,
            37.194349,
            116
          ],
          [
            -121.807812,
            37.194183,
            116.6
          ],
          [
            -121.807837,
            37.194101,
            117
          ],
          [
            -121.807815,
            37.194019,
            117
          ],
          [
            -121.807676,
            37.193929,
            117.4
          ],
          [
            -121.807459,
            37.193816,
            117.8
          ],
          [
            -121.807428,
            37.193798,
            118
          ],
          [
            -121.80723,
            37.193709,
            118.2
          ],
          [
            -121.807042,
            37.193641,
            118.6
          ],
          [
            -121.807027,
            37.193619,
            118.6
          ],
          [
            -121.807021,
            37.193604,
            118.6
          ],
          [
            -121.80702,
            37.193604,
            118.6
          ],
          [
            -121.80702,
            37.193604,
            118.6
          ],
          [
            -121.807035,
            37.193584,
            118.6
          ],
          [
            -121.807035,
            37.193584,
            118.6
          ],
          [
            -121.807035,
            37.193584,
            118.4
          ],
          [
            -121.807035,
            37.193584,
            118.4
          ],
          [
            -121.807046,
            37.193585,
            118.4
          ],
          [
            -121.807044,
            37.193586,
            118.2
          ],
          [
            -121.807022,
            37.193585,
            118.2
          ],
          [
            -121.807022,
            37.193567,
            117.8
          ],
          [
            -121.807035,
            37.193584,
            118.2
          ],
          [
            -121.807014,
            37.193586,
            118.6
          ],
          [
            -121.807013,
            37.193581,
            117.6
          ],
          [
            -121.807014,
            37.193586,
            117.6
          ],
          [
            -121.80703,
            37.193583,
            117.6
          ],
          [
            -121.807045,
            37.193589,
            117.4
          ],
          [
            -121.807032,
            37.1936,
            117.4
          ],
          [
            -121.807065,
            37.193621,
            117.4
          ],
          [
            -121.807097,
            37.193623,
            117.4
          ],
          [
            -121.807112,
            37.193623,
            117.4
          ],
          [
            -121.807124,
            37.193638,
            117.4
          ],
          [
            -121.807112,
            37.193636,
            117.4
          ],
          [
            -121.807081,
            37.193639,
            117.4
          ],
          [
            -121.807045,
            37.193628,
            117.4
          ],
          [
            -121.80703,
            37.193624,
            117.4
          ],
          [
            -121.807021,
            37.193614,
            117.4
          ],
          [
            -121.807011,
            37.193598,
            117.4
          ],
          [
            -121.807016,
            37.193594,
            117.2
          ],
          [
            -121.807024,
            37.193598,
            117.4
          ],
          [
            -121.807025,
            37.193607,
            117.4
          ],
          [
            -121.807021,
            37.193611,
            117.6
          ],
          [
            -121.806948,
            37.193615,
            117.6
          ],
          [
            -121.806877,
            37.193589,
            117.8
          ],
          [
            -121.806865,
            37.193553,
            117.8
          ],
          [
            -121.806848,
            37.193522,
            117.8
          ],
          [
            -121.806835,
            37.193488,
            118
          ],
          [
            -121.80683,
            37.193485,
            118.2
          ],
          [
            -121.806855,
            37.193454,
            118.2
          ],
          [
            -121.8069,
            37.193337,
            118.8
          ],
          [
            -121.806908,
            37.193321,
            119
          ],
          [
            -121.806939,
            37.193211,
            120
          ],
          [
            -121.806942,
            37.193195,
            120.6
          ],
          [
            -121.806944,
            37.19319,
            120.8
          ],
          [
            -121.806951,
            37.193184,
            120.8
          ],
          [
            -121.806964,
            37.19318,
            120.8
          ],
          [
            -121.806985,
            37.193178,
            120.6
          ],
          [
            -121.807169,
            37.193145,
            120.4
          ],
          [
            -121.807276,
            37.193115,
            120.2
          ],
          [
            -121.807311,
            37.193099,
            120.2
          ],
          [
            -121.807417,
            37.193056,
            120.2
          ],
          [
            -121.80755,
            37.19295,
            120.4
          ],
          [
            -121.80757,
            37.192928,
            120.4
          ],
          [
            -121.807634,
            37.192869,
            121
          ],
          [
            -121.807658,
            37.19285,
            121.2
          ],
          [
            -121.807728,
            37.192794,
            121.6
          ],
          [
            -121.807761,
            37.192757,
            122
          ],
          [
            -121.807777,
            37.192736,
            122.2
          ],
          [
            -121.807812,
            37.192679,
            122.6
          ],
          [
            -121.807818,
            37.192661,
            123.2
          ],
          [
            -121.807823,
            37.19264,
            123.2
          ],
          [
            -121.807833,
            37.192602,
            123.6
          ],
          [
            -121.807817,
            37.19249,
            124
          ],
          [
            -121.807812,
            37.192445,
            124.2
          ],
          [
            -121.807823,
            37.192266,
            125.4
          ],
          [
            -121.807833,
            37.192244,
            125.6
          ],
          [
            -121.80793,
            37.192115,
            126.4
          ],
          [
            -121.807961,
            37.192077,
            126.4
          ],
          [
            -121.808093,
            37.19199,
            127.2
          ],
          [
            -121.808133,
            37.191973,
            127.4
          ],
          [
            -121.808194,
            37.19196,
            127.4
          ],
          [
            -121.80822,
            37.191948,
            127.4
          ],
          [
            -121.808352,
            37.191933,
            127.8
          ],
          [
            -121.808459,
            37.191935,
            128.2
          ],
          [
            -121.808541,
            37.191944,
            128.6
          ],
          [
            -121.808564,
            37.19195,
            128.6
          ],
          [
            -121.808732,
            37.191972,
            129.6
          ],
          [
            -121.808781,
            37.191976,
            130.2
          ],
          [
            -121.808976,
            37.191998,
            130.8
          ],
          [
            -121.809161,
            37.192035,
            131.8
          ],
          [
            -121.809209,
            37.192046,
            131.8
          ],
          [
            -121.809384,
            37.192088,
            132.8
          ],
          [
            -121.809448,
            37.192138,
            134
          ],
          [
            -121.809514,
            37.192203,
            135.2
          ],
          [
            -121.809621,
            37.192302,
            135.6
          ],
          [
            -121.809642,
            37.192314,
            135.8
          ],
          [
            -121.809713,
            37.192326,
            136.2
          ],
          [
            -121.809757,
            37.192311,
            136.4
          ],
          [
            -121.809809,
            37.192259,
            137.4
          ],
          [
            -121.809812,
            37.19223,
            137.8
          ],
          [
            -121.809796,
            37.192194,
            138.4
          ],
          [
            -121.809796,
            37.192193,
            138.8
          ],
          [
            -121.809798,
            37.192151,
            139
          ],
          [
            -121.809797,
            37.192136,
            139.2
          ],
          [
            -121.809812,
            37.192088,
            139.4
          ],
          [
            -121.809851,
            37.192059,
            140
          ],
          [
            -121.809875,
            37.192055,
            140
          ],
          [
            -121.80989,
            37.192051,
            140
          ],
          [
            -121.809986,
            37.192015,
            140.4
          ],
          [
            -121.810006,
            37.192006,
            140.6
          ],
          [
            -121.810096,
            37.191982,
            141.2
          ],
          [
            -121.810211,
            37.191963,
            141.8
          ],
          [
            -121.810262,
            37.191941,
            141.8
          ],
          [
            -121.810371,
            37.191832,
            142.6
          ],
          [
            -121.81039,
            37.19182,
            142.8
          ],
          [
            -121.810539,
            37.191747,
            143.8
          ],
          [
            -121.810568,
            37.191739,
            143.8
          ],
          [
            -121.810747,
            37.191683,
            145
          ],
          [
            -121.810971,
            37.19162,
            145.6
          ],
          [
            -121.811094,
            37.19154,
            145
          ],
          [
            -121.81117,
            37.191487,
            144.6
          ],
          [
            -121.811292,
            37.191477,
            144.4
          ],
          [
            -121.811547,
            37.191515,
            144.6
          ],
          [
            -121.811777,
            37.191564,
            144.4
          ],
          [
            -121.81202,
            37.191681,
            145.2
          ],
          [
            -121.812254,
            37.191789,
            145.2
          ],
          [
            -121.81236,
            37.191918,
            145.4
          ],
          [
            -121.812405,
            37.192078,
            145.6
          ],
          [
            -121.812406,
            37.192284,
            145.8
          ],
          [
            -121.812529,
            37.192394,
            145.8
          ],
          [
            -121.812553,
            37.192416,
            146
          ],
          [
            -121.812649,
            37.192566,
            146.4
          ],
          [
            -121.812744,
            37.192656,
            145.2
          ],
          [
            -121.812776,
            37.192659,
            145.2
          ],
          [
            -121.812985,
            37.192617,
            145.4
          ],
          [
            -121.813141,
            37.192482,
            145.4
          ],
          [
            -121.813317,
            37.192397,
            145.2
          ],
          [
            -121.813508,
            37.192377,
            145.4
          ],
          [
            -121.813768,
            37.192423,
            145.4
          ],
          [
            -121.813943,
            37.192575,
            145.6
          ],
          [
            -121.813992,
            37.192645,
            145.6
          ],
          [
            -121.814087,
            37.192734,
            145.2
          ],
          [
            -121.814294,
            37.19291,
            145.4
          ],
          [
            -121.814483,
            37.192983,
            145.4
          ],
          [
            -121.814762,
            37.193022,
            144.8
          ],
          [
            -121.814922,
            37.192978,
            144.8
          ],
          [
            -121.81507,
            37.19286,
            145
          ],
          [
            -121.815092,
            37.192847,
            145.4
          ],
          [
            -121.815092,
            37.192847,
            145.6
          ],
          [
            -121.815092,
            37.192847,
            145.4
          ],
          [
            -121.815092,
            37.192847,
            145
          ],
          [
            -121.815092,
            37.192847,
            145
          ],
          [
            -121.81509,
            37.19286,
            145
          ],
          [
            -121.815094,
            37.192854,
            145
          ],
          [
            -121.815115,
            37.192838,
            145
          ],
          [
            -121.815264,
            37.192777,
            144.6
          ],
          [
            -121.815411,
            37.192672,
            143.6
          ],
          [
            -121.815496,
            37.192604,
            143
          ],
          [
            -121.815545,
            37.192547,
            142.2
          ],
          [
            -121.815626,
            37.192444,
            140.8
          ],
          [
            -121.815639,
            37.192416,
            140.6
          ],
          [
            -121.815668,
            37.192359,
            139.8
          ],
          [
            -121.815717,
            37.19224,
            138.6
          ],
          [
            -121.815739,
            37.192171,
            138.2
          ],
          [
            -121.815756,
            37.192104,
            137.4
          ],
          [
            -121.815755,
            37.191983,
            136.2
          ],
          [
            -121.815661,
            37.191815,
            135.4
          ],
          [
            -121.815636,
            37.191791,
            135
          ],
          [
            -121.815486,
            37.191661,
            134
          ],
          [
            -121.815427,
            37.191621,
            133.2
          ],
          [
            -121.815392,
            37.191609,
            132.8
          ],
          [
            -121.815262,
            37.191572,
            132.2
          ],
          [
            -121.815252,
            37.191516,
            132
          ],
          [
            -121.815275,
            37.191501,
            131.8
          ],
          [
            -121.815334,
            37.19141,
            131.6
          ],
          [
            -121.815371,
            37.191337,
            131.2
          ],
          [
            -121.815417,
            37.191307,
            131.2
          ],
          [
            -121.815474,
            37.191285,
            131
          ],
          [
            -121.815533,
            37.191272,
            130.6
          ],
          [
            -121.815596,
            37.191268,
            130.2
          ],
          [
            -121.815658,
            37.19127,
            130
          ],
          [
            -121.815907,
            37.191282,
            129.4
          ],
          [
            -121.816097,
            37.191285,
            128.4
          ],
          [
            -121.816153,
            37.191281,
            127.6
          ],
          [
            -121.816267,
            37.191267,
            127.2
          ],
          [
            -121.816484,
            37.191207,
            125.8
          ],
          [
            -121.816639,
            37.191116,
            124.6
          ],
          [
            -121.816734,
            37.191056,
            123.6
          ],
          [
            -121.816781,
            37.191035,
            123.2
          ],
          [
            -121.816884,
            37.191005,
            122.6
          ],
          [
            -121.816995,
            37.190986,
            122
          ],
          [
            -121.817116,
            37.190963,
            121
          ],
          [
            -121.817234,
            37.190949,
            119.6
          ],
          [
            -121.817352,
            37.190942,
            119
          ],
          [
            -121.817416,
            37.190952,
            118.8
          ],
          [
            -121.817529,
            37.190966,
            118.6
          ],
          [
            -121.817609,
            37.190947,
            118.2
          ],
          [
            -121.817633,
            37.190921,
            118
          ],
          [
            -121.817694,
            37.190815,
            117.8
          ],
          [
            -121.817723,
            37.190729,
            117.6
          ],
          [
            -121.817735,
            37.190684,
            117.4
          ],
          [
            -121.817753,
            37.190585,
            116.6
          ],
          [
            -121.817764,
            37.19053,
            116.4
          ],
          [
            -121.81783,
            37.19037,
            115.2
          ],
          [
            -121.817859,
            37.190324,
            114.6
          ],
          [
            -121.817886,
            37.190283,
            114.2
          ],
          [
            -121.817949,
            37.190176,
            113.6
          ],
          [
            -121.817964,
            37.1901,
            112.6
          ],
          [
            -121.817928,
            37.189888,
            111.6
          ],
          [
            -121.817918,
            37.189863,
            111.6
          ],
          [
            -121.817918,
            37.189849,
            111.6
          ],
          [
            -121.817917,
            37.189848,
            111.6
          ],
          [
            -121.817917,
            37.189849,
            111.6
          ],
          [
            -121.817916,
            37.189849,
            111.8
          ],
          [
            -121.817906,
            37.189822,
            111.6
          ],
          [
            -121.817843,
            37.189686,
            110.6
          ],
          [
            -121.817825,
            37.189652,
            110.4
          ],
          [
            -121.817805,
            37.189546,
            109.8
          ],
          [
            -121.817817,
            37.189518,
            110
          ],
          [
            -121.817814,
            37.189514,
            110.2
          ],
          [
            -121.817806,
            37.189504,
            110.2
          ],
          [
            -121.817814,
            37.1895,
            110.2
          ],
          [
            -121.817799,
            37.189513,
            110
          ],
          [
            -121.817797,
            37.189501,
            110
          ],
          [
            -121.817813,
            37.189486,
            110
          ],
          [
            -121.817837,
            37.189444,
            109.8
          ],
          [
            -121.817961,
            37.189373,
            110.8
          ],
          [
            -121.818169,
            37.189269,
            111.2
          ],
          [
            -121.81845,
            37.189137,
            111.2
          ],
          [
            -121.8186,
            37.18907,
            111.2
          ],
          [
            -121.818646,
            37.189055,
            111
          ],
          [
            -121.818699,
            37.189039,
            111
          ],
          [
            -121.818872,
            37.188982,
            110.6
          ],
          [
            -121.818889,
            37.188972,
            112
          ],
          [
            -121.818897,
            37.188968,
            112.2
          ],
          [
            -121.818888,
            37.188969,
            112.2
          ],
          [
            -121.818888,
            37.188969,
            112.2
          ],
          [
            -121.818894,
            37.188955,
            112.2
          ],
          [
            -121.818894,
            37.188955,
            112.2
          ],
          [
            -121.818915,
            37.188942,
            112
          ],
          [
            -121.818925,
            37.188939,
            112.2
          ],
          [
            -121.818925,
            37.188939,
            112.2
          ],
          [
            -121.818938,
            37.188929,
            112.2
          ],
          [
            -121.81894,
            37.188928,
            112.4
          ],
          [
            -121.818939,
            37.188926,
            112.4
          ],
          [
            -121.818939,
            37.188926,
            112.2
          ],
          [
            -121.818946,
            37.188916,
            112.2
          ],
          [
            -121.818941,
            37.188898,
            112.2
          ],
          [
            -121.818941,
            37.188897,
            112.2
          ],
          [
            -121.818936,
            37.188895,
            112
          ],
          [
            -121.818948,
            37.18889,
            112
          ],
          [
            -121.818985,
            37.188851,
            112.2
          ],
          [
            -121.818945,
            37.188798,
            112
          ],
          [
            -121.818769,
            37.188676,
            112.4
          ],
          [
            -121.818733,
            37.188645,
            112.4
          ],
          [
            -121.818582,
            37.188522,
            112.4
          ],
          [
            -121.818515,
            37.188452,
            113
          ],
          [
            -121.818483,
            37.188414,
            113
          ],
          [
            -121.818447,
            37.188377,
            113
          ],
          [
            -121.818412,
            37.188339,
            113
          ],
          [
            -121.818299,
            37.188176,
            113.6
          ],
          [
            -121.818276,
            37.188133,
            113.6
          ],
          [
            -121.818192,
            37.187921,
            114
          ],
          [
            -121.81814,
            37.187797,
            114.6
          ],
          [
            -121.818089,
            37.187673,
            114.8
          ],
          [
            -121.818038,
            37.187541,
            115.2
          ],
          [
            -121.817957,
            37.187354,
            115.8
          ],
          [
            -121.817897,
            37.187211,
            116.2
          ],
          [
            -121.817825,
            37.18704,
            116.6
          ],
          [
            -121.817788,
            37.186949,
            116.8
          ],
          [
            -121.817776,
            37.186903,
            116.8
          ],
          [
            -121.817721,
            37.186773,
            117.2
          ],
          [
            -121.817684,
            37.186681,
            117.2
          ],
          [
            -121.817609,
            37.186357,
            117.8
          ],
          [
            -121.817574,
            37.186029,
            118
          ],
          [
            -121.817552,
            37.185889,
            118.2
          ],
          [
            -121.817472,
            37.185666,
            118.8
          ],
          [
            -121.817409,
            37.185545,
            119.4
          ],
          [
            -121.817262,
            37.185344,
            120
          ],
          [
            -121.817179,
            37.18522,
            120.4
          ],
          [
            -121.817039,
            37.18497,
            120.8
          ],
          [
            -121.816839,
            37.184667,
            121
          ],
          [
            -121.816821,
            37.184628,
            121.2
          ],
          [
            -121.816775,
            37.184547,
            121.4
          ],
          [
            -121.816702,
            37.184428,
            121.6
          ],
          [
            -121.816546,
            37.184147,
            122.2
          ],
          [
            -121.816346,
            37.183736,
            121.8
          ],
          [
            -121.816206,
            37.183414,
            121.2
          ],
          [
            -121.816115,
            37.1831,
            121.2
          ],
          [
            -121.816115,
            37.183048,
            121.2
          ],
          [
            -121.81613,
            37.182829,
            121.2
          ],
          [
            -121.816202,
            37.18233,
            120.6
          ],
          [
            -121.816227,
            37.182154,
            120.4
          ],
          [
            -121.816233,
            37.182095,
            120.4
          ],
          [
            -121.816236,
            37.181982,
            120.2
          ],
          [
            -121.816201,
            37.181549,
            120.2
          ],
          [
            -121.816168,
            37.181235,
            120.6
          ],
          [
            -121.81617,
            37.181035,
            121
          ],
          [
            -121.816178,
            37.180942,
            121.6
          ],
          [
            -121.816183,
            37.180897,
            121.6
          ],
          [
            -121.81623,
            37.180646,
            122.8
          ],
          [
            -121.816238,
            37.180605,
            122.8
          ],
          [
            -121.816332,
            37.18033,
            123.6
          ],
          [
            -121.816351,
            37.180296,
            123.8
          ],
          [
            -121.816485,
            37.18011,
            124.4
          ],
          [
            -121.816543,
            37.180054,
            124.8
          ],
          [
            -121.816668,
            37.179939,
            125.6
          ],
          [
            -121.81673,
            37.179901,
            126
          ],
          [
            -121.816999,
            37.179755,
            127
          ],
          [
            -121.817313,
            37.179654,
            128.2
          ],
          [
            -121.817351,
            37.179647,
            128.4
          ],
          [
            -121.81752,
            37.179613,
            129.2
          ],
          [
            -121.817557,
            37.179609,
            129.4
          ],
          [
            -121.81782,
            37.179564,
            130.2
          ],
          [
            -121.817896,
            37.179557,
            130.6
          ],
          [
            -121.818033,
            37.179533,
            131.4
          ],
          [
            -121.81815,
            37.179511,
            131.8
          ],
          [
            -121.818338,
            37.17946,
            132.6
          ],
          [
            -121.818456,
            37.179417,
            132.8
          ],
          [
            -121.818765,
            37.179293,
            133.2
          ],
          [
            -121.819104,
            37.179122,
            133.2
          ],
          [
            -121.819553,
            37.178909,
            133.4
          ],
          [
            -121.819744,
            37.178811,
            133.6
          ],
          [
            -121.819893,
            37.178744,
            133.6
          ],
          [
            -121.820329,
            37.178516,
            134.2
          ],
          [
            -121.820719,
            37.178297,
            134.4
          ],
          [
            -121.820904,
            37.178177,
            134.6
          ],
          [
            -121.821032,
            37.17807,
            134.6
          ],
          [
            -121.821152,
            37.177961,
            134.4
          ],
          [
            -121.82128,
            37.177795,
            134.4
          ],
          [
            -121.821471,
            37.177503,
            134.4
          ],
          [
            -121.821669,
            37.17718,
            134.6
          ],
          [
            -121.821913,
            37.176809,
            134.4
          ],
          [
            -121.822241,
            37.176483,
            134.8
          ],
          [
            -121.822662,
            37.176155,
            135.2
          ],
          [
            -121.823007,
            37.175835,
            135.4
          ],
          [
            -121.823251,
            37.175588,
            135.6
          ],
          [
            -121.823339,
            37.175508,
            135.8
          ],
          [
            -121.823782,
            37.175126,
            136.2
          ],
          [
            -121.824086,
            37.174845,
            136.8
          ],
          [
            -121.824177,
            37.174767,
            136.8
          ],
          [
            -121.824497,
            37.174452,
            137.4
          ],
          [
            -121.824605,
            37.174343,
            137.8
          ],
          [
            -121.824666,
            37.174254,
            138.6
          ],
          [
            -121.824727,
            37.174222,
            138.8
          ],
          [
            -121.824768,
            37.174231,
            138.8
          ],
          [
            -121.824799,
            37.174251,
            138.8
          ],
          [
            -121.824822,
            37.174273,
            138.8
          ],
          [
            -121.824861,
            37.174319,
            139
          ],
          [
            -121.82488,
            37.174338,
            139.2
          ],
          [
            -121.824837,
            37.174353,
            139.4
          ],
          [
            -121.824828,
            37.174347,
            139.4
          ],
          [
            -121.824817,
            37.17433,
            139.2
          ],
          [
            -121.824817,
            37.17433,
            139.2
          ],
          [
            -121.824815,
            37.174322,
            139
          ],
          [
            -121.824817,
            37.17433,
            139
          ],
          [
            -121.824817,
            37.17433,
            139.2
          ],
          [
            -121.824802,
            37.174314,
            139.2
          ],
          [
            -121.824794,
            37.174317,
            139.2
          ],
          [
            -121.824794,
            37.174317,
            139.2
          ],
          [
            -121.824794,
            37.174317,
            139.2
          ],
          [
            -121.824794,
            37.174317,
            139.2
          ],
          [
            -121.824792,
            37.174334,
            139.2
          ],
          [
            -121.824792,
            37.174334,
            139.2
          ],
          [
            -121.824792,
            37.174334,
            139.2
          ],
          [
            -121.824796,
            37.174331,
            139.2
          ],
          [
            -121.824811,
            37.174328,
            139.2
          ],
          [
            -121.82481,
            37.174331,
            139.2
          ],
          [
            -121.82481,
            37.174331,
            139.2
          ],
          [
            -121.824811,
            37.174332,
            139.2
          ],
          [
            -121.824815,
            37.174334,
            139.2
          ],
          [
            -121.824814,
            37.174334,
            139.2
          ],
          [
            -121.824815,
            37.174333,
            139.2
          ],
          [
            -121.82484,
            37.174355,
            139.2
          ],
          [
            -121.824851,
            37.174377,
            139
          ],
          [
            -121.824822,
            37.174359,
            138.8
          ],
          [
            -121.82482,
            37.174358,
            138.8
          ],
          [
            -121.824805,
            37.174344,
            138.6
          ],
          [
            -121.824823,
            37.174315,
            139
          ],
          [
            -121.824837,
            37.174303,
            139
          ],
          [
            -121.824847,
            37.174296,
            139
          ],
          [
            -121.824921,
            37.174218,
            138.8
          ],
          [
            -121.82497,
            37.174175,
            138.8
          ],
          [
            -121.825021,
            37.174138,
            138.8
          ],
          [
            -121.825126,
            37.174042,
            139
          ],
          [
            -121.825272,
            37.173999,
            139.2
          ],
          [
            -121.825376,
            37.174009,
            139.6
          ],
          [
            -121.825398,
            37.174,
            140
          ],
          [
            -121.825398,
            37.174,
            140.2
          ],
          [
            -121.825398,
            37.174,
            140.2
          ],
          [
            -121.825399,
            37.173995,
            140.2
          ],
          [
            -121.825403,
            37.173995,
            140.2
          ],
          [
            -121.825441,
            37.174,
            140.2
          ],
          [
            -121.825563,
            37.174,
            141
          ],
          [
            -121.825584,
            37.173994,
            141.2
          ],
          [
            -121.825673,
            37.17398,
            142.2
          ],
          [
            -121.825694,
            37.173975,
            142.2
          ],
          [
            -121.825768,
            37.17396,
            143
          ],
          [
            -121.825804,
            37.173954,
            143.4
          ],
          [
            -121.82592,
            37.173948,
            144.4
          ],
          [
            -121.825939,
            37.173948,
            144.6
          ],
          [
            -121.826043,
            37.173938,
            145.4
          ],
          [
            -121.82609,
            37.173941,
            145.8
          ],
          [
            -121.826099,
            37.173946,
            146.4
          ],
          [
            -121.8261,
            37.173945,
            146.4
          ],
          [
            -121.8261,
            37.173944,
            146.4
          ],
          [
            -121.826114,
            37.173931,
            146.2
          ],
          [
            -121.826198,
            37.173936,
            146.4
          ],
          [
            -121.826223,
            37.17394,
            146.6
          ],
          [
            -121.826297,
            37.173955,
            147.2
          ],
          [
            -121.826319,
            37.173959,
            147.6
          ],
          [
            -121.826439,
            37.173996,
            148.4
          ],
          [
            -121.826458,
            37.174006,
            148.6
          ],
          [
            -121.826585,
            37.17409,
            149.8
          ],
          [
            -121.82667,
            37.174158,
            151
          ],
          [
            -121.826715,
            37.174195,
            151.6
          ],
          [
            -121.826761,
            37.174223,
            152
          ],
          [
            -121.826834,
            37.174256,
            152.8
          ],
          [
            -121.826874,
            37.174267,
            153.2
          ],
          [
            -121.826948,
            37.174281,
            153.8
          ],
          [
            -121.826996,
            37.174291,
            154.4
          ],
          [
            -121.827103,
            37.174328,
            155.4
          ],
          [
            -121.82716,
            37.174346,
            155.8
          ],
          [
            -121.827254,
            37.17436,
            156.4
          ],
          [
            -121.827295,
            37.174358,
            156.6
          ],
          [
            -121.827421,
            37.174355,
            157.8
          ],
          [
            -121.827441,
            37.174358,
            157.8
          ],
          [
            -121.82757,
            37.174384,
            158.8
          ],
          [
            -121.827587,
            37.174391,
            158.8
          ],
          [
            -121.827727,
            37.174413,
            159.8
          ],
          [
            -121.827798,
            37.174444,
            160.4
          ],
          [
            -121.827814,
            37.174471,
            160.8
          ],
          [
            -121.827823,
            37.174505,
            161
          ],
          [
            -121.827824,
            37.174564,
            162.2
          ],
          [
            -121.82776,
            37.174625,
            163.2
          ],
          [
            -121.827719,
            37.174638,
            163.8
          ],
          [
            -121.827698,
            37.174635,
            164.2
          ],
          [
            -121.827682,
            37.174627,
            164.4
          ],
          [
            -121.827634,
            37.174607,
            165
          ],
          [
            -121.827604,
            37.17458,
            165.2
          ],
          [
            -121.827597,
            37.174565,
            165.4
          ],
          [
            -121.827574,
            37.174545,
            165.8
          ],
          [
            -121.82752,
            37.174516,
            166.6
          ],
          [
            -121.827478,
            37.174509,
            167
          ],
          [
            -121.827385,
            37.174516,
            167.6
          ],
          [
            -121.827334,
            37.174519,
            167.8
          ],
          [
            -121.827242,
            37.174526,
            168.6
          ],
          [
            -121.82723,
            37.174529,
            168.8
          ],
          [
            -121.827126,
            37.17454,
            169.6
          ],
          [
            -121.827112,
            37.17454,
            169.6
          ],
          [
            -121.826999,
            37.17454,
            170.6
          ],
          [
            -121.826987,
            37.174541,
            170.6
          ],
          [
            -121.826886,
            37.174563,
            171.6
          ],
          [
            -121.826869,
            37.174563,
            171.6
          ],
          [
            -121.826758,
            37.174564,
            172.8
          ],
          [
            -121.826745,
            37.174565,
            172.8
          ],
          [
            -121.826613,
            37.174552,
            173.8
          ],
          [
            -121.826524,
            37.174545,
            174.4
          ],
          [
            -121.826468,
            37.174544,
            174.8
          ],
          [
            -121.826368,
            37.174546,
            175.6
          ],
          [
            -121.826312,
            37.174576,
            176
          ],
          [
            -121.826283,
            37.174596,
            176.2
          ],
          [
            -121.826196,
            37.174664,
            177
          ],
          [
            -121.826184,
            37.174678,
            177.2
          ],
          [
            -121.826135,
            37.174749,
            178
          ],
          [
            -121.826127,
            37.174758,
            178
          ],
          [
            -121.826068,
            37.174823,
            178.8
          ],
          [
            -121.826051,
            37.174846,
            179.2
          ],
          [
            -121.826029,
            37.174888,
            179.8
          ],
          [
            -121.826027,
            37.174933,
            180.4
          ],
          [
            -121.826028,
            37.174982,
            181
          ],
          [
            -121.826035,
            37.174993,
            181.2
          ],
          [
            -121.826046,
            37.175024,
            181.4
          ],
          [
            -121.826057,
            37.175065,
            181.8
          ],
          [
            -121.826091,
            37.175139,
            182.6
          ],
          [
            -121.826116,
            37.175178,
            182.8
          ],
          [
            -121.826162,
            37.175249,
            183.6
          ],
          [
            -121.826178,
            37.175289,
            184.2
          ],
          [
            -121.826165,
            37.17532,
            184.4
          ],
          [
            -121.826144,
            37.175345,
            184.6
          ],
          [
            -121.826134,
            37.175354,
            184.8
          ],
          [
            -121.826076,
            37.175405,
            185.8
          ],
          [
            -121.826057,
            37.175427,
            186.2
          ],
          [
            -121.826016,
            37.175469,
            186.8
          ],
          [
            -121.826007,
            37.175484,
            187
          ],
          [
            -121.825946,
            37.175529,
            188
          ],
          [
            -121.825869,
            37.175615,
            188.6
          ],
          [
            -121.82584,
            37.175635,
            189
          ],
          [
            -121.825789,
            37.175666,
            189.2
          ],
          [
            -121.82572,
            37.175721,
            190
          ],
          [
            -121.825661,
            37.175779,
            191
          ],
          [
            -121.825653,
            37.17579,
            191.4
          ],
          [
            -121.825626,
            37.175858,
            192.2
          ],
          [
            -121.825627,
            37.175871,
            192.4
          ],
          [
            -121.825666,
            37.175948,
            193.4
          ],
          [
            -121.825734,
            37.175998,
            194
          ],
          [
            -121.825789,
            37.176024,
            194.4
          ],
          [
            -121.825817,
            37.176033,
            194.6
          ],
          [
            -121.825907,
            37.176073,
            195.4
          ],
          [
            -121.825923,
            37.176076,
            195.6
          ],
          [
            -121.82602,
            37.17609,
            196.6
          ],
          [
            -121.82603,
            37.176094,
            196.6
          ],
          [
            -121.826097,
            37.176098,
            197.4
          ],
          [
            -121.826113,
            37.176097,
            197.8
          ],
          [
            -121.826143,
            37.176102,
            197.8
          ],
          [
            -121.826191,
            37.176111,
            198.2
          ],
          [
            -121.826279,
            37.17614,
            198.8
          ],
          [
            -121.826312,
            37.176147,
            199
          ],
          [
            -121.826406,
            37.1762,
            200
          ],
          [
            -121.826421,
            37.176202,
            201
          ],
          [
            -121.826423,
            37.176201,
            201
          ],
          [
            -121.826417,
            37.176196,
            201.2
          ],
          [
            -121.826402,
            37.176205,
            201.2
          ],
          [
            -121.826425,
            37.176226,
            201.2
          ],
          [
            -121.826422,
            37.176273,
            201.4
          ],
          [
            -121.826422,
            37.176273,
            201.4
          ],
          [
            -121.826422,
            37.176273,
            201.6
          ],
          [
            -121.826422,
            37.176273,
            201.6
          ],
          [
            -121.826419,
            37.176275,
            201.6
          ],
          [
            -121.826417,
            37.176273,
            201.6
          ],
          [
            -121.826437,
            37.1763,
            201.4
          ],
          [
            -121.826503,
            37.176353,
            201.8
          ],
          [
            -121.826522,
            37.176388,
            202.2
          ],
          [
            -121.826543,
            37.176471,
            202.8
          ],
          [
            -121.826548,
            37.176514,
            203.2
          ],
          [
            -121.82655,
            37.176589,
            204.4
          ],
          [
            -121.826549,
            37.176667,
            205.4
          ],
          [
            -121.826566,
            37.176713,
            205.8
          ],
          [
            -121.826599,
            37.176765,
            206.6
          ],
          [
            -121.826633,
            37.176809,
            206.8
          ],
          [
            -121.826667,
            37.176825,
            207.2
          ],
          [
            -121.826755,
            37.176862,
            207.8
          ],
          [
            -121.826814,
            37.176892,
            208
          ],
          [
            -121.826886,
            37.176954,
            208.8
          ],
          [
            -121.826914,
            37.176985,
            209.4
          ],
          [
            -121.826957,
            37.177015,
            209.8
          ],
          [
            -121.826992,
            37.177053,
            210.4
          ],
          [
            -121.827031,
            37.177096,
            210.8
          ],
          [
            -121.827073,
            37.177121,
            211.2
          ],
          [
            -121.827131,
            37.17718,
            212
          ],
          [
            -121.82714,
            37.177196,
            212.2
          ],
          [
            -121.82719,
            37.177309,
            212.8
          ],
          [
            -121.827208,
            37.177337,
            213
          ],
          [
            -121.827247,
            37.177409,
            213.8
          ],
          [
            -121.827258,
            37.177421,
            214
          ],
          [
            -121.827298,
            37.177481,
            215
          ],
          [
            -121.827303,
            37.177495,
            215.2
          ],
          [
            -121.827356,
            37.177587,
            216.2
          ],
          [
            -121.827408,
            37.177665,
            217
          ],
          [
            -121.827429,
            37.177689,
            217.2
          ],
          [
            -121.827471,
            37.17774,
            217.6
          ],
          [
            -121.827536,
            37.177799,
            218.2
          ],
          [
            -121.827559,
            37.177814,
            218.4
          ],
          [
            -121.82763,
            37.177874,
            219.4
          ],
          [
            -121.827654,
            37.177889,
            219.6
          ],
          [
            -121.827734,
            37.177928,
            220.4
          ],
          [
            -121.82777,
            37.177941,
            220.8
          ],
          [
            -121.827851,
            37.177994,
            221.2
          ],
          [
            -121.82787,
            37.178015,
            221.6
          ],
          [
            -121.827911,
            37.178048,
            222
          ],
          [
            -121.827943,
            37.178075,
            222.6
          ],
          [
            -121.827987,
            37.178098,
            223.2
          ],
          [
            -121.828087,
            37.178135,
            223.8
          ],
          [
            -121.828177,
            37.178169,
            224.4
          ],
          [
            -121.82825,
            37.178187,
            224.8
          ],
          [
            -121.828294,
            37.178199,
            225.2
          ],
          [
            -121.828381,
            37.178215,
            225.6
          ],
          [
            -121.828408,
            37.178224,
            225.8
          ],
          [
            -121.828463,
            37.178232,
            226.4
          ],
          [
            -121.828542,
            37.178253,
            227
          ],
          [
            -121.828579,
            37.178259,
            227.2
          ],
          [
            -121.828684,
            37.178281,
            228
          ],
          [
            -121.8287,
            37.17829,
            228.2
          ],
          [
            -121.828815,
            37.178321,
            229
          ],
          [
            -121.82883,
            37.178329,
            229.4
          ],
          [
            -121.828909,
            37.178361,
            230
          ],
          [
            -121.82896,
            37.178374,
            230.4
          ],
          [
            -121.828998,
            37.178383,
            230.8
          ],
          [
            -121.829064,
            37.178411,
            231.4
          ],
          [
            -121.829088,
            37.178429,
            231.6
          ],
          [
            -121.829167,
            37.178457,
            232.4
          ],
          [
            -121.829187,
            37.178451,
            232.6
          ],
          [
            -121.829283,
            37.17847,
            233.2
          ],
          [
            -121.829294,
            37.178469,
            233.4
          ],
          [
            -121.829304,
            37.178473,
            233.4
          ],
          [
            -121.829326,
            37.178476,
            233.8
          ],
          [
            -121.82934,
            37.178478,
            233.8
          ],
          [
            -121.829396,
            37.178498,
            234.4
          ],
          [
            -121.829447,
            37.178499,
            234.8
          ],
          [
            -121.829561,
            37.178472,
            235.6
          ],
          [
            -121.829672,
            37.178471,
            236.4
          ],
          [
            -121.829732,
            37.178501,
            236.8
          ],
          [
            -121.829762,
            37.17852,
            236.8
          ],
          [
            -121.829824,
            37.178586,
            237.8
          ],
          [
            -121.829888,
            37.178661,
            238.8
          ],
          [
            -121.829899,
            37.178671,
            239
          ],
          [
            -121.829974,
            37.178725,
            240
          ],
          [
            -121.830066,
            37.178799,
            241
          ],
          [
            -121.830095,
            37.178813,
            241.4
          ],
          [
            -121.830134,
            37.178846,
            241.6
          ],
          [
            -121.830157,
            37.178946,
            241.8
          ],
          [
            -121.830117,
            37.179006,
            242.2
          ],
          [
            -121.83009,
            37.179029,
            242.2
          ],
          [
            -121.829994,
            37.179068,
            242.8
          ],
          [
            -121.829955,
            37.179077,
            243.2
          ],
          [
            -121.829883,
            37.179083,
            243.8
          ],
          [
            -121.829817,
            37.179088,
            244
          ],
          [
            -121.829738,
            37.179118,
            244
          ],
          [
            -121.829597,
            37.179246,
            244
          ],
          [
            -121.829546,
            37.179296,
            244.2
          ],
          [
            -121.829492,
            37.179372,
            244.2
          ],
          [
            -121.829425,
            37.179527,
            245
          ],
          [
            -121.829431,
            37.179552,
            245.4
          ],
          [
            -121.829463,
            37.179636,
            246
          ],
          [
            -121.829477,
            37.179655,
            246.4
          ],
          [
            -121.829554,
            37.179716,
            247.4
          ],
          [
            -121.829568,
            37.179722,
            247.4
          ],
          [
            -121.829697,
            37.179743,
            248.2
          ],
          [
            -121.829719,
            37.179742,
            248.4
          ],
          [
            -121.829738,
            37.179742,
            248.4
          ],
          [
            -121.829835,
            37.179753,
            249.4
          ],
          [
            -121.82985,
            37.179755,
            249.6
          ],
          [
            -121.829953,
            37.17976,
            250.6
          ],
          [
            -121.829973,
            37.17976,
            250.8
          ],
          [
            -121.830071,
            37.179776,
            251.6
          ],
          [
            -121.830087,
            37.17978,
            251.8
          ],
          [
            -121.830235,
            37.179823,
            252.8
          ],
          [
            -121.830265,
            37.179829,
            253.2
          ],
          [
            -121.830313,
            37.179837,
            254
          ],
          [
            -121.830383,
            37.179859,
            254.6
          ],
          [
            -121.830447,
            37.179889,
            255
          ],
          [
            -121.830495,
            37.179904,
            255.4
          ],
          [
            -121.830614,
            37.179966,
            256.4
          ],
          [
            -121.830629,
            37.179978,
            256.6
          ],
          [
            -121.830664,
            37.18008,
            257.4
          ],
          [
            -121.830659,
            37.180095,
            257.4
          ],
          [
            -121.830641,
            37.180167,
            258.2
          ],
          [
            -121.830642,
            37.180182,
            258.4
          ],
          [
            -121.830629,
            37.180247,
            259
          ],
          [
            -121.830612,
            37.180314,
            259.4
          ],
          [
            -121.830617,
            37.180342,
            259.8
          ],
          [
            -121.830636,
            37.180428,
            260.6
          ],
          [
            -121.830643,
            37.180443,
            260.6
          ],
          [
            -121.830707,
            37.180492,
            261.6
          ],
          [
            -121.830741,
            37.18051,
            262
          ],
          [
            -121.830822,
            37.180525,
            262.8
          ],
          [
            -121.830858,
            37.180525,
            263.2
          ],
          [
            -121.830938,
            37.180512,
            263.8
          ],
          [
            -121.830958,
            37.180507,
            264
          ],
          [
            -121.831061,
            37.180485,
            264.8
          ],
          [
            -121.831173,
            37.180464,
            265.6
          ],
          [
            -121.831184,
            37.180462,
            265.8
          ],
          [
            -121.831234,
            37.180448,
            266.2
          ],
          [
            -121.831317,
            37.180424,
            267
          ],
          [
            -121.831411,
            37.180423,
            267.6
          ],
          [
            -121.831436,
            37.180421,
            268
          ],
          [
            -121.831482,
            37.180419,
            268.6
          ],
          [
            -121.831554,
            37.180418,
            269
          ],
          [
            -121.831578,
            37.180416,
            269.2
          ],
          [
            -121.831638,
            37.180449,
            269.8
          ],
          [
            -121.831668,
            37.180463,
            270.2
          ],
          [
            -121.831717,
            37.18049,
            270.6
          ],
          [
            -121.831788,
            37.180533,
            271.2
          ],
          [
            -121.831798,
            37.180539,
            271.4
          ],
          [
            -121.83188,
            37.180586,
            272.2
          ],
          [
            -121.83192,
            37.180603,
            272.4
          ],
          [
            -121.831971,
            37.180621,
            272.6
          ],
          [
            -121.832029,
            37.180657,
            273.4
          ],
          [
            -121.832066,
            37.180667,
            273.6
          ],
          [
            -121.832151,
            37.180696,
            274.4
          ],
          [
            -121.832228,
            37.180751,
            275.6
          ],
          [
            -121.832241,
            37.18076,
            275.6
          ],
          [
            -121.832326,
            37.180788,
            276.6
          ],
          [
            -121.832338,
            37.180795,
            276.6
          ],
          [
            -121.832424,
            37.180835,
            277.2
          ],
          [
            -121.832492,
            37.180876,
            277.8
          ],
          [
            -121.832489,
            37.180904,
            277.8
          ],
          [
            -121.832442,
            37.180974,
            278.4
          ],
          [
            -121.832419,
            37.181008,
            278.8
          ],
          [
            -121.832371,
            37.181065,
            279.8
          ],
          [
            -121.832362,
            37.181074,
            280
          ],
          [
            -121.832313,
            37.181111,
            280.6
          ],
          [
            -121.832287,
            37.18114,
            281
          ],
          [
            -121.832283,
            37.181188,
            281.8
          ],
          [
            -121.832285,
            37.181234,
            282.2
          ],
          [
            -121.832291,
            37.181268,
            282.4
          ],
          [
            -121.832316,
            37.181331,
            283.2
          ],
          [
            -121.832362,
            37.181385,
            283.8
          ],
          [
            -121.832404,
            37.181414,
            284.4
          ],
          [
            -121.83244,
            37.181427,
            284.6
          ],
          [
            -121.832507,
            37.181441,
            285.4
          ],
          [
            -121.832534,
            37.181443,
            285.6
          ],
          [
            -121.832628,
            37.181465,
            286.4
          ],
          [
            -121.832656,
            37.181474,
            286.6
          ],
          [
            -121.832716,
            37.181496,
            287
          ],
          [
            -121.832759,
            37.18157,
            287.6
          ],
          [
            -121.83273,
            37.181636,
            288.4
          ],
          [
            -121.832709,
            37.181664,
            288.6
          ],
          [
            -121.832686,
            37.18172,
            289.2
          ],
          [
            -121.832657,
            37.181768,
            289.8
          ],
          [
            -121.832654,
            37.181788,
            289.8
          ],
          [
            -121.832637,
            37.181869,
            290.8
          ],
          [
            -121.83261,
            37.181951,
            291.6
          ],
          [
            -121.832603,
            37.181971,
            291.8
          ],
          [
            -121.832562,
            37.18203,
            292.2
          ],
          [
            -121.832517,
            37.182087,
            292.8
          ],
          [
            -121.832497,
            37.182105,
            293.2
          ],
          [
            -121.832456,
            37.182176,
            294
          ],
          [
            -121.83245,
            37.182198,
            294.2
          ],
          [
            -121.832448,
            37.182284,
            295
          ],
          [
            -121.832447,
            37.182299,
            295.2
          ],
          [
            -121.832478,
            37.182389,
            295.6
          ],
          [
            -121.832488,
            37.182453,
            296.2
          ],
          [
            -121.832496,
            37.18252,
            296.8
          ],
          [
            -121.832499,
            37.182574,
            297.4
          ],
          [
            -121.83249,
            37.18264,
            298.2
          ],
          [
            -121.832493,
            37.182678,
            298.4
          ],
          [
            -121.832494,
            37.182744,
            299
          ],
          [
            -121.832508,
            37.182802,
            299.6
          ],
          [
            -121.832525,
            37.182841,
            300
          ],
          [
            -121.832588,
            37.182896,
            300.6
          ],
          [
            -121.832605,
            37.182901,
            300.6
          ],
          [
            -121.832688,
            37.182931,
            301.2
          ],
          [
            -121.832715,
            37.182927,
            301.4
          ],
          [
            -121.832743,
            37.18292,
            301.8
          ],
          [
            -121.832817,
            37.182899,
            302.4
          ],
          [
            -121.832856,
            37.182896,
            302.8
          ],
          [
            -121.832878,
            37.182888,
            303.4
          ],
          [
            -121.832883,
            37.182889,
            303.8
          ],
          [
            -121.832909,
            37.182882,
            304
          ],
          [
            -121.832926,
            37.182877,
            304
          ],
          [
            -121.832937,
            37.182874,
            304
          ],
          [
            -121.832969,
            37.182865,
            304.4
          ],
          [
            -121.832976,
            37.182861,
            304.4
          ],
          [
            -121.832986,
            37.182856,
            304.6
          ],
          [
            -121.83299,
            37.182851,
            304.6
          ],
          [
            -121.833,
            37.182846,
            304.6
          ],
          [
            -121.833032,
            37.182833,
            305
          ],
          [
            -121.833054,
            37.182813,
            305.4
          ],
          [
            -121.83309,
            37.18278,
            306
          ],
          [
            -121.83309,
            37.18278,
            306.2
          ],
          [
            -121.83309,
            37.18278,
            306.2
          ],
          [
            -121.833097,
            37.182776,
            306.2
          ],
          [
            -121.833099,
            37.182776,
            306.2
          ],
          [
            -121.833099,
            37.182777,
            306.2
          ],
          [
            -121.8331,
            37.182777,
            306.2
          ],
          [
            -121.833089,
            37.182724,
            306
          ],
          [
            -121.833043,
            37.182643,
            306.6
          ],
          [
            -121.83302,
            37.182577,
            307.2
          ],
          [
            -121.833007,
            37.182551,
            307.4
          ],
          [
            -121.832977,
            37.182477,
            308.2
          ],
          [
            -121.832969,
            37.182435,
            308.6
          ],
          [
            -121.832991,
            37.182354,
            309.4
          ],
          [
            -121.833004,
            37.18234,
            309.6
          ],
          [
            -121.833084,
            37.182277,
            310.6
          ],
          [
            -121.833121,
            37.182258,
            311.2
          ],
          [
            -121.833172,
            37.182229,
            311.8
          ],
          [
            -121.833216,
            37.182202,
            312.4
          ],
          [
            -121.833278,
            37.182155,
            313.2
          ],
          [
            -121.833313,
            37.182131,
            313.4
          ],
          [
            -121.833341,
            37.182108,
            313.8
          ],
          [
            -121.833361,
            37.182081,
            314
          ],
          [
            -121.83337,
            37.18207,
            314.2
          ],
          [
            -121.833405,
            37.182031,
            314.6
          ],
          [
            -121.833461,
            37.181993,
            315.4
          ],
          [
            -121.833488,
            37.181978,
            315.6
          ],
          [
            -121.833593,
            37.181952,
            316.4
          ],
          [
            -121.833715,
            37.181955,
            317.4
          ],
          [
            -121.833735,
            37.18196,
            317.6
          ],
          [
            -121.833842,
            37.181989,
            318.4
          ],
          [
            -121.833886,
            37.181987,
            318.8
          ],
          [
            -121.833956,
            37.181958,
            319.4
          ],
          [
            -121.833985,
            37.18194,
            319.8
          ],
          [
            -121.834037,
            37.181873,
            320.6
          ],
          [
            -121.834042,
            37.181843,
            321
          ],
          [
            -121.834052,
            37.181786,
            321.6
          ],
          [
            -121.834037,
            37.18176,
            322
          ],
          [
            -121.834029,
            37.181746,
            322
          ],
          [
            -121.83402,
            37.181641,
            323
          ],
          [
            -121.834033,
            37.181541,
            324
          ],
          [
            -121.834038,
            37.181506,
            324.2
          ],
          [
            -121.834057,
            37.181433,
            325
          ],
          [
            -121.834076,
            37.181411,
            325.2
          ],
          [
            -121.834092,
            37.18135,
            326
          ],
          [
            -121.834105,
            37.181336,
            326.2
          ],
          [
            -121.834134,
            37.181278,
            326.8
          ],
          [
            -121.834156,
            37.181221,
            327.4
          ],
          [
            -121.834162,
            37.181188,
            327.8
          ],
          [
            -121.834161,
            37.181098,
            328.6
          ],
          [
            -121.834161,
            37.181084,
            328.8
          ],
          [
            -121.834192,
            37.180995,
            329.6
          ],
          [
            -121.834201,
            37.180981,
            329.6
          ],
          [
            -121.834273,
            37.180904,
            330.2
          ],
          [
            -121.834311,
            37.180848,
            330.8
          ],
          [
            -121.83434,
            37.180811,
            331.2
          ],
          [
            -121.834371,
            37.180775,
            332
          ],
          [
            -121.834391,
            37.180745,
            332.2
          ],
          [
            -121.834457,
            37.180699,
            333
          ],
          [
            -121.83449,
            37.18069,
            333
          ],
          [
            -121.834572,
            37.180666,
            333.8
          ],
          [
            -121.834613,
            37.180666,
            334
          ],
          [
            -121.834709,
            37.18066,
            335.4
          ],
          [
            -121.834833,
            37.180599,
            336.8
          ],
          [
            -121.834899,
            37.180517,
            337.8
          ],
          [
            -121.834962,
            37.180432,
            338.8
          ],
          [
            -121.835002,
            37.180312,
            339.8
          ],
          [
            -121.835019,
            37.180284,
            340
          ],
          [
            -121.835087,
            37.180235,
            340.6
          ],
          [
            -121.835164,
            37.180218,
            341
          ],
          [
            -121.835201,
            37.180219,
            341.2
          ],
          [
            -121.83529,
            37.180212,
            342.2
          ],
          [
            -121.835303,
            37.180207,
            342.4
          ],
          [
            -121.835374,
            37.180197,
            343.2
          ],
          [
            -121.835426,
            37.180187,
            343.8
          ],
          [
            -121.835527,
            37.180134,
            344.4
          ],
          [
            -121.835539,
            37.180128,
            344.6
          ],
          [
            -121.835627,
            37.180096,
            345.4
          ],
          [
            -121.835713,
            37.180076,
            346
          ],
          [
            -121.835733,
            37.180075,
            346.2
          ],
          [
            -121.83575,
            37.180074,
            346.4
          ],
          [
            -121.835852,
            37.180089,
            347.6
          ],
          [
            -121.835867,
            37.180096,
            347.6
          ],
          [
            -121.835972,
            37.180117,
            348.2
          ],
          [
            -121.836018,
            37.180136,
            348.6
          ],
          [
            -121.836067,
            37.180161,
            349
          ],
          [
            -121.836109,
            37.180192,
            349.6
          ],
          [
            -121.836149,
            37.180218,
            350.2
          ],
          [
            -121.836216,
            37.18025,
            350.8
          ],
          [
            -121.836236,
            37.180252,
            350.8
          ],
          [
            -121.836332,
            37.18026,
            351.2
          ],
          [
            -121.836403,
            37.180257,
            351.8
          ],
          [
            -121.836422,
            37.180253,
            352
          ],
          [
            -121.836515,
            37.180249,
            353
          ],
          [
            -121.83657,
            37.180254,
            353.2
          ],
          [
            -121.836711,
            37.180283,
            353.8
          ],
          [
            -121.836741,
            37.180293,
            354
          ],
          [
            -121.836805,
            37.180353,
            354.6
          ],
          [
            -121.836829,
            37.18039,
            355
          ],
          [
            -121.836847,
            37.180433,
            355.8
          ],
          [
            -121.836859,
            37.180493,
            356.4
          ],
          [
            -121.836868,
            37.18055,
            356.8
          ],
          [
            -121.836847,
            37.180665,
            357.2
          ],
          [
            -121.836842,
            37.180693,
            357.4
          ],
          [
            -121.836822,
            37.180758,
            358.2
          ],
          [
            -121.836817,
            37.18077,
            358.4
          ],
          [
            -121.836797,
            37.180828,
            359.2
          ],
          [
            -121.836799,
            37.180849,
            359.6
          ],
          [
            -121.836796,
            37.180911,
            360.2
          ],
          [
            -121.836782,
            37.180965,
            360.6
          ],
          [
            -121.836779,
            37.180987,
            360.8
          ],
          [
            -121.83681,
            37.18105,
            361.4
          ],
          [
            -121.836815,
            37.18106,
            361.6
          ],
          [
            -121.836851,
            37.181111,
            362
          ],
          [
            -121.83688,
            37.181158,
            362.6
          ],
          [
            -121.836911,
            37.181181,
            363
          ],
          [
            -121.836979,
            37.181214,
            363.6
          ],
          [
            -121.83699,
            37.181221,
            363.8
          ],
          [
            -121.837069,
            37.181215,
            364.6
          ],
          [
            -121.837108,
            37.181198,
            364.8
          ],
          [
            -121.837152,
            37.181181,
            365.2
          ],
          [
            -121.837187,
            37.181165,
            365.8
          ],
          [
            -121.837214,
            37.18115,
            366.2
          ],
          [
            -121.837234,
            37.181147,
            366.6
          ],
          [
            -121.837248,
            37.181137,
            366.8
          ],
          [
            -121.837289,
            37.181103,
            367.4
          ],
          [
            -121.837322,
            37.181082,
            367.8
          ],
          [
            -121.837349,
            37.181078,
            368
          ],
          [
            -121.837402,
            37.181062,
            368.6
          ],
          [
            -121.83744,
            37.181052,
            369
          ],
          [
            -121.837491,
            37.181022,
            369.4
          ],
          [
            -121.837558,
            37.181005,
            370
          ],
          [
            -121.837669,
            37.180999,
            370.4
          ],
          [
            -121.837744,
            37.180985,
            371.2
          ],
          [
            -121.837785,
            37.180966,
            371.6
          ],
          [
            -121.837827,
            37.180948,
            372.2
          ],
          [
            -121.837876,
            37.180915,
            372.4
          ],
          [
            -121.837942,
            37.180851,
            373.4
          ],
          [
            -121.837963,
            37.180832,
            373.6
          ],
          [
            -121.837996,
            37.180777,
            374.4
          ],
          [
            -121.838,
            37.180765,
            374.4
          ],
          [
            -121.838055,
            37.180664,
            375.4
          ],
          [
            -121.838065,
            37.180651,
            375.4
          ],
          [
            -121.838125,
            37.180573,
            376.4
          ],
          [
            -121.838172,
            37.180503,
            377.4
          ],
          [
            -121.838245,
            37.180451,
            378
          ],
          [
            -121.838297,
            37.180422,
            378.4
          ],
          [
            -121.838313,
            37.180417,
            378.6
          ],
          [
            -121.83843,
            37.180424,
            379.6
          ],
          [
            -121.83853,
            37.180469,
            380.6
          ],
          [
            -121.838548,
            37.180473,
            380.6
          ],
          [
            -121.838616,
            37.18049,
            381.2
          ],
          [
            -121.838674,
            37.180498,
            381.6
          ],
          [
            -121.838728,
            37.180502,
            382.2
          ],
          [
            -121.838827,
            37.18051,
            382.6
          ],
          [
            -121.838846,
            37.180508,
            382.8
          ],
          [
            -121.838958,
            37.180507,
            383.6
          ],
          [
            -121.83896,
            37.180501,
            383.8
          ],
          [
            -121.838963,
            37.1805,
            384
          ],
          [
            -121.838988,
            37.180504,
            384
          ],
          [
            -121.839008,
            37.180517,
            383.8
          ],
          [
            -121.838988,
            37.180507,
            383.6
          ],
          [
            -121.839028,
            37.180527,
            383.6
          ],
          [
            -121.839109,
            37.180519,
            384.2
          ],
          [
            -121.839141,
            37.18052,
            384.8
          ],
          [
            -121.839166,
            37.180526,
            385.2
          ],
          [
            -121.839175,
            37.180525,
            385.2
          ],
          [
            -121.839219,
            37.180512,
            386
          ],
          [
            -121.839236,
            37.180502,
            386
          ],
          [
            -121.839281,
            37.180475,
            386.6
          ],
          [
            -121.839317,
            37.180432,
            386.6
          ],
          [
            -121.839363,
            37.180415,
            387
          ],
          [
            -121.839415,
            37.180376,
            387.6
          ],
          [
            -121.839428,
            37.180371,
            387.6
          ],
          [
            -121.839483,
            37.180344,
            388
          ],
          [
            -121.839532,
            37.18031,
            388.2
          ],
          [
            -121.83961,
            37.180259,
            389
          ],
          [
            -121.839619,
            37.180248,
            389
          ],
          [
            -121.839728,
            37.18018,
            390.2
          ],
          [
            -121.83984,
            37.180146,
            391.4
          ],
          [
            -121.839874,
            37.180149,
            391.4
          ],
          [
            -121.839946,
            37.180162,
            392.6
          ],
          [
            -121.839965,
            37.180166,
            392.6
          ],
          [
            -121.840054,
            37.180236,
            393.8
          ],
          [
            -121.840077,
            37.180272,
            394.6
          ],
          [
            -121.84009,
            37.1803,
            394.8
          ],
          [
            -121.840099,
            37.18031,
            395
          ],
          [
            -121.840122,
            37.180332,
            395
          ],
          [
            -121.840182,
            37.180389,
            396
          ],
          [
            -121.840194,
            37.180397,
            396.2
          ],
          [
            -121.840256,
            37.180448,
            397.2
          ],
          [
            -121.840269,
            37.180457,
            397.2
          ],
          [
            -121.840357,
            37.180497,
            398.2
          ],
          [
            -121.840373,
            37.180504,
            398.4
          ],
          [
            -121.840482,
            37.180517,
            399.4
          ],
          [
            -121.840606,
            37.180506,
            400.4
          ],
          [
            -121.84069,
            37.180467,
            401.4
          ],
          [
            -121.840696,
            37.180467,
            401.4
          ],
          [
            -121.840684,
            37.180473,
            401.8
          ],
          [
            -121.840695,
            37.180452,
            401.6
          ],
          [
            -121.840728,
            37.18045,
            401.6
          ],
          [
            -121.840717,
            37.180457,
            401.4
          ],
          [
            -121.840716,
            37.180458,
            401.4
          ],
          [
            -121.840672,
            37.180471,
            401.4
          ],
          [
            -121.840654,
            37.180405,
            401.6
          ],
          [
            -121.840649,
            37.180357,
            402.2
          ],
          [
            -121.840633,
            37.180341,
            402.4
          ],
          [
            -121.840619,
            37.180329,
            402.6
          ],
          [
            -121.840612,
            37.180313,
            402.8
          ],
          [
            -121.840584,
            37.180274,
            403.4
          ],
          [
            -121.840565,
            37.180255,
            403.6
          ],
          [
            -121.840521,
            37.180203,
            404.4
          ],
          [
            -121.840507,
            37.180189,
            404.8
          ],
          [
            -121.840474,
            37.18015,
            405.2
          ],
          [
            -121.840457,
            37.180114,
            405.6
          ],
          [
            -121.840455,
            37.180101,
            405.8
          ],
          [
            -121.840434,
            37.180057,
            406.4
          ],
          [
            -121.840407,
            37.180022,
            406.6
          ],
          [
            -121.840395,
            37.179982,
            407
          ],
          [
            -121.840381,
            37.179957,
            407.2
          ],
          [
            -121.84036,
            37.179857,
            408
          ],
          [
            -121.840358,
            37.179841,
            408.4
          ],
          [
            -121.840359,
            37.179826,
            408.4
          ],
          [
            -121.840342,
            37.17974,
            409.6
          ],
          [
            -121.84032,
            37.179643,
            410.4
          ],
          [
            -121.840312,
            37.179614,
            410.6
          ],
          [
            -121.840293,
            37.179551,
            411.4
          ],
          [
            -121.840282,
            37.179521,
            411.8
          ],
          [
            -121.840236,
            37.179448,
            412.6
          ],
          [
            -121.840229,
            37.179433,
            412.8
          ],
          [
            -121.840186,
            37.179374,
            413.2
          ],
          [
            -121.840159,
            37.179329,
            413.8
          ],
          [
            -121.840113,
            37.179274,
            414.4
          ],
          [
            -121.840035,
            37.1792,
            415
          ],
          [
            -121.840024,
            37.179173,
            415.4
          ],
          [
            -121.839985,
            37.179103,
            416
          ],
          [
            -121.839974,
            37.179063,
            416.6
          ],
          [
            -121.839985,
            37.179,
            417.2
          ],
          [
            -121.840005,
            37.178974,
            417.4
          ],
          [
            -121.840068,
            37.178896,
            418.2
          ],
          [
            -121.840083,
            37.178894,
            418.2
          ],
          [
            -121.840192,
            37.178885,
            419.4
          ],
          [
            -121.840226,
            37.178883,
            419.8
          ],
          [
            -121.840266,
            37.178888,
            420.4
          ],
          [
            -121.840326,
            37.178894,
            421
          ],
          [
            -121.84036,
            37.178905,
            421.4
          ],
          [
            -121.840428,
            37.178903,
            422.2
          ],
          [
            -121.840441,
            37.178906,
            422.6
          ],
          [
            -121.840505,
            37.178897,
            423.4
          ],
          [
            -121.840519,
            37.178895,
            423.6
          ],
          [
            -121.840566,
            37.178892,
            424.6
          ],
          [
            -121.840578,
            37.178895,
            424.8
          ],
          [
            -121.840592,
            37.178896,
            424.8
          ],
          [
            -121.840654,
            37.178876,
            425.8
          ],
          [
            -121.840697,
            37.178866,
            426.4
          ],
          [
            -121.840731,
            37.178851,
            427
          ],
          [
            -121.840766,
            37.178826,
            427.4
          ],
          [
            -121.840802,
            37.178805,
            428
          ],
          [
            -121.84082,
            37.178789,
            428.2
          ],
          [
            -121.84089,
            37.178714,
            428.6
          ],
          [
            -121.840915,
            37.178661,
            429
          ],
          [
            -121.840919,
            37.178638,
            429
          ],
          [
            -121.84095,
            37.17855,
            429.8
          ],
          [
            -121.840961,
            37.178512,
            430
          ],
          [
            -121.840966,
            37.178451,
            430.6
          ],
          [
            -121.840968,
            37.178393,
            431.2
          ],
          [
            -121.840969,
            37.178372,
            431.2
          ],
          [
            -121.840963,
            37.178325,
            431.8
          ],
          [
            -121.840967,
            37.178315,
            431.8
          ],
          [
            -121.840957,
            37.17828,
            432.2
          ],
          [
            -121.840953,
            37.178234,
            432.4
          ],
          [
            -121.840932,
            37.178183,
            433
          ],
          [
            -121.840927,
            37.178163,
            433.2
          ],
          [
            -121.840914,
            37.17811,
            433.4
          ],
          [
            -121.840878,
            37.178057,
            434.2
          ],
          [
            -121.840872,
            37.178045,
            434.4
          ],
          [
            -121.84085,
            37.177979,
            435
          ],
          [
            -121.840818,
            37.177928,
            435.4
          ],
          [
            -121.840808,
            37.17792,
            435.4
          ],
          [
            -121.840779,
            37.177889,
            435.6
          ],
          [
            -121.840752,
            37.17785,
            436
          ],
          [
            -121.840737,
            37.177824,
            436.2
          ],
          [
            -121.840724,
            37.177799,
            436.4
          ],
          [
            -121.840707,
            37.177773,
            436.8
          ],
          [
            -121.840672,
            37.177709,
            437.4
          ],
          [
            -121.840666,
            37.177699,
            437.6
          ],
          [
            -121.840653,
            37.177674,
            437.8
          ],
          [
            -121.840646,
            37.177645,
            438.2
          ],
          [
            -121.840628,
            37.177613,
            438.4
          ],
          [
            -121.840626,
            37.177582,
            439
          ],
          [
            -121.84063,
            37.177556,
            439.2
          ],
          [
            -121.840651,
            37.177529,
            439.6
          ],
          [
            -121.840653,
            37.177521,
            439.6
          ],
          [
            -121.840659,
            37.177486,
            440.2
          ],
          [
            -121.840669,
            37.177469,
            440.4
          ],
          [
            -121.840681,
            37.177459,
            440.6
          ],
          [
            -121.840717,
            37.177423,
            441.2
          ],
          [
            -121.840738,
            37.177416,
            441.6
          ],
          [
            -121.840762,
            37.177407,
            441.6
          ],
          [
            -121.840774,
            37.177405,
            441.6
          ],
          [
            -121.84079,
            37.177404,
            441.8
          ],
          [
            -121.840902,
            37.1774,
            442.6
          ],
          [
            -121.840917,
            37.1774,
            442.8
          ],
          [
            -121.841022,
            37.177427,
            443.4
          ],
          [
            -121.841057,
            37.17744,
            443.8
          ],
          [
            -121.841105,
            37.177452,
            444.2
          ],
          [
            -121.841156,
            37.177466,
            444.8
          ],
          [
            -121.8412,
            37.177477,
            445.2
          ],
          [
            -121.841286,
            37.177494,
            445.8
          ],
          [
            -121.841301,
            37.177498,
            445.8
          ],
          [
            -121.841402,
            37.177501,
            446.4
          ],
          [
            -121.841468,
            37.177478,
            447
          ],
          [
            -121.841516,
            37.177446,
            447.2
          ],
          [
            -121.84159,
            37.177374,
            448
          ],
          [
            -121.84161,
            37.177358,
            448.2
          ],
          [
            -121.841639,
            37.177305,
            448.8
          ],
          [
            -121.841648,
            37.177278,
            449.2
          ],
          [
            -121.841664,
            37.177238,
            449.4
          ],
          [
            -121.84171,
            37.177174,
            450.2
          ],
          [
            -121.841755,
            37.177101,
            451.2
          ],
          [
            -121.841758,
            37.177093,
            451.2
          ],
          [
            -121.841774,
            37.177031,
            451.8
          ],
          [
            -121.84183,
            37.176976,
            452
          ],
          [
            -121.841837,
            37.17696,
            452.4
          ],
          [
            -121.841863,
            37.176923,
            452.8
          ],
          [
            -121.841905,
            37.176879,
            453.4
          ],
          [
            -121.84192,
            37.176862,
            453.4
          ],
          [
            -121.841954,
            37.176815,
            454.2
          ],
          [
            -121.841983,
            37.176776,
            454.6
          ],
          [
            -121.841984,
            37.176757,
            454.8
          ],
          [
            -121.842033,
            37.176712,
            455.2
          ],
          [
            -121.842077,
            37.176675,
            455.6
          ],
          [
            -121.842136,
            37.176637,
            455.8
          ],
          [
            -121.842187,
            37.176587,
            456
          ],
          [
            -121.842214,
            37.176561,
            456.2
          ],
          [
            -121.842273,
            37.17651,
            456.6
          ],
          [
            -121.842289,
            37.176488,
            456.6
          ],
          [
            -121.842329,
            37.176431,
            457.2
          ],
          [
            -121.842356,
            37.176382,
            457.6
          ],
          [
            -121.842371,
            37.176351,
            457.8
          ],
          [
            -121.842416,
            37.176274,
            458.4
          ],
          [
            -121.842423,
            37.176254,
            458.6
          ],
          [
            -121.842456,
            37.176202,
            459
          ],
          [
            -121.842511,
            37.176143,
            459.2
          ],
          [
            -121.842561,
            37.176118,
            459.6
          ],
          [
            -121.8426,
            37.176105,
            459.8
          ],
          [
            -121.842711,
            37.176081,
            460.2
          ],
          [
            -121.842764,
            37.176067,
            460.6
          ],
          [
            -121.842804,
            37.176052,
            461
          ],
          [
            -121.842891,
            37.176018,
            461.6
          ],
          [
            -121.842942,
            37.175988,
            461.8
          ],
          [
            -121.842991,
            37.17596,
            462
          ],
          [
            -121.843043,
            37.175912,
            462.6
          ],
          [
            -121.843057,
            37.17589,
            462.8
          ],
          [
            -121.84311,
            37.175828,
            463.4
          ],
          [
            -121.843133,
            37.175803,
            463.8
          ],
          [
            -121.843152,
            37.175766,
            464.2
          ],
          [
            -121.843168,
            37.17573,
            464.8
          ],
          [
            -121.843191,
            37.175704,
            465.2
          ],
          [
            -121.84321,
            37.175657,
            466
          ],
          [
            -121.843226,
            37.175641,
            466.2
          ],
          [
            -121.843231,
            37.175629,
            466.4
          ],
          [
            -121.843235,
            37.175585,
            467
          ],
          [
            -121.843251,
            37.175513,
            467.8
          ],
          [
            -121.843262,
            37.17549,
            468.2
          ],
          [
            -121.843283,
            37.175446,
            468.6
          ],
          [
            -121.843348,
            37.17539,
            469.2
          ],
          [
            -121.843362,
            37.17538,
            469.2
          ],
          [
            -121.843459,
            37.175306,
            470.4
          ],
          [
            -121.843502,
            37.175278,
            470.6
          ],
          [
            -121.843523,
            37.175235,
            471
          ],
          [
            -121.843564,
            37.175169,
            471.4
          ],
          [
            -121.843582,
            37.175139,
            471.4
          ],
          [
            -121.843589,
            37.175106,
            471.8
          ],
          [
            -121.843589,
            37.175106,
            471.8
          ],
          [
            -121.843591,
            37.175112,
            471.8
          ],
          [
            -121.843589,
            37.17511,
            471.8
          ],
          [
            -121.843587,
            37.175111,
            471.6
          ],
          [
            -121.843587,
            37.175113,
            471.4
          ],
          [
            -121.843589,
            37.175111,
            472
          ],
          [
            -121.843592,
            37.175106,
            471.6
          ],
          [
            -121.843587,
            37.175095,
            472.2
          ],
          [
            -121.843591,
            37.175098,
            472.2
          ],
          [
            -121.843598,
            37.17509,
            471.6
          ],
          [
            -121.843609,
            37.175074,
            471.6
          ],
          [
            -121.843612,
            37.175088,
            471.6
          ],
          [
            -121.843608,
            37.175094,
            471.6
          ],
          [
            -121.843604,
            37.175092,
            471.6
          ],
          [
            -121.843604,
            37.175092,
            471.6
          ],
          [
            -121.843604,
            37.175092,
            471.6
          ],
          [
            -121.843602,
            37.175087,
            471.6
          ],
          [
            -121.843602,
            37.175088,
            471.6
          ],
          [
            -121.843599,
            37.1751,
            471.6
          ],
          [
            -121.843599,
            37.175108,
            471.6
          ],
          [
            -121.843607,
            37.175106,
            471.6
          ],
          [
            -121.843641,
            37.175124,
            471.6
          ],
          [
            -121.843751,
            37.175204,
            471.8
          ],
          [
            -121.843885,
            37.175266,
            471.8
          ],
          [
            -121.844095,
            37.175326,
            472.4
          ],
          [
            -121.844277,
            37.175384,
            472.6
          ],
          [
            -121.84433,
            37.175398,
            472.6
          ],
          [
            -121.844337,
            37.175382,
            472.4
          ],
          [
            -121.844288,
            37.175368,
            472.2
          ],
          [
            -121.844153,
            37.175341,
            472.6
          ],
          [
            -121.844009,
            37.175303,
            472.6
          ],
          [
            -121.843954,
            37.175278,
            472.6
          ],
          [
            -121.843875,
            37.175217,
            472.6
          ],
          [
            -121.843871,
            37.175204,
            472.6
          ],
          [
            -121.84388,
            37.175189,
            472.6
          ],
          [
            -121.84393,
            37.175178,
            472.4
          ],
          [
            -121.844063,
            37.175198,
            471.2
          ],
          [
            -121.84408,
            37.175198,
            471.2
          ],
          [
            -121.844143,
            37.17521,
            470.2
          ],
          [
            -121.844186,
            37.175214,
            469.2
          ],
          [
            -121.844211,
            37.175218,
            469
          ],
          [
            -121.84424,
            37.175221,
            468.8
          ],
          [
            -121.844327,
            37.17522,
            467.8
          ],
          [
            -121.844404,
            37.175169,
            466.6
          ],
          [
            -121.844444,
            37.175126,
            465.6
          ],
          [
            -121.844459,
            37.175102,
            465
          ],
          [
            -121.844475,
            37.175091,
            464.4
          ],
          [
            -121.844506,
            37.175055,
            463.2
          ],
          [
            -121.844512,
            37.175048,
            463.2
          ],
          [
            -121.844537,
            37.175016,
            462.2
          ],
          [
            -121.844555,
            37.174985,
            461.2
          ],
          [
            -121.844557,
            37.174975,
            460.8
          ],
          [
            -121.844563,
            37.174945,
            460.2
          ],
          [
            -121.84458,
            37.174899,
            459
          ],
          [
            -121.844571,
            37.174879,
            458.6
          ],
          [
            -121.844564,
            37.174852,
            458
          ],
          [
            -121.844564,
            37.174843,
            457.8
          ],
          [
            -121.844575,
            37.174795,
            456.6
          ],
          [
            -121.844577,
            37.174784,
            456.4
          ],
          [
            -121.844584,
            37.174747,
            455.4
          ],
          [
            -121.844598,
            37.174697,
            454.4
          ],
          [
            -121.844633,
            37.174655,
            453
          ],
          [
            -121.844677,
            37.174617,
            452.2
          ],
          [
            -121.844689,
            37.174608,
            452
          ],
          [
            -121.844728,
            37.174567,
            451
          ],
          [
            -121.844734,
            37.17456,
            450.8
          ],
          [
            -121.844804,
            37.174515,
            450.6
          ],
          [
            -121.844965,
            37.174471,
            450.4
          ],
          [
            -121.845222,
            37.174457,
            450
          ],
          [
            -121.845489,
            37.174528,
            450.6
          ],
          [
            -121.845566,
            37.17457,
            451
          ],
          [
            -121.845637,
            37.174633,
            452
          ],
          [
            -121.845708,
            37.174709,
            453
          ],
          [
            -121.845748,
            37.17476,
            453.6
          ],
          [
            -121.845782,
            37.174805,
            454.2
          ],
          [
            -121.845814,
            37.174863,
            455
          ],
          [
            -121.845822,
            37.174881,
            455
          ],
          [
            -121.845837,
            37.174917,
            455.4
          ],
          [
            -121.845871,
            37.174983,
            456.2
          ],
          [
            -121.845881,
            37.175,
            456.4
          ],
          [
            -121.845985,
            37.175038,
            457
          ],
          [
            -121.84615,
            37.174996,
            457.2
          ],
          [
            -121.846391,
            37.174952,
            456.6
          ],
          [
            -121.846639,
            37.174983,
            455.8
          ],
          [
            -121.846734,
            37.174977,
            455.6
          ],
          [
            -121.846779,
            37.174962,
            455.4
          ],
          [
            -121.846828,
            37.174938,
            455.2
          ],
          [
            -121.846874,
            37.174911,
            454.8
          ],
          [
            -121.847009,
            37.174817,
            453.8
          ],
          [
            -121.847102,
            37.174729,
            452.6
          ],
          [
            -121.847241,
            37.174584,
            451.4
          ],
          [
            -121.847317,
            37.17452,
            451.4
          ],
          [
            -121.847345,
            37.1745,
            451.4
          ],
          [
            -121.847395,
            37.174472,
            452.6
          ],
          [
            -121.847415,
            37.174465,
            453.2
          ],
          [
            -121.847483,
            37.174448,
            453.8
          ],
          [
            -121.847554,
            37.174444,
            454.4
          ],
          [
            -121.847722,
            37.174456,
            454.2
          ],
          [
            -121.847922,
            37.174489,
            452.2
          ],
          [
            -121.84805,
            37.174523,
            451.2
          ],
          [
            -121.848196,
            37.174523,
            449.8
          ],
          [
            -121.848275,
            37.174409,
            448.6
          ],
          [
            -121.848252,
            37.174284,
            447.6
          ],
          [
            -121.84824,
            37.174255,
            447
          ],
          [
            -121.848231,
            37.174196,
            446.4
          ],
          [
            -121.848259,
            37.174094,
            445.6
          ],
          [
            -121.848283,
            37.174056,
            445.2
          ],
          [
            -121.84838,
            37.173943,
            444.2
          ],
          [
            -121.848416,
            37.173908,
            443.2
          ],
          [
            -121.848449,
            37.173876,
            442.8
          ],
          [
            -121.848478,
            37.173838,
            442.6
          ],
          [
            -121.848577,
            37.173727,
            441.6
          ],
          [
            -121.848605,
            37.173693,
            441.4
          ],
          [
            -121.848706,
            37.173622,
            441
          ],
          [
            -121.848808,
            37.173592,
            440.6
          ],
          [
            -121.848964,
            37.173557,
            439.4
          ],
          [
            -121.849057,
            37.173522,
            438.2
          ],
          [
            -121.849111,
            37.173496,
            438.2
          ],
          [
            -121.849222,
            37.173421,
            437.2
          ],
          [
            -121.84933,
            37.173324,
            436.6
          ],
          [
            -121.849378,
            37.173277,
            435.8
          ],
          [
            -121.849559,
            37.173124,
            434.8
          ],
          [
            -121.849605,
            37.173089,
            434.6
          ],
          [
            -121.849699,
            37.173017,
            433.6
          ],
          [
            -121.849738,
            37.172976,
            433.2
          ],
          [
            -121.849766,
            37.172929,
            432.2
          ],
          [
            -121.849781,
            37.172878,
            431.8
          ],
          [
            -121.849767,
            37.172782,
            431.2
          ],
          [
            -121.849756,
            37.172735,
            431
          ],
          [
            -121.849755,
            37.172689,
            430.8
          ],
          [
            -121.849787,
            37.172605,
            430.4
          ],
          [
            -121.849854,
            37.172532,
            430
          ],
          [
            -121.849911,
            37.172449,
            429.4
          ],
          [
            -121.849922,
            37.172397,
            429
          ],
          [
            -121.849914,
            37.17235,
            428.4
          ],
          [
            -121.849894,
            37.172306,
            427.8
          ],
          [
            -121.849868,
            37.172264,
            427.2
          ],
          [
            -121.849824,
            37.172183,
            426.8
          ],
          [
            -121.849792,
            37.172097,
            425.8
          ],
          [
            -121.849789,
            37.172016,
            425
          ],
          [
            -121.8498,
            37.171979,
            424.4
          ],
          [
            -121.849823,
            37.171941,
            424.2
          ],
          [
            -121.849907,
            37.171874,
            423.4
          ],
          [
            -121.849957,
            37.171855,
            423
          ],
          [
            -121.850049,
            37.17184,
            422.2
          ],
          [
            -121.850145,
            37.171853,
            421.8
          ],
          [
            -121.850352,
            37.171902,
            421.2
          ],
          [
            -121.850479,
            37.171921,
            420.6
          ],
          [
            -121.850552,
            37.171931,
            420.2
          ],
          [
            -121.850805,
            37.171953,
            418.6
          ],
          [
            -121.850994,
            37.171964,
            417.6
          ],
          [
            -121.851078,
            37.171967,
            416.8
          ],
          [
            -121.851158,
            37.171972,
            416.4
          ],
          [
            -121.851364,
            37.171976,
            416.2
          ],
          [
            -121.851515,
            37.17198,
            417.6
          ],
          [
            -121.851618,
            37.171979,
            418.6
          ],
          [
            -121.85174,
            37.171969,
            420
          ],
          [
            -121.851946,
            37.171934,
            421
          ],
          [
            -121.851972,
            37.171923,
            421.2
          ],
          [
            -121.852085,
            37.171877,
            421.6
          ],
          [
            -121.852143,
            37.171859,
            421.6
          ],
          [
            -121.852265,
            37.171823,
            422.2
          ],
          [
            -121.852301,
            37.171812,
            422.2
          ],
          [
            -121.852402,
            37.171782,
            422.2
          ],
          [
            -121.852507,
            37.171752,
            422.2
          ],
          [
            -121.852619,
            37.171725,
            422.2
          ],
          [
            -121.852661,
            37.171716,
            422.2
          ],
          [
            -121.852705,
            37.171709,
            422.2
          ],
          [
            -121.852795,
            37.171703,
            422.2
          ],
          [
            -121.852931,
            37.171699,
            422
          ],
          [
            -121.853127,
            37.171713,
            422.2
          ],
          [
            -121.853339,
            37.171781,
            423.4
          ],
          [
            -121.853425,
            37.17182,
            424.4
          ],
          [
            -121.853487,
            37.171847,
            425.6
          ],
          [
            -121.853548,
            37.171873,
            426.6
          ],
          [
            -121.853614,
            37.171905,
            428
          ],
          [
            -121.853682,
            37.171932,
            429.4
          ],
          [
            -121.853704,
            37.171938,
            429.6
          ],
          [
            -121.853735,
            37.171951,
            430.4
          ],
          [
            -121.853776,
            37.171961,
            431
          ],
          [
            -121.853818,
            37.171972,
            431.4
          ],
          [
            -121.853837,
            37.171972,
            431.6
          ],
          [
            -121.853935,
            37.171958,
            432
          ],
          [
            -121.85398,
            37.171926,
            432.6
          ],
          [
            -121.854022,
            37.171895,
            433
          ],
          [
            -121.854078,
            37.171829,
            433.6
          ],
          [
            -121.854092,
            37.171813,
            433.6
          ],
          [
            -121.854191,
            37.171707,
            434.6
          ],
          [
            -121.854248,
            37.17163,
            435.8
          ],
          [
            -121.854319,
            37.171569,
            436.8
          ],
          [
            -121.854332,
            37.171559,
            437
          ],
          [
            -121.854386,
            37.171512,
            437.8
          ],
          [
            -121.854397,
            37.171504,
            438
          ],
          [
            -121.854462,
            37.17148,
            438.6
          ],
          [
            -121.85447,
            37.171482,
            438.8
          ],
          [
            -121.854502,
            37.17146,
            439
          ],
          [
            -121.85454,
            37.17145,
            439.6
          ],
          [
            -121.854568,
            37.171441,
            440.2
          ],
          [
            -121.854565,
            37.171438,
            440.6
          ],
          [
            -121.854604,
            37.171425,
            441
          ],
          [
            -121.854617,
            37.171425,
            441.2
          ],
          [
            -121.854629,
            37.171407,
            441.6
          ],
          [
            -121.85466,
            37.171399,
            441.8
          ],
          [
            -121.8547,
            37.171388,
            442.4
          ],
          [
            -121.854743,
            37.171378,
            442.8
          ],
          [
            -121.854799,
            37.171372,
            443.6
          ],
          [
            -121.854817,
            37.171372,
            443.6
          ],
          [
            -121.854875,
            37.171376,
            444.4
          ],
          [
            -121.854902,
            37.171379,
            444.6
          ],
          [
            -121.854942,
            37.171377,
            445.4
          ],
          [
            -121.854964,
            37.171375,
            445.6
          ],
          [
            -121.855036,
            37.171359,
            446.2
          ],
          [
            -121.855063,
            37.171358,
            446.8
          ],
          [
            -121.855068,
            37.171344,
            446.8
          ],
          [
            -121.855067,
            37.171345,
            446.8
          ],
          [
            -121.855066,
            37.171346,
            446.8
          ],
          [
            -121.855085,
            37.171358,
            446.8
          ],
          [
            -121.855095,
            37.171355,
            446.8
          ],
          [
            -121.855184,
            37.171325,
            447.6
          ],
          [
            -121.855195,
            37.171323,
            447.8
          ],
          [
            -121.855249,
            37.171304,
            448.6
          ],
          [
            -121.855279,
            37.171292,
            449
          ],
          [
            -121.855306,
            37.171285,
            449.4
          ],
          [
            -121.855306,
            37.171285,
            449.8
          ],
          [
            -121.855338,
            37.171269,
            449.6
          ],
          [
            -121.855338,
            37.171269,
            449.8
          ],
          [
            -121.855344,
            37.171265,
            450
          ],
          [
            -121.855346,
            37.171265,
            449.8
          ],
          [
            -121.855431,
            37.171222,
            450.2
          ],
          [
            -121.855512,
            37.17118,
            451
          ],
          [
            -121.855558,
            37.171163,
            451.4
          ],
          [
            -121.855649,
            37.17112,
            452
          ],
          [
            -121.855692,
            37.171105,
            452.6
          ],
          [
            -121.855727,
            37.171087,
            453
          ],
          [
            -121.855794,
            37.171042,
            454.4
          ],
          [
            -121.855859,
            37.170999,
            455.2
          ],
          [
            -121.855873,
            37.17099,
            455.4
          ],
          [
            -121.855903,
            37.170973,
            455.8
          ],
          [
            -121.855929,
            37.170949,
            456
          ],
          [
            -121.855997,
            37.170881,
            456.4
          ],
          [
            -121.856025,
            37.170852,
            456.8
          ],
          [
            -121.856133,
            37.170744,
            457.4
          ],
          [
            -121.856148,
            37.17073,
            457.4
          ],
          [
            -121.856271,
            37.170636,
            457.8
          ],
          [
            -121.85636,
            37.170597,
            458.4
          ],
          [
            -121.856375,
            37.170592,
            458.4
          ],
          [
            -121.856481,
            37.170585,
            459.6
          ],
          [
            -121.856579,
            37.170608,
            460.8
          ],
          [
            -121.856635,
            37.170626,
            461.2
          ],
          [
            -121.856682,
            37.17065,
            461.6
          ],
          [
            -121.8567,
            37.170656,
            461.8
          ],
          [
            -121.856777,
            37.170692,
            462.4
          ],
          [
            -121.856865,
            37.170749,
            463
          ],
          [
            -121.856904,
            37.170767,
            463.2
          ],
          [
            -121.857002,
            37.170804,
            463.8
          ],
          [
            -121.857029,
            37.17082,
            464
          ],
          [
            -121.857105,
            37.170865,
            464.6
          ],
          [
            -121.857154,
            37.170883,
            465
          ],
          [
            -121.857199,
            37.170903,
            465.4
          ],
          [
            -121.857289,
            37.170942,
            466.2
          ],
          [
            -121.857311,
            37.170955,
            466.2
          ],
          [
            -121.857434,
            37.171021,
            466.2
          ],
          [
            -121.857531,
            37.171171,
            466.4
          ],
          [
            -121.857556,
            37.171223,
            467.2
          ],
          [
            -121.857602,
            37.171319,
            467.4
          ],
          [
            -121.857777,
            37.171424,
            466.4
          ],
          [
            -121.857817,
            37.171434,
            466
          ],
          [
            -121.857936,
            37.171447,
            465
          ],
          [
            -121.858007,
            37.171444,
            464.6
          ],
          [
            -121.858115,
            37.171464,
            464
          ],
          [
            -121.858236,
            37.171502,
            462.6
          ],
          [
            -121.858366,
            37.171564,
            461.4
          ],
          [
            -121.858451,
            37.171614,
            460.8
          ],
          [
            -121.858537,
            37.171667,
            460.4
          ],
          [
            -121.858618,
            37.171729,
            460
          ],
          [
            -121.858698,
            37.171825,
            459.6
          ],
          [
            -121.8587,
            37.171964,
            459.4
          ],
          [
            -121.858617,
            37.172105,
            459.4
          ],
          [
            -121.858601,
            37.172125,
            459.4
          ],
          [
            -121.858537,
            37.172311,
            458.6
          ],
          [
            -121.858523,
            37.17239,
            458
          ],
          [
            -121.858528,
            37.172485,
            457
          ],
          [
            -121.858552,
            37.172527,
            456.6
          ],
          [
            -121.858688,
            37.172652,
            456
          ],
          [
            -121.858799,
            37.172727,
            455.8
          ],
          [
            -121.85889,
            37.172778,
            455.4
          ],
          [
            -121.85905,
            37.172894,
            454.8
          ],
          [
            -121.859156,
            37.17302,
            454.4
          ],
          [
            -121.859208,
            37.173081,
            454.4
          ],
          [
            -121.859365,
            37.173212,
            454.4
          ],
          [
            -121.8594,
            37.173239,
            454.2
          ],
          [
            -121.859472,
            37.173289,
            453
          ],
          [
            -121.859507,
            37.17332,
            452.4
          ],
          [
            -121.859542,
            37.173353,
            451.8
          ],
          [
            -121.859575,
            37.173382,
            451.2
          ],
          [
            -121.859611,
            37.173408,
            450.4
          ],
          [
            -121.859668,
            37.173477,
            449.6
          ],
          [
            -121.859693,
            37.173519,
            449.2
          ],
          [
            -121.859711,
            37.173563,
            449
          ],
          [
            -121.859758,
            37.173697,
            447.8
          ],
          [
            -121.859778,
            37.173737,
            447.4
          ],
          [
            -121.859804,
            37.173809,
            447.2
          ],
          [
            -121.859872,
            37.173961,
            446.6
          ],
          [
            -121.859952,
            37.174065,
            446
          ],
          [
            -121.859992,
            37.1741,
            445.6
          ],
          [
            -121.860081,
            37.17417,
            444.4
          ],
          [
            -121.860161,
            37.174242,
            442.6
          ],
          [
            -121.860195,
            37.174282,
            442.2
          ],
          [
            -121.860218,
            37.17432,
            441.4
          ],
          [
            -121.860263,
            37.174424,
            440.4
          ],
          [
            -121.860286,
            37.174462,
            440.2
          ],
          [
            -121.860366,
            37.174558,
            439.6
          ],
          [
            -121.860407,
            37.174573,
            439.4
          ],
          [
            -121.860444,
            37.174576,
            438.8
          ],
          [
            -121.860633,
            37.174576,
            438.2
          ],
          [
            -121.860748,
            37.174576,
            437.4
          ],
          [
            -121.860847,
            37.174587,
            436.4
          ],
          [
            -121.860932,
            37.174598,
            435.6
          ],
          [
            -121.861057,
            37.174603,
            435.4
          ],
          [
            -121.86119,
            37.174593,
            434.2
          ],
          [
            -121.861328,
            37.174536,
            433
          ],
          [
            -121.861348,
            37.174533,
            432.8
          ],
          [
            -121.861362,
            37.174533,
            432.6
          ],
          [
            -121.861334,
            37.174528,
            432.4
          ],
          [
            -121.861346,
            37.174537,
            432.4
          ],
          [
            -121.861333,
            37.174554,
            432.8
          ],
          [
            -121.86129,
            37.174647,
            432.8
          ],
          [
            -121.86127,
            37.174682,
            432.6
          ],
          [
            -121.861306,
            37.174768,
            432.6
          ],
          [
            -121.861322,
            37.174902,
            431.8
          ],
          [
            -121.861329,
            37.174934,
            431.4
          ],
          [
            -121.861351,
            37.175027,
            430.6
          ],
          [
            -121.861402,
            37.175116,
            429.8
          ],
          [
            -121.86142,
            37.175146,
            429.4
          ],
          [
            -121.861518,
            37.175256,
            428.4
          ],
          [
            -121.861548,
            37.17527,
            428.2
          ],
          [
            -121.861726,
            37.175318,
            427.4
          ],
          [
            -121.862005,
            37.175334,
            427
          ],
          [
            -121.862236,
            37.17531,
            427
          ],
          [
            -121.862273,
            37.175299,
            427.2
          ],
          [
            -121.862392,
            37.175194,
            427.2
          ],
          [
            -121.862506,
            37.175047,
            427.4
          ],
          [
            -121.862552,
            37.174979,
            427
          ],
          [
            -121.862604,
            37.174932,
            426.2
          ],
          [
            -121.862673,
            37.174908,
            426
          ],
          [
            -121.862759,
            37.174914,
            425.2
          ],
          [
            -121.86277,
            37.174909,
            425.2
          ],
          [
            -121.862811,
            37.174895,
            425.2
          ],
          [
            -121.86294,
            37.174968,
            424.8
          ],
          [
            -121.863036,
            37.175064,
            424
          ],
          [
            -121.863134,
            37.175157,
            423.4
          ],
          [
            -121.863213,
            37.175199,
            423
          ],
          [
            -121.863281,
            37.175224,
            422.6
          ],
          [
            -121.863465,
            37.175318,
            421.8
          ],
          [
            -121.863514,
            37.175341,
            421.4
          ],
          [
            -121.863637,
            37.175385,
            421
          ],
          [
            -121.863671,
            37.175399,
            421
          ],
          [
            -121.863842,
            37.175416,
            421.8
          ],
          [
            -121.863949,
            37.175414,
            422.8
          ],
          [
            -121.864027,
            37.175407,
            423.4
          ],
          [
            -121.864098,
            37.175393,
            423.8
          ],
          [
            -121.864139,
            37.175385,
            424.2
          ],
          [
            -121.864158,
            37.17538,
            424.4
          ],
          [
            -121.864178,
            37.175378,
            424.6
          ],
          [
            -121.864199,
            37.175373,
            424.8
          ],
          [
            -121.86422,
            37.175366,
            425
          ],
          [
            -121.864261,
            37.175374,
            425.2
          ],
          [
            -121.864278,
            37.175405,
            425.8
          ],
          [
            -121.864294,
            37.175419,
            425.6
          ],
          [
            -121.864296,
            37.175432,
            425.8
          ],
          [
            -121.864294,
            37.175424,
            425.4
          ],
          [
            -121.864294,
            37.175424,
            425.4
          ],
          [
            -121.864291,
            37.175428,
            425.8
          ],
          [
            -121.864292,
            37.175427,
            425.8
          ],
          [
            -121.864294,
            37.175424,
            425.8
          ],
          [
            -121.86428,
            37.175426,
            425.4
          ],
          [
            -121.864294,
            37.175424,
            425.4
          ],
          [
            -121.864294,
            37.175424,
            425.4
          ],
          [
            -121.864291,
            37.175427,
            425.6
          ],
          [
            -121.864291,
            37.175426,
            425.6
          ],
          [
            -121.864294,
            37.175421,
            425.6
          ],
          [
            -121.864294,
            37.175424,
            425.4
          ],
          [
            -121.864311,
            37.175412,
            425.4
          ],
          [
            -121.864299,
            37.175421,
            425.4
          ],
          [
            -121.864289,
            37.175432,
            425.8
          ],
          [
            -121.86429,
            37.175432,
            425.8
          ],
          [
            -121.864325,
            37.175444,
            425.8
          ],
          [
            -121.864333,
            37.175447,
            426.4
          ],
          [
            -121.864378,
            37.175481,
            426
          ],
          [
            -121.864396,
            37.175516,
            426
          ],
          [
            -121.864395,
            37.175522,
            426.2
          ],
          [
            -121.864388,
            37.175539,
            426.4
          ],
          [
            -121.864389,
            37.175562,
            426.4
          ],
          [
            -121.864406,
            37.175588,
            426.6
          ],
          [
            -121.864408,
            37.175609,
            426.6
          ],
          [
            -121.864403,
            37.175602,
            426.6
          ],
          [
            -121.864391,
            37.175558,
            426.6
          ],
          [
            -121.864365,
            37.175531,
            426.8
          ],
          [
            -121.864336,
            37.175497,
            426.8
          ],
          [
            -121.864297,
            37.175449,
            426.4
          ],
          [
            -121.864287,
            37.17544,
            426.4
          ],
          [
            -121.864287,
            37.17544,
            426.4
          ],
          [
            -121.864287,
            37.17544,
            426
          ],
          [
            -121.864287,
            37.17544,
            426.2
          ],
          [
            -121.864287,
            37.17544,
            426.2
          ],
          [
            -121.864287,
            37.17544,
            426.2
          ],
          [
            -121.864287,
            37.17544,
            426.2
          ],
          [
            -121.864287,
            37.17544,
            426.2
          ],
          [
            -121.864277,
            37.175438,
            426.2
          ],
          [
            -121.864275,
            37.175438,
            426.2
          ],
          [
            -121.864278,
            37.175433,
            426.2
          ],
          [
            -121.864278,
            37.175433,
            426.2
          ],
          [
            -121.864297,
            37.17544,
            426.2
          ],
          [
            -121.864297,
            37.175424,
            426.2
          ],
          [
            -121.864291,
            37.175415,
            426.2
          ],
          [
            -121.864292,
            37.175413,
            426.2
          ],
          [
            -121.864285,
            37.175385,
            426
          ],
          [
            -121.864271,
            37.175356,
            426.2
          ],
          [
            -121.864275,
            37.175344,
            426.2
          ],
          [
            -121.864307,
            37.175327,
            426.4
          ],
          [
            -121.864323,
            37.175322,
            426.6
          ],
          [
            -121.864336,
            37.175312,
            426.6
          ],
          [
            -121.864365,
            37.175286,
            427.2
          ],
          [
            -121.864379,
            37.175273,
            427.4
          ],
          [
            -121.864419,
            37.175262,
            427.6
          ],
          [
            -121.864465,
            37.175242,
            428
          ],
          [
            -121.864498,
            37.175227,
            428.6
          ],
          [
            -121.864527,
            37.175207,
            429
          ],
          [
            -121.864583,
            37.175171,
            429.8
          ],
          [
            -121.864647,
            37.175121,
            430.6
          ],
          [
            -121.864662,
            37.175113,
            430.8
          ],
          [
            -121.864739,
            37.175057,
            431.8
          ],
          [
            -121.864753,
            37.175046,
            432
          ],
          [
            -121.864809,
            37.174995,
            433
          ],
          [
            -121.864858,
            37.174954,
            433.6
          ],
          [
            -121.864878,
            37.174931,
            434
          ],
          [
            -121.86493,
            37.174871,
            435.2
          ],
          [
            -121.864938,
            37.174861,
            435.4
          ],
          [
            -121.864968,
            37.174815,
            436
          ],
          [
            -121.864983,
            37.174798,
            436.2
          ],
          [
            -121.864989,
            37.174777,
            436.6
          ],
          [
            -121.865002,
            37.174721,
            437.2
          ],
          [
            -121.865026,
            37.174689,
            437.8
          ],
          [
            -121.865022,
            37.174648,
            438.2
          ],
          [
            -121.865017,
            37.174597,
            438.8
          ],
          [
            -121.86501,
            37.174571,
            439.2
          ],
          [
            -121.864983,
            37.174525,
            439.8
          ],
          [
            -121.864936,
            37.174465,
            440.4
          ],
          [
            -121.864916,
            37.174447,
            440.8
          ],
          [
            -121.864879,
            37.174408,
            441.4
          ],
          [
            -121.864813,
            37.174369,
            442.2
          ],
          [
            -121.86478,
            37.174346,
            442.4
          ],
          [
            -121.86473,
            37.174305,
            443
          ],
          [
            -121.864669,
            37.174249,
            443.4
          ],
          [
            -121.864661,
            37.17424,
            443.6
          ],
          [
            -121.864596,
            37.174171,
            444.4
          ],
          [
            -121.864584,
            37.174152,
            444.6
          ],
          [
            -121.864548,
            37.1741,
            445
          ],
          [
            -121.864534,
            37.17403,
            445.6
          ],
          [
            -121.864533,
            37.173955,
            446.4
          ],
          [
            -121.864549,
            37.173935,
            446.8
          ],
          [
            -121.86456,
            37.173917,
            447
          ],
          [
            -121.864573,
            37.173902,
            447.4
          ],
          [
            -121.864594,
            37.173859,
            448
          ],
          [
            -121.8646,
            37.173848,
            448.2
          ],
          [
            -121.864659,
            37.173813,
            449
          ],
          [
            -121.864681,
            37.173804,
            449.2
          ],
          [
            -121.864755,
            37.173771,
            450.2
          ],
          [
            -121.864764,
            37.173771,
            450.2
          ],
          [
            -121.86484,
            37.173758,
            451.2
          ],
          [
            -121.864924,
            37.173749,
            452.4
          ],
          [
            -121.864996,
            37.173742,
            453.4
          ],
          [
            -121.865007,
            37.173738,
            453.4
          ],
          [
            -121.865091,
            37.173717,
            454.4
          ],
          [
            -121.865161,
            37.173697,
            455.6
          ],
          [
            -121.865172,
            37.173693,
            455.6
          ],
          [
            -121.865236,
            37.173678,
            456.4
          ],
          [
            -121.865246,
            37.173675,
            456.6
          ],
          [
            -121.865308,
            37.173647,
            457.2
          ],
          [
            -121.865348,
            37.17363,
            457.8
          ],
          [
            -121.865395,
            37.173606,
            458.6
          ],
          [
            -121.865403,
            37.173602,
            458.8
          ],
          [
            -121.865453,
            37.173562,
            459.8
          ],
          [
            -121.865458,
            37.173553,
            459.8
          ],
          [
            -121.865496,
            37.173505,
            460.8
          ],
          [
            -121.865503,
            37.173497,
            461
          ],
          [
            -121.865538,
            37.173458,
            461.8
          ],
          [
            -121.865573,
            37.173409,
            462.8
          ],
          [
            -121.865572,
            37.173399,
            463
          ],
          [
            -121.865581,
            37.17339,
            463
          ],
          [
            -121.865618,
            37.173376,
            463.8
          ],
          [
            -121.865648,
            37.173357,
            464
          ],
          [
            -121.865697,
            37.17332,
            465
          ],
          [
            -121.865705,
            37.173314,
            465.2
          ],
          [
            -121.865742,
            37.173278,
            466.2
          ],
          [
            -121.865746,
            37.173272,
            466.4
          ],
          [
            -121.865814,
            37.173239,
            467
          ],
          [
            -121.865835,
            37.17323,
            467.4
          ],
          [
            -121.865873,
            37.173201,
            468
          ],
          [
            -121.865901,
            37.173189,
            468.6
          ],
          [
            -121.865935,
            37.173173,
            469.2
          ],
          [
            -121.865972,
            37.173144,
            469.6
          ],
          [
            -121.865992,
            37.173136,
            470
          ],
          [
            -121.866042,
            37.173118,
            470.4
          ],
          [
            -121.866049,
            37.173111,
            470.6
          ],
          [
            -121.866086,
            37.173073,
            471.2
          ],
          [
            -121.866117,
            37.173041,
            471.8
          ],
          [
            -121.866125,
            37.173021,
            472
          ],
          [
            -121.866161,
            37.172963,
            472.8
          ],
          [
            -121.866186,
            37.172925,
            473.4
          ],
          [
            -121.866202,
            37.172892,
            473.8
          ],
          [
            -121.866214,
            37.172864,
            474
          ],
          [
            -121.866237,
            37.172829,
            474.6
          ],
          [
            -121.86625,
            37.172819,
            474.8
          ],
          [
            -121.866256,
            37.172814,
            475
          ],
          [
            -121.866296,
            37.172778,
            475.8
          ],
          [
            -121.866307,
            37.172753,
            476
          ],
          [
            -121.866318,
            37.172745,
            476.2
          ],
          [
            -121.866326,
            37.172738,
            476.2
          ],
          [
            -121.866368,
            37.172675,
            477.2
          ],
          [
            -121.866421,
            37.17262,
            478
          ],
          [
            -121.866444,
            37.172598,
            478.2
          ],
          [
            -121.866467,
            37.172566,
            478.6
          ],
          [
            -121.866484,
            37.172529,
            479.4
          ],
          [
            -121.866495,
            37.172498,
            479.6
          ],
          [
            -121.866503,
            37.172454,
            480.4
          ],
          [
            -121.866503,
            37.172436,
            480.8
          ],
          [
            -121.866493,
            37.172393,
            481.6
          ],
          [
            -121.866491,
            37.172373,
            481.6
          ],
          [
            -121.866485,
            37.172332,
            482.4
          ],
          [
            -121.866461,
            37.172311,
            482.6
          ],
          [
            -121.866457,
            37.172301,
            482.6
          ],
          [
            -121.866426,
            37.172244,
            483.4
          ],
          [
            -121.866415,
            37.172227,
            483.8
          ],
          [
            -121.866381,
            37.172183,
            484.6
          ],
          [
            -121.866349,
            37.172155,
            484.8
          ],
          [
            -121.866328,
            37.172129,
            485.2
          ],
          [
            -121.866262,
            37.172095,
            485.8
          ],
          [
            -121.866243,
            37.172081,
            486
          ],
          [
            -121.866224,
            37.17207,
            486.2
          ],
          [
            -121.866183,
            37.172046,
            486.4
          ],
          [
            -121.866146,
            37.172025,
            487
          ],
          [
            -121.866124,
            37.172006,
            487.4
          ],
          [
            -121.866071,
            37.171962,
            488
          ],
          [
            -121.86605,
            37.171938,
            488.6
          ],
          [
            -121.866023,
            37.171901,
            489
          ],
          [
            -121.866018,
            37.171873,
            489.4
          ],
          [
            -121.86601,
            37.17182,
            490.2
          ],
          [
            -121.866009,
            37.171809,
            490.4
          ],
          [
            -121.866038,
            37.171747,
            491.2
          ],
          [
            -121.866044,
            37.171739,
            491.4
          ],
          [
            -121.866073,
            37.171689,
            492
          ],
          [
            -121.866092,
            37.171663,
            492.4
          ],
          [
            -121.866113,
            37.171625,
            493
          ],
          [
            -121.866133,
            37.171592,
            493.6
          ],
          [
            -121.866155,
            37.171565,
            494
          ],
          [
            -121.866204,
            37.171516,
            494.6
          ],
          [
            -121.866215,
            37.171509,
            494.8
          ],
          [
            -121.866272,
            37.171455,
            495.6
          ],
          [
            -121.866286,
            37.171436,
            495.8
          ],
          [
            -121.866326,
            37.171401,
            496.6
          ],
          [
            -121.866337,
            37.171398,
            496.8
          ],
          [
            -121.866349,
            37.171394,
            496.8
          ],
          [
            -121.866431,
            37.171376,
            497.8
          ],
          [
            -121.866437,
            37.171373,
            498
          ],
          [
            -121.866488,
            37.171363,
            498.6
          ],
          [
            -121.866533,
            37.171356,
            499
          ],
          [
            -121.866615,
            37.171349,
            499.8
          ],
          [
            -121.866673,
            37.171328,
            500.4
          ],
          [
            -121.866682,
            37.171318,
            500.4
          ],
          [
            -121.866696,
            37.171317,
            500.6
          ],
          [
            -121.866749,
            37.171319,
            501.2
          ],
          [
            -121.866805,
            37.171316,
            501.4
          ],
          [
            -121.866861,
            37.171314,
            502.2
          ],
          [
            -121.866905,
            37.171302,
            502.4
          ],
          [
            -121.86695,
            37.171284,
            503
          ],
          [
            -121.866988,
            37.171285,
            503.6
          ],
          [
            -121.867038,
            37.17128,
            504
          ],
          [
            -121.867096,
            37.171259,
            504.6
          ],
          [
            -121.867121,
            37.171255,
            504.8
          ],
          [
            -121.867194,
            37.171221,
            505.6
          ],
          [
            -121.867276,
            37.171163,
            506.8
          ],
          [
            -121.867283,
            37.171158,
            506.8
          ],
          [
            -121.867328,
            37.171102,
            507.8
          ],
          [
            -121.86734,
            37.171076,
            508
          ],
          [
            -121.867383,
            37.171041,
            508.8
          ],
          [
            -121.867404,
            37.171024,
            509
          ],
          [
            -121.867469,
            37.170962,
            509.8
          ],
          [
            -121.867478,
            37.170943,
            510
          ],
          [
            -121.867505,
            37.170889,
            510.8
          ],
          [
            -121.867516,
            37.170861,
            511.2
          ],
          [
            -121.867544,
            37.170795,
            512
          ],
          [
            -121.867582,
            37.170719,
            513
          ],
          [
            -121.867597,
            37.170701,
            513.2
          ],
          [
            -121.867639,
            37.17064,
            514
          ],
          [
            -121.867676,
            37.170613,
            514.8
          ],
          [
            -121.867701,
            37.170606,
            514.8
          ],
          [
            -121.867711,
            37.1706,
            515.2
          ],
          [
            -121.86779,
            37.170572,
            515.8
          ],
          [
            -121.867839,
            37.170559,
            516.2
          ],
          [
            -121.867893,
            37.170544,
            516.8
          ],
          [
            -121.867934,
            37.170529,
            517.4
          ],
          [
            -121.86797,
            37.170508,
            518
          ],
          [
            -121.868007,
            37.170502,
            518.4
          ],
          [
            -121.868029,
            37.17049,
            518.6
          ],
          [
            -121.868085,
            37.170462,
            519.2
          ],
          [
            -121.868105,
            37.17045,
            519.4
          ],
          [
            -121.868162,
            37.170402,
            520.2
          ],
          [
            -121.868181,
            37.170379,
            520.6
          ],
          [
            -121.86821,
            37.170324,
            521.2
          ],
          [
            -121.868219,
            37.170292,
            521.6
          ],
          [
            -121.868242,
            37.17026,
            522.2
          ],
          [
            -121.868285,
            37.170225,
            522.8
          ],
          [
            -121.868306,
            37.170191,
            523.2
          ],
          [
            -121.868326,
            37.17015,
            523.8
          ],
          [
            -121.86833,
            37.17014,
            524
          ],
          [
            -121.868338,
            37.170076,
            524.8
          ],
          [
            -121.868342,
            37.170066,
            525
          ],
          [
            -121.868386,
            37.170013,
            525.6
          ],
          [
            -121.868402,
            37.169995,
            526
          ],
          [
            -121.86841,
            37.169952,
            526.8
          ],
          [
            -121.868426,
            37.169917,
            527
          ],
          [
            -121.868436,
            37.169898,
            527.2
          ],
          [
            -121.868474,
            37.169855,
            528
          ],
          [
            -121.868482,
            37.169834,
            528.4
          ],
          [
            -121.868517,
            37.16979,
            529.2
          ],
          [
            -121.868531,
            37.169763,
            529.4
          ],
          [
            -121.868573,
            37.169712,
            530.2
          ],
          [
            -121.868582,
            37.169704,
            530.2
          ],
          [
            -121.868623,
            37.169671,
            530.8
          ],
          [
            -121.868663,
            37.169647,
            531.4
          ],
          [
            -121.868684,
            37.169632,
            531.6
          ],
          [
            -121.868753,
            37.1696,
            532.4
          ],
          [
            -121.868767,
            37.169588,
            532.4
          ],
          [
            -121.868823,
            37.169554,
            533.4
          ],
          [
            -121.868839,
            37.169545,
            533.6
          ],
          [
            -121.868874,
            37.169515,
            534.2
          ],
          [
            -121.868906,
            37.16948,
            534.6
          ],
          [
            -121.868913,
            37.169472,
            534.6
          ],
          [
            -121.868951,
            37.16941,
            535.6
          ],
          [
            -121.868953,
            37.169401,
            535.6
          ],
          [
            -121.868985,
            37.169349,
            536.2
          ],
          [
            -121.869007,
            37.169311,
            536.6
          ],
          [
            -121.869016,
            37.169288,
            537
          ],
          [
            -121.869059,
            37.169219,
            537.6
          ],
          [
            -121.869064,
            37.169208,
            537.8
          ],
          [
            -121.869086,
            37.169158,
            538.6
          ],
          [
            -121.869096,
            37.169137,
            538.8
          ],
          [
            -121.869141,
            37.169089,
            539.6
          ],
          [
            -121.869165,
            37.16906,
            540
          ],
          [
            -121.869188,
            37.169011,
            540.4
          ],
          [
            -121.869238,
            37.168966,
            541
          ],
          [
            -121.86925,
            37.168957,
            541
          ],
          [
            -121.869304,
            37.168904,
            542
          ],
          [
            -121.869338,
            37.168882,
            542.4
          ],
          [
            -121.869385,
            37.168834,
            543.2
          ],
          [
            -121.869435,
            37.168808,
            543.6
          ],
          [
            -121.869441,
            37.168796,
            543.8
          ],
          [
            -121.869473,
            37.168757,
            544.2
          ],
          [
            -121.869496,
            37.168731,
            544.6
          ],
          [
            -121.869501,
            37.168706,
            545
          ],
          [
            -121.869501,
            37.168706,
            545.2
          ],
          [
            -121.869538,
            37.168656,
            546
          ],
          [
            -121.869535,
            37.168651,
            546.4
          ],
          [
            -121.869537,
            37.168646,
            546.4
          ],
          [
            -121.869542,
            37.168626,
            546.6
          ],
          [
            -121.869542,
            37.168626,
            546.8
          ],
          [
            -121.869541,
            37.168627,
            547
          ],
          [
            -121.869541,
            37.168631,
            547
          ],
          [
            -121.869541,
            37.168631,
            546.8
          ],
          [
            -121.869537,
            37.168629,
            546.8
          ],
          [
            -121.869532,
            37.168625,
            546.8
          ],
          [
            -121.869531,
            37.168622,
            546.8
          ],
          [
            -121.869535,
            37.168621,
            547
          ],
          [
            -121.869551,
            37.16864,
            546.6
          ],
          [
            -121.869551,
            37.16864,
            546.6
          ],
          [
            -121.869551,
            37.16864,
            547
          ],
          [
            -121.869551,
            37.16864,
            547
          ],
          [
            -121.869548,
            37.168657,
            547.2
          ],
          [
            -121.869548,
            37.168657,
            547.4
          ],
          [
            -121.869548,
            37.168657,
            547.4
          ],
          [
            -121.869548,
            37.168657,
            547.6
          ],
          [
            -121.869558,
            37.168665,
            547.6
          ],
          [
            -121.869558,
            37.168665,
            547.6
          ],
          [
            -121.869554,
            37.168663,
            547.8
          ],
          [
            -121.869529,
            37.168661,
            547.8
          ],
          [
            -121.86954,
            37.168648,
            547.8
          ],
          [
            -121.86954,
            37.168648,
            548.2
          ],
          [
            -121.869523,
            37.168651,
            548.4
          ],
          [
            -121.869518,
            37.168653,
            548.4
          ],
          [
            -121.869529,
            37.168639,
            548.6
          ],
          [
            -121.869533,
            37.168618,
            549.2
          ],
          [
            -121.869533,
            37.168618,
            549.2
          ],
          [
            -121.869536,
            37.168616,
            549.2
          ],
          [
            -121.869537,
            37.168594,
            549.4
          ],
          [
            -121.869535,
            37.168588,
            549.4
          ],
          [
            -121.869529,
            37.16857,
            549.6
          ],
          [
            -121.869525,
            37.168516,
            550
          ],
          [
            -121.869533,
            37.168497,
            550.4
          ],
          [
            -121.869548,
            37.168476,
            550.8
          ],
          [
            -121.869551,
            37.16844,
            551.2
          ],
          [
            -121.869549,
            37.168401,
            551.6
          ],
          [
            -121.869549,
            37.168391,
            551.8
          ],
          [
            -121.869534,
            37.168335,
            552.6
          ],
          [
            -121.86953,
            37.168326,
            552.8
          ],
          [
            -121.86952,
            37.168284,
            553
          ],
          [
            -121.869498,
            37.168198,
            553.8
          ],
          [
            -121.869499,
            37.168185,
            554
          ],
          [
            -121.869495,
            37.16811,
            555
          ],
          [
            -121.869497,
            37.168093,
            555.2
          ],
          [
            -121.869515,
            37.168017,
            556
          ],
          [
            -121.869529,
            37.167989,
            556.4
          ],
          [
            -121.869566,
            37.167937,
            557
          ],
          [
            -121.869577,
            37.167928,
            557.2
          ],
          [
            -121.8696,
            37.167896,
            557.8
          ],
          [
            -121.869617,
            37.167876,
            558
          ],
          [
            -121.869659,
            37.16781,
            558.8
          ],
          [
            -121.869672,
            37.167789,
            559.2
          ],
          [
            -121.869714,
            37.167747,
            559.8
          ],
          [
            -121.869739,
            37.167712,
            560.2
          ],
          [
            -121.869759,
            37.16766,
            560.6
          ],
          [
            -121.869769,
            37.167646,
            560.8
          ],
          [
            -121.869789,
            37.167622,
            561
          ],
          [
            -121.869801,
            37.16761,
            561.2
          ],
          [
            -121.869843,
            37.167581,
            561.6
          ],
          [
            -121.869924,
            37.16753,
            562.2
          ],
          [
            -121.869953,
            37.167513,
            562.6
          ],
          [
            -121.870038,
            37.167461,
            563.4
          ],
          [
            -121.87005,
            37.167457,
            563.6
          ],
          [
            -121.870139,
            37.167412,
            564.6
          ],
          [
            -121.870153,
            37.167407,
            564.8
          ],
          [
            -121.870249,
            37.16739,
            565.6
          ],
          [
            -121.870279,
            37.167379,
            566
          ],
          [
            -121.870368,
            37.167372,
            566.8
          ],
          [
            -121.870418,
            37.16737,
            567
          ],
          [
            -121.870516,
            37.167385,
            567.8
          ],
          [
            -121.870551,
            37.167395,
            568.2
          ],
          [
            -121.870646,
            37.167433,
            569
          ],
          [
            -121.870732,
            37.16747,
            569.8
          ],
          [
            -121.870765,
            37.167484,
            570.2
          ],
          [
            -121.870837,
            37.167495,
            570.8
          ],
          [
            -121.8709,
            37.167504,
            571.2
          ],
          [
            -121.870954,
            37.167506,
            571.8
          ],
          [
            -121.871017,
            37.167504,
            572.4
          ],
          [
            -121.871077,
            37.167497,
            572.8
          ],
          [
            -121.871143,
            37.167483,
            573.4
          ],
          [
            -121.871159,
            37.167477,
            573.6
          ],
          [
            -121.871261,
            37.167476,
            574.6
          ],
          [
            -121.871325,
            37.167465,
            575.4
          ],
          [
            -121.87136,
            37.167456,
            575.8
          ],
          [
            -121.871431,
            37.167454,
            576.4
          ],
          [
            -121.871483,
            37.167446,
            576.8
          ],
          [
            -121.871532,
            37.167437,
            577.2
          ],
          [
            -121.871618,
            37.16742,
            577.8
          ],
          [
            -121.871633,
            37.167416,
            577.8
          ],
          [
            -121.871707,
            37.1674,
            578.4
          ],
          [
            -121.871748,
            37.16739,
            579
          ],
          [
            -121.87181,
            37.167376,
            579.6
          ],
          [
            -121.87187,
            37.167379,
            580
          ],
          [
            -121.871893,
            37.167372,
            580.2
          ],
          [
            -121.871976,
            37.16735,
            581.2
          ],
          [
            -121.872003,
            37.167344,
            581.4
          ],
          [
            -121.872112,
            37.167338,
            582.2
          ],
          [
            -121.872124,
            37.167335,
            582.4
          ],
          [
            -121.872233,
            37.167333,
            583.2
          ],
          [
            -121.872247,
            37.167336,
            583.4
          ],
          [
            -121.872332,
            37.167337,
            584.2
          ],
          [
            -121.872373,
            37.167338,
            584.4
          ],
          [
            -121.872422,
            37.167346,
            585
          ],
          [
            -121.872456,
            37.167353,
            585.4
          ],
          [
            -121.872528,
            37.167346,
            586
          ],
          [
            -121.872559,
            37.167334,
            586.4
          ],
          [
            -121.872619,
            37.167326,
            587.2
          ],
          [
            -121.872676,
            37.167307,
            587.4
          ],
          [
            -121.872733,
            37.167283,
            588.2
          ],
          [
            -121.872761,
            37.167268,
            588.4
          ],
          [
            -121.87279,
            37.167248,
            589
          ],
          [
            -121.872835,
            37.16722,
            589.6
          ],
          [
            -121.872845,
            37.167214,
            589.6
          ],
          [
            -121.872911,
            37.167189,
            590.6
          ],
          [
            -121.872921,
            37.167185,
            590.6
          ],
          [
            -121.872942,
            37.16714,
            591.2
          ],
          [
            -121.872979,
            37.167115,
            591.6
          ],
          [
            -121.87299,
            37.167099,
            592
          ],
          [
            -121.873034,
            37.167053,
            592.8
          ],
          [
            -121.873059,
            37.167048,
            592.8
          ],
          [
            -121.87308,
            37.166995,
            593.6
          ],
          [
            -121.873083,
            37.166975,
            593.8
          ],
          [
            -121.873099,
            37.166932,
            594.2
          ],
          [
            -121.873115,
            37.166897,
            594.6
          ],
          [
            -121.873128,
            37.166884,
            594.8
          ],
          [
            -121.873233,
            37.166853,
            595.6
          ],
          [
            -121.873262,
            37.166835,
            596
          ],
          [
            -121.873319,
            37.166812,
            596.8
          ],
          [
            -121.873352,
            37.1668,
            597.2
          ],
          [
            -121.873405,
            37.1668,
            597.6
          ],
          [
            -121.873462,
            37.166807,
            598.2
          ],
          [
            -121.87348,
            37.166802,
            598.4
          ],
          [
            -121.873512,
            37.166802,
            599
          ],
          [
            -121.87353,
            37.166809,
            599.4
          ],
          [
            -121.873543,
            37.166809,
            599.4
          ],
          [
            -121.873604,
            37.166818,
            600.2
          ],
          [
            -121.873615,
            37.166819,
            600.4
          ],
          [
            -121.873701,
            37.166818,
            601.4
          ],
          [
            -121.873716,
            37.166817,
            601.6
          ],
          [
            -121.873748,
            37.166808,
            602.2
          ],
          [
            -121.873766,
            37.166797,
            602.6
          ],
          [
            -121.87378,
            37.166792,
            602.6
          ],
          [
            -121.873843,
            37.16677,
            603.6
          ],
          [
            -121.873895,
            37.16674,
            604.4
          ],
          [
            -121.87391,
            37.166732,
            604.8
          ],
          [
            -121.873953,
            37.166719,
            605.2
          ],
          [
            -121.874003,
            37.166714,
            605.8
          ],
          [
            -121.874003,
            37.166714,
            606
          ],
          [
            -121.874043,
            37.166709,
            606.2
          ],
          [
            -121.874043,
            37.166709,
            606.2
          ],
          [
            -121.874037,
            37.166711,
            606
          ],
          [
            -121.874029,
            37.166708,
            606
          ],
          [
            -121.874023,
            37.166688,
            605.8
          ],
          [
            -121.874028,
            37.166685,
            606
          ],
          [
            -121.874027,
            37.166698,
            606
          ],
          [
            -121.874027,
            37.166698,
            605.8
          ],
          [
            -121.874073,
            37.166676,
            605.8
          ],
          [
            -121.874112,
            37.166647,
            605.8
          ],
          [
            -121.874126,
            37.166638,
            605.8
          ],
          [
            -121.87418,
            37.166597,
            605.8
          ],
          [
            -121.874211,
            37.166576,
            608
          ],
          [
            -121.874263,
            37.166561,
            608.6
          ],
          [
            -121.874293,
            37.166541,
            609
          ],
          [
            -121.874327,
            37.16653,
            609.4
          ],
          [
            -121.874366,
            37.166511,
            610
          ],
          [
            -121.874388,
            37.166502,
            610.2
          ],
          [
            -121.874445,
            37.166479,
            610.8
          ],
          [
            -121.874461,
            37.166474,
            611
          ],
          [
            -121.874519,
            37.166459,
            611.6
          ],
          [
            -121.874556,
            37.166451,
            612
          ],
          [
            -121.874612,
            37.166454,
            612.4
          ],
          [
            -121.874641,
            37.166468,
            612.8
          ],
          [
            -121.874677,
            37.166476,
            612.8
          ],
          [
            -121.874735,
            37.166487,
            613
          ],
          [
            -121.874778,
            37.166506,
            613.6
          ],
          [
            -121.874885,
            37.166532,
            614.2
          ],
          [
            -121.87494,
            37.166537,
            614.4
          ],
          [
            -121.875037,
            37.166524,
            614.6
          ],
          [
            -121.875092,
            37.166504,
            615
          ],
          [
            -121.875114,
            37.166493,
            615.2
          ],
          [
            -121.87521,
            37.166426,
            616.2
          ],
          [
            -121.875218,
            37.16641,
            616.4
          ],
          [
            -121.875226,
            37.166322,
            617.4
          ],
          [
            -121.87522,
            37.166304,
            617.6
          ],
          [
            -121.87515,
            37.166208,
            618.6
          ],
          [
            -121.875134,
            37.166191,
            618.8
          ],
          [
            -121.875067,
            37.166126,
            619.6
          ],
          [
            -121.875057,
            37.166112,
            619.8
          ],
          [
            -121.87498,
            37.166036,
            620.8
          ],
          [
            -121.874951,
            37.166019,
            621
          ],
          [
            -121.87492,
            37.165997,
            621.4
          ],
          [
            -121.874879,
            37.165967,
            621.8
          ],
          [
            -121.874788,
            37.165899,
            622.6
          ],
          [
            -121.874755,
            37.165865,
            622.8
          ],
          [
            -121.874712,
            37.165809,
            623.6
          ],
          [
            -121.874686,
            37.165737,
            624
          ],
          [
            -121.874698,
            37.165679,
            624.4
          ],
          [
            -121.874723,
            37.165616,
            625.2
          ],
          [
            -121.874742,
            37.165593,
            625.6
          ],
          [
            -121.874791,
            37.165522,
            626.4
          ],
          [
            -121.874797,
            37.165512,
            626.6
          ],
          [
            -121.874804,
            37.165442,
            627.4
          ],
          [
            -121.874802,
            37.16543,
            627.6
          ],
          [
            -121.874796,
            37.165362,
            628.2
          ],
          [
            -121.87479,
            37.165336,
            628.4
          ],
          [
            -121.874792,
            37.165281,
            629
          ],
          [
            -121.874771,
            37.165257,
            629.4
          ],
          [
            -121.874739,
            37.165226,
            629.6
          ],
          [
            -121.874699,
            37.165179,
            630.6
          ],
          [
            -121.874691,
            37.165167,
            630.6
          ],
          [
            -121.874625,
            37.165064,
            631.6
          ],
          [
            -121.874572,
            37.164975,
            632.2
          ],
          [
            -121.874565,
            37.164961,
            632.2
          ],
          [
            -121.874559,
            37.164889,
            632.6
          ],
          [
            -121.874563,
            37.164864,
            633
          ],
          [
            -121.874602,
            37.164787,
            633.6
          ],
          [
            -121.874609,
            37.164772,
            633.6
          ],
          [
            -121.874648,
            37.164715,
            634
          ],
          [
            -121.874688,
            37.16467,
            634.8
          ],
          [
            -121.874703,
            37.16465,
            634.8
          ],
          [
            -121.874746,
            37.164588,
            635.6
          ],
          [
            -121.874753,
            37.164579,
            635.8
          ],
          [
            -121.874761,
            37.164572,
            635.8
          ],
          [
            -121.87481,
            37.164505,
            636.4
          ],
          [
            -121.874834,
            37.16447,
            637
          ],
          [
            -121.874846,
            37.164448,
            637
          ],
          [
            -121.87489,
            37.164357,
            638
          ],
          [
            -121.87489,
            37.164357,
            638
          ],
          [
            -121.874936,
            37.164291,
            638.6
          ],
          [
            -121.874936,
            37.164286,
            639
          ],
          [
            -121.874937,
            37.164287,
            639
          ],
          [
            -121.874939,
            37.164283,
            639
          ],
          [
            -121.874937,
            37.16426,
            639.2
          ],
          [
            -121.874942,
            37.164266,
            639
          ],
          [
            -121.874946,
            37.164273,
            639.2
          ],
          [
            -121.874949,
            37.164272,
            638.8
          ],
          [
            -121.874944,
            37.164273,
            639
          ],
          [
            -121.874947,
            37.164261,
            638.6
          ],
          [
            -121.874951,
            37.164262,
            639
          ],
          [
            -121.874949,
            37.16426,
            639
          ],
          [
            -121.874937,
            37.164278,
            639
          ],
          [
            -121.874946,
            37.164268,
            639
          ],
          [
            -121.874952,
            37.164261,
            639
          ],
          [
            -121.874941,
            37.164188,
            639
          ],
          [
            -121.874926,
            37.164146,
            639.6
          ],
          [
            -121.874929,
            37.164144,
            639.6
          ],
          [
            -121.874903,
            37.164115,
            639.8
          ],
          [
            -121.87488,
            37.164074,
            640.2
          ],
          [
            -121.874872,
            37.164026,
            640.4
          ],
          [
            -121.87486,
            37.163972,
            640.8
          ],
          [
            -121.87484,
            37.163934,
            641.2
          ],
          [
            -121.874836,
            37.163925,
            641.2
          ],
          [
            -121.87478,
            37.163849,
            642.2
          ],
          [
            -121.874769,
            37.163824,
            642.4
          ],
          [
            -121.874719,
            37.163779,
            643
          ],
          [
            -121.874686,
            37.163745,
            643.4
          ],
          [
            -121.874635,
            37.163686,
            644
          ],
          [
            -121.87461,
            37.163661,
            644.4
          ],
          [
            -121.87455,
            37.163603,
            645.2
          ],
          [
            -121.874523,
            37.163582,
            645.4
          ],
          [
            -121.874474,
            37.163545,
            646
          ],
          [
            -121.874425,
            37.163493,
            646.6
          ],
          [
            -121.874421,
            37.163481,
            646.8
          ],
          [
            -121.874409,
            37.163471,
            646.8
          ],
          [
            -121.874342,
            37.163449,
            647.2
          ],
          [
            -121.874306,
            37.163411,
            647.6
          ],
          [
            -121.87429,
            37.163389,
            648
          ],
          [
            -121.874219,
            37.163331,
            648.6
          ],
          [
            -121.87421,
            37.163325,
            648.8
          ],
          [
            -121.874154,
            37.163275,
            649.4
          ],
          [
            -121.874118,
            37.163236,
            649.8
          ],
          [
            -121.874084,
            37.163199,
            650.2
          ],
          [
            -121.874053,
            37.163158,
            650.8
          ],
          [
            -121.874042,
            37.163087,
            651.6
          ],
          [
            -121.874022,
            37.16306,
            652
          ],
          [
            -121.874015,
            37.163036,
            652.2
          ],
          [
            -121.873985,
            37.162988,
            652.8
          ],
          [
            -121.873983,
            37.16298,
            653
          ],
          [
            -121.873965,
            37.162925,
            653.6
          ],
          [
            -121.873955,
            37.162909,
            653.8
          ],
          [
            -121.873937,
            37.162894,
            654
          ],
          [
            -121.873915,
            37.162874,
            654
          ],
          [
            -121.873907,
            37.162866,
            654.2
          ],
          [
            -121.873878,
            37.162837,
            654.6
          ],
          [
            -121.87388,
            37.162825,
            654.8
          ],
          [
            -121.873866,
            37.162806,
            654.8
          ],
          [
            -121.873854,
            37.162775,
            655.2
          ],
          [
            -121.873846,
            37.162726,
            655.6
          ],
          [
            -121.873796,
            37.162645,
            656.2
          ],
          [
            -121.873784,
            37.162635,
            656.4
          ],
          [
            -121.87377,
            37.162524,
            657.2
          ],
          [
            -121.873773,
            37.162493,
            657.4
          ],
          [
            -121.87379,
            37.162441,
            657.8
          ],
          [
            -121.873829,
            37.162391,
            658.4
          ],
          [
            -121.873889,
            37.162364,
            658.6
          ],
          [
            -121.873996,
            37.162335,
            659.2
          ],
          [
            -121.874011,
            37.162332,
            659.4
          ],
          [
            -121.874145,
            37.162298,
            660.2
          ],
          [
            -121.874194,
            37.162291,
            660.4
          ],
          [
            -121.874284,
            37.162276,
            661
          ],
          [
            -121.874346,
            37.162289,
            661.6
          ],
          [
            -121.874388,
            37.162293,
            661.8
          ],
          [
            -121.874484,
            37.1623,
            662.6
          ],
          [
            -121.874491,
            37.162305,
            662.8
          ],
          [
            -121.874587,
            37.162334,
            663.6
          ],
          [
            -121.874607,
            37.162334,
            663.8
          ],
          [
            -121.874625,
            37.162342,
            663.8
          ],
          [
            -121.874657,
            37.162352,
            664
          ],
          [
            -121.874766,
            37.162355,
            664.6
          ],
          [
            -121.87478,
            37.162355,
            664.8
          ],
          [
            -121.874872,
            37.162363,
            665.4
          ],
          [
            -121.874929,
            37.162363,
            666
          ],
          [
            -121.874967,
            37.162362,
            666.2
          ],
          [
            -121.875039,
            37.162356,
            667.2
          ],
          [
            -121.875067,
            37.162356,
            667.4
          ],
          [
            -121.875143,
            37.162349,
            668.2
          ],
          [
            -121.875255,
            37.162318,
            669
          ],
          [
            -121.875291,
            37.162309,
            669.4
          ],
          [
            -121.875347,
            37.162263,
            669.8
          ],
          [
            -121.875414,
            37.16222,
            670.4
          ],
          [
            -121.875466,
            37.162141,
            671
          ],
          [
            -121.875501,
            37.162106,
            671.4
          ],
          [
            -121.87553,
            37.162085,
            671.8
          ],
          [
            -121.87556,
            37.162016,
            672.6
          ],
          [
            -121.87556,
            37.161927,
            673.2
          ],
          [
            -121.875544,
            37.161868,
            673.6
          ],
          [
            -121.875541,
            37.161832,
            673.8
          ],
          [
            -121.875519,
            37.161766,
            674.6
          ],
          [
            -121.875512,
            37.16172,
            675
          ],
          [
            -121.875505,
            37.161658,
            675.6
          ],
          [
            -121.875501,
            37.161643,
            675.8
          ],
          [
            -121.875484,
            37.161541,
            676.6
          ],
          [
            -121.875488,
            37.161528,
            676.6
          ],
          [
            -121.87551,
            37.161442,
            677.6
          ],
          [
            -121.875515,
            37.161432,
            677.8
          ],
          [
            -121.875558,
            37.161388,
            678.4
          ],
          [
            -121.875578,
            37.161344,
            678.8
          ],
          [
            -121.875604,
            37.161286,
            679.6
          ],
          [
            -121.875617,
            37.161267,
            680
          ],
          [
            -121.875643,
            37.1612,
            680.8
          ],
          [
            -121.875651,
            37.161151,
            681.2
          ],
          [
            -121.87565,
            37.161121,
            681.6
          ],
          [
            -121.8756,
            37.161027,
            682.4
          ],
          [
            -121.875522,
            37.160946,
            683.6
          ],
          [
            -121.87547,
            37.160873,
            684.6
          ],
          [
            -121.875457,
            37.160861,
            684.8
          ],
          [
            -121.875395,
            37.160807,
            685.6
          ],
          [
            -121.875373,
            37.160789,
            686
          ],
          [
            -121.875309,
            37.160762,
            686.8
          ],
          [
            -121.875251,
            37.160735,
            687.2
          ],
          [
            -121.875203,
            37.160707,
            687.8
          ],
          [
            -121.875159,
            37.160689,
            688.2
          ],
          [
            -121.875107,
            37.16064,
            688.8
          ],
          [
            -121.875087,
            37.160618,
            689
          ],
          [
            -121.875049,
            37.160553,
            690
          ],
          [
            -121.875045,
            37.16053,
            690.2
          ],
          [
            -121.875042,
            37.16047,
            691
          ],
          [
            -121.875045,
            37.160424,
            691.2
          ],
          [
            -121.875044,
            37.160369,
            691.6
          ],
          [
            -121.875043,
            37.160319,
            692
          ],
          [
            -121.875042,
            37.160292,
            692
          ],
          [
            -121.875054,
            37.160245,
            692.4
          ],
          [
            -121.875099,
            37.160165,
            692.8
          ],
          [
            -121.875141,
            37.16012,
            693.2
          ],
          [
            -121.875181,
            37.160089,
            693.4
          ],
          [
            -121.875308,
            37.160016,
            694.2
          ],
          [
            -121.875425,
            37.159948,
            695.2
          ],
          [
            -121.875519,
            37.159892,
            695.6
          ],
          [
            -121.875611,
            37.159812,
            696.2
          ],
          [
            -121.875698,
            37.159725,
            697.4
          ],
          [
            -121.875722,
            37.159704,
            697.6
          ],
          [
            -121.875805,
            37.159617,
            698.2
          ],
          [
            -121.875813,
            37.159603,
            698.4
          ],
          [
            -121.875884,
            37.15951,
            699
          ],
          [
            -121.87594,
            37.159431,
            699.4
          ],
          [
            -121.875972,
            37.159405,
            699.8
          ],
          [
            -121.876001,
            37.159419,
            699.8
          ],
          [
            -121.876009,
            37.159414,
            699.8
          ],
          [
            -121.876038,
            37.159391,
            699.6
          ],
          [
            -121.876069,
            37.15936,
            699.8
          ],
          [
            -121.876075,
            37.159353,
            699.8
          ],
          [
            -121.876107,
            37.159299,
            700
          ],
          [
            -121.876173,
            37.159249,
            700.4
          ],
          [
            -121.876209,
            37.159226,
            700.6
          ],
          [
            -121.876332,
            37.159216,
            701
          ],
          [
            -121.876484,
            37.159213,
            701.4
          ],
          [
            -121.876546,
            37.159202,
            701.8
          ],
          [
            -121.87656,
            37.159189,
            701.8
          ],
          [
            -121.876555,
            37.159188,
            701.8
          ],
          [
            -121.876565,
            37.159181,
            701.8
          ],
          [
            -121.876568,
            37.15917,
            701.8
          ],
          [
            -121.876539,
            37.159133,
            702
          ],
          [
            -121.876519,
            37.159077,
            702.4
          ],
          [
            -121.87652,
            37.159044,
            702.6
          ],
          [
            -121.87652,
            37.159044,
            702.6
          ],
          [
            -121.876524,
            37.15898,
            702.8
          ],
          [
            -121.876539,
            37.158975,
            702.8
          ],
          [
            -121.876551,
            37.158974,
            702.8
          ],
          [
            -121.876545,
            37.158978,
            702.8
          ],
          [
            -121.876546,
            37.15898,
            702.8
          ],
          [
            -121.876583,
            37.158973,
            702.8
          ],
          [
            -121.876748,
            37.158961,
            703.4
          ],
          [
            -121.876795,
            37.158967,
            703.6
          ],
          [
            -121.876862,
            37.158979,
            704
          ],
          [
            -121.876887,
            37.158984,
            704
          ],
          [
            -121.876978,
            37.159,
            704.6
          ],
          [
            -121.877071,
            37.158991,
            705
          ],
          [
            -121.877216,
            37.15894,
            705.6
          ],
          [
            -121.877263,
            37.158905,
            705.6
          ],
          [
            -121.877312,
            37.158862,
            706
          ],
          [
            -121.877437,
            37.15876,
            706.8
          ],
          [
            -121.877541,
            37.1587,
            707.8
          ],
          [
            -121.877565,
            37.158694,
            708
          ],
          [
            -121.877677,
            37.158663,
            708
          ],
          [
            -121.877746,
            37.158646,
            708.4
          ],
          [
            -121.877833,
            37.158621,
            709
          ],
          [
            -121.877968,
            37.158587,
            709.4
          ],
          [
            -121.878056,
            37.158566,
            710
          ],
          [
            -121.878185,
            37.158524,
            710.6
          ],
          [
            -121.878291,
            37.158484,
            711
          ],
          [
            -121.878416,
            37.158422,
            711.6
          ],
          [
            -121.878511,
            37.158322,
            712
          ],
          [
            -121.878535,
            37.158292,
            712.2
          ],
          [
            -121.878634,
            37.158183,
            712.8
          ],
          [
            -121.878697,
            37.15812,
            713.2
          ],
          [
            -121.878754,
            37.158082,
            713.4
          ],
          [
            -121.878888,
            37.158021,
            714.2
          ],
          [
            -121.878909,
            37.158014,
            714.2
          ],
          [
            -121.879078,
            37.157964,
            715.4
          ],
          [
            -121.87912,
            37.157947,
            715.4
          ],
          [
            -121.879297,
            37.157862,
            716.4
          ],
          [
            -121.879449,
            37.157782,
            717
          ],
          [
            -121.879506,
            37.157727,
            717.4
          ],
          [
            -121.879567,
            37.157669,
            717.8
          ],
          [
            -121.879638,
            37.157574,
            718.6
          ],
          [
            -121.879662,
            37.157549,
            718.8
          ],
          [
            -121.879788,
            37.157441,
            719.6
          ],
          [
            -121.879933,
            37.157398,
            720.6
          ],
          [
            -121.879955,
            37.157393,
            720.8
          ],
          [
            -121.88007,
            37.157372,
            721.8
          ],
          [
            -121.880091,
            37.15737,
            722.2
          ],
          [
            -121.880189,
            37.15737,
            722.8
          ],
          [
            -121.88022,
            37.157369,
            723.2
          ],
          [
            -121.880302,
            37.157351,
            724
          ],
          [
            -121.88033,
            37.157344,
            724.4
          ],
          [
            -121.880407,
            37.157339,
            725
          ],
          [
            -121.880417,
            37.157339,
            725.2
          ],
          [
            -121.880491,
            37.157326,
            725.8
          ],
          [
            -121.880511,
            37.157318,
            726.2
          ],
          [
            -121.880574,
            37.157308,
            726.8
          ],
          [
            -121.880637,
            37.157288,
            727.2
          ],
          [
            -121.88065,
            37.157285,
            727.4
          ],
          [
            -121.880741,
            37.157275,
            728.2
          ],
          [
            -121.88082,
            37.157255,
            729
          ],
          [
            -121.880865,
            37.157255,
            729.2
          ],
          [
            -121.880885,
            37.157249,
            729.6
          ],
          [
            -121.880961,
            37.15722,
            730.2
          ],
          [
            -121.880987,
            37.157211,
            730.4
          ],
          [
            -121.881014,
            37.157201,
            730.8
          ],
          [
            -121.881076,
            37.157177,
            731.2
          ],
          [
            -121.881085,
            37.157167,
            731.4
          ],
          [
            -121.881117,
            37.15714,
            732
          ],
          [
            -121.881138,
            37.157136,
            732.2
          ],
          [
            -121.881163,
            37.15713,
            732.6
          ],
          [
            -121.881215,
            37.157106,
            733.2
          ],
          [
            -121.881252,
            37.157102,
            733.6
          ],
          [
            -121.881289,
            37.157075,
            734
          ],
          [
            -121.881307,
            37.157054,
            734.8
          ],
          [
            -121.88131,
            37.157057,
            734.6
          ],
          [
            -121.881339,
            37.157037,
            735
          ],
          [
            -121.881339,
            37.157037,
            735
          ],
          [
            -121.881339,
            37.157037,
            734.8
          ],
          [
            -121.881339,
            37.157037,
            734.8
          ],
          [
            -121.881339,
            37.157037,
            734.8
          ],
          [
            -121.881339,
            37.157037,
            734.8
          ],
          [
            -121.881341,
            37.157041,
            734.8
          ],
          [
            -121.88134,
            37.15704,
            734.8
          ],
          [
            -121.881319,
            37.15704,
            734.8
          ],
          [
            -121.881319,
            37.157049,
            734.8
          ],
          [
            -121.88128,
            37.157081,
            734.8
          ],
          [
            -121.881203,
            37.15712,
            733.8
          ],
          [
            -121.881191,
            37.157126,
            733.6
          ],
          [
            -121.881116,
            37.157163,
            732.6
          ],
          [
            -121.881103,
            37.157195,
            732.4
          ],
          [
            -121.88111,
            37.157207,
            732
          ],
          [
            -121.881127,
            37.157226,
            731.6
          ],
          [
            -121.881128,
            37.157227,
            731.6
          ],
          [
            -121.881128,
            37.157227,
            731.6
          ],
          [
            -121.881128,
            37.157227,
            731.6
          ],
          [
            -121.881128,
            37.157227,
            731.6
          ],
          [
            -121.881175,
            37.157233,
            731.6
          ],
          [
            -121.881262,
            37.157245,
            731.4
          ],
          [
            -121.881363,
            37.157243,
            731.2
          ],
          [
            -121.881412,
            37.157266,
            732
          ],
          [
            -121.881482,
            37.157338,
            732.2
          ],
          [
            -121.88152,
            37.157385,
            732.6
          ],
          [
            -121.881553,
            37.157449,
            733.4
          ],
          [
            -121.881568,
            37.157503,
            733.8
          ],
          [
            -121.881581,
            37.157538,
            733.8
          ],
          [
            -121.881598,
            37.15757,
            734.2
          ],
          [
            -121.881618,
            37.157625,
            735
          ],
          [
            -121.881642,
            37.157698,
            735.4
          ],
          [
            -121.881696,
            37.157757,
            735.6
          ],
          [
            -121.881728,
            37.157788,
            735.8
          ],
          [
            -121.881745,
            37.157801,
            736
          ],
          [
            -121.881807,
            37.157885,
            736.8
          ],
          [
            -121.881817,
            37.1579,
            737
          ],
          [
            -121.881826,
            37.157914,
            737
          ],
          [
            -121.881888,
            37.157989,
            738.2
          ],
          [
            -121.88191,
            37.158025,
            738.4
          ],
          [
            -121.881943,
            37.158064,
            739.2
          ],
          [
            -121.881995,
            37.158108,
            740
          ],
          [
            -121.882103,
            37.158169,
            739.8
          ],
          [
            -121.882121,
            37.158175,
            739.4
          ],
          [
            -121.882248,
            37.15815,
            739.8
          ],
          [
            -121.882345,
            37.158109,
            740.2
          ],
          [
            -121.882365,
            37.158088,
            740.4
          ],
          [
            -121.882468,
            37.158015,
            741
          ],
          [
            -121.8825,
            37.157981,
            741.4
          ],
          [
            -121.882586,
            37.157937,
            742.4
          ],
          [
            -121.882636,
            37.157909,
            742.4
          ],
          [
            -121.882695,
            37.157855,
            743.2
          ],
          [
            -121.882712,
            37.157841,
            743.6
          ],
          [
            -121.882794,
            37.157779,
            744.4
          ],
          [
            -121.882808,
            37.157769,
            744.6
          ],
          [
            -121.882873,
            37.157726,
            745.4
          ],
          [
            -121.882912,
            37.157687,
            745.6
          ],
          [
            -121.882923,
            37.157673,
            745.8
          ],
          [
            -121.882971,
            37.157606,
            746.2
          ],
          [
            -121.882985,
            37.157568,
            746.2
          ],
          [
            -121.883014,
            37.157492,
            747
          ],
          [
            -121.883072,
            37.157447,
            747.6
          ],
          [
            -121.883186,
            37.157443,
            747.8
          ],
          [
            -121.883229,
            37.157454,
            748
          ],
          [
            -121.883332,
            37.15748,
            748.4
          ],
          [
            -121.883437,
            37.157519,
            749.2
          ],
          [
            -121.883507,
            37.157574,
            749.6
          ],
          [
            -121.88361,
            37.157681,
            749.4
          ],
          [
            -121.883666,
            37.157764,
            750.4
          ],
          [
            -121.883678,
            37.15778,
            750.4
          ],
          [
            -121.883699,
            37.157801,
            751.4
          ],
          [
            -121.8837,
            37.157816,
            751.4
          ],
          [
            -121.883703,
            37.157827,
            751.4
          ],
          [
            -121.883717,
            37.157842,
            751.6
          ],
          [
            -121.883733,
            37.157853,
            751.6
          ],
          [
            -121.883736,
            37.157856,
            751.6
          ],
          [
            -121.883757,
            37.157873,
            751.4
          ],
          [
            -121.883882,
            37.157899,
            752
          ],
          [
            -121.883924,
            37.157893,
            752.4
          ],
          [
            -121.884022,
            37.1579,
            753.4
          ],
          [
            -121.884117,
            37.157926,
            754.4
          ],
          [
            -121.884142,
            37.157935,
            754.4
          ],
          [
            -121.884163,
            37.157947,
            754.6
          ],
          [
            -121.884279,
            37.157992,
            755.2
          ],
          [
            -121.884466,
            37.158037,
            755.4
          ],
          [
            -121.884557,
            37.158074,
            755.6
          ],
          [
            -121.884619,
            37.15811,
            756.2
          ],
          [
            -121.884718,
            37.158189,
            756.6
          ],
          [
            -121.884756,
            37.158211,
            757
          ],
          [
            -121.884821,
            37.158233,
            757.8
          ],
          [
            -121.884943,
            37.158237,
            757.8
          ],
          [
            -121.885181,
            37.158264,
            757.4
          ],
          [
            -121.885292,
            37.158278,
            757.2
          ],
          [
            -121.885311,
            37.158283,
            757.6
          ],
          [
            -121.885311,
            37.158283,
            757.4
          ],
          [
            -121.885311,
            37.158283,
            757.2
          ],
          [
            -121.885311,
            37.158283,
            757.2
          ],
          [
            -121.885311,
            37.158283,
            757.4
          ],
          [
            -121.885299,
            37.158283,
            757
          ],
          [
            -121.8853,
            37.158282,
            757
          ],
          [
            -121.885337,
            37.158274,
            756.8
          ],
          [
            -121.885447,
            37.158267,
            756.8
          ],
          [
            -121.885531,
            37.158239,
            756.8
          ],
          [
            -121.885547,
            37.158218,
            756.6
          ],
          [
            -121.885551,
            37.158165,
            756.2
          ],
          [
            -121.885545,
            37.158134,
            756
          ],
          [
            -121.885537,
            37.158101,
            756
          ],
          [
            -121.885501,
            37.157987,
            755.6
          ],
          [
            -121.885456,
            37.15784,
            754.8
          ],
          [
            -121.885364,
            37.157626,
            754.6
          ],
          [
            -121.885348,
            37.157596,
            754.6
          ],
          [
            -121.885332,
            37.157566,
            754.6
          ],
          [
            -121.885281,
            37.157482,
            754.4
          ],
          [
            -121.885222,
            37.157397,
            754.4
          ],
          [
            -121.885085,
            37.157208,
            754.4
          ],
          [
            -121.884971,
            37.157042,
            754.4
          ],
          [
            -121.884985,
            37.157003,
            754.4
          ],
          [
            -121.885027,
            37.156952,
            754.4
          ],
          [
            -121.885055,
            37.156944,
            754.4
          ],
          [
            -121.885094,
            37.156945,
            755
          ],
          [
            -121.885163,
            37.156995,
            756
          ],
          [
            -121.885237,
            37.157034,
            756.6
          ],
          [
            -121.885306,
            37.157051,
            757
          ],
          [
            -121.88535,
            37.157059,
            757.4
          ],
          [
            -121.885372,
            37.157066,
            757.8
          ],
          [
            -121.885397,
            37.157072,
            758
          ],
          [
            -121.885429,
            37.157078,
            758.2
          ],
          [
            -121.885506,
            37.157083,
            758.4
          ],
          [
            -121.885558,
            37.157074,
            758.8
          ],
          [
            -121.885678,
            37.156989,
            758.8
          ],
          [
            -121.885848,
            37.156866,
            758.6
          ],
          [
            -121.886074,
            37.156745,
            758.4
          ],
          [
            -121.886356,
            37.15664,
            757.6
          ],
          [
            -121.886453,
            37.156525,
            757
          ],
          [
            -121.886473,
            37.156495,
            756.6
          ],
          [
            -121.886535,
            37.15638,
            755.8
          ],
          [
            -121.886609,
            37.15633,
            755.2
          ],
          [
            -121.886716,
            37.156349,
            755.2
          ],
          [
            -121.886765,
            37.156446,
            755.2
          ],
          [
            -121.886805,
            37.156566,
            756.4
          ],
          [
            -121.886838,
            37.156623,
            757
          ],
          [
            -121.886887,
            37.156666,
            758
          ],
          [
            -121.886928,
            37.15669,
            758.2
          ],
          [
            -121.886976,
            37.156705,
            758.8
          ],
          [
            -121.887045,
            37.156714,
            759.4
          ],
          [
            -121.887162,
            37.156683,
            760.4
          ],
          [
            -121.887178,
            37.156678,
            760.8
          ],
          [
            -121.887222,
            37.156649,
            761.6
          ],
          [
            -121.887254,
            37.156637,
            762
          ],
          [
            -121.88729,
            37.156609,
            762.4
          ],
          [
            -121.887312,
            37.156596,
            762.8
          ],
          [
            -121.887366,
            37.156569,
            763.4
          ],
          [
            -121.887393,
            37.15655,
            763.8
          ],
          [
            -121.887442,
            37.156521,
            764.8
          ],
          [
            -121.887457,
            37.156513,
            765
          ],
          [
            -121.887476,
            37.156497,
            765.4
          ],
          [
            -121.887518,
            37.156471,
            766
          ],
          [
            -121.887537,
            37.156466,
            766.2
          ],
          [
            -121.887585,
            37.156465,
            766.4
          ],
          [
            -121.887606,
            37.156473,
            766.8
          ],
          [
            -121.887619,
            37.1565,
            767.4
          ],
          [
            -121.887624,
            37.156519,
            767.4
          ],
          [
            -121.887607,
            37.156635,
            767.8
          ],
          [
            -121.887604,
            37.156688,
            768.4
          ],
          [
            -121.887604,
            37.156732,
            769
          ],
          [
            -121.88761,
            37.156754,
            769.4
          ],
          [
            -121.887646,
            37.156813,
            770.4
          ],
          [
            -121.887655,
            37.156823,
            770.6
          ],
          [
            -121.887733,
            37.156858,
            771.4
          ],
          [
            -121.887755,
            37.156858,
            771.6
          ],
          [
            -121.887834,
            37.156829,
            772.4
          ],
          [
            -121.887858,
            37.156818,
            773
          ],
          [
            -121.887913,
            37.156796,
            773.4
          ],
          [
            -121.888062,
            37.156738,
            773.8
          ],
          [
            -121.888219,
            37.156704,
            773
          ],
          [
            -121.888302,
            37.156708,
            771.8
          ],
          [
            -121.888358,
            37.156725,
            771.8
          ],
          [
            -121.888377,
            37.156741,
            772.2
          ],
          [
            -121.888393,
            37.156772,
            772.2
          ],
          [
            -121.888405,
            37.156806,
            772.2
          ],
          [
            -121.888322,
            37.156887,
            772
          ],
          [
            -121.888271,
            37.156967,
            771.4
          ],
          [
            -121.888291,
            37.15706,
            772.4
          ],
          [
            -121.888292,
            37.157101,
            772.6
          ],
          [
            -121.888271,
            37.157149,
            773
          ],
          [
            -121.888232,
            37.157192,
            773.4
          ],
          [
            -121.888211,
            37.15725,
            774
          ],
          [
            -121.888234,
            37.157289,
            774.2
          ],
          [
            -121.888296,
            37.157344,
            775.2
          ],
          [
            -121.888318,
            37.157365,
            775.6
          ],
          [
            -121.888339,
            37.157403,
            776.2
          ],
          [
            -121.888369,
            37.157431,
            776.8
          ],
          [
            -121.888441,
            37.157501,
            777
          ],
          [
            -121.888443,
            37.157518,
            777.2
          ],
          [
            -121.888468,
            37.157618,
            778.4
          ],
          [
            -121.888443,
            37.15766,
            778.6
          ],
          [
            -121.888366,
            37.157666,
            778.8
          ],
          [
            -121.888291,
            37.157652,
            779.4
          ],
          [
            -121.888249,
            37.157639,
            779.6
          ],
          [
            -121.888097,
            37.157617,
            780.4
          ],
          [
            -121.887926,
            37.157659,
            781.2
          ],
          [
            -121.887744,
            37.157732,
            781.4
          ],
          [
            -121.887719,
            37.157741,
            781.6
          ],
          [
            -121.887565,
            37.15779,
            782
          ],
          [
            -121.887505,
            37.157857,
            782.6
          ],
          [
            -121.887475,
            37.157888,
            782.8
          ],
          [
            -121.887468,
            37.15801,
            783.2
          ],
          [
            -121.887508,
            37.158061,
            783.6
          ],
          [
            -121.88756,
            37.158128,
            784
          ],
          [
            -121.887652,
            37.158194,
            784.8
          ],
          [
            -121.887669,
            37.158206,
            785.2
          ],
          [
            -121.887712,
            37.158247,
            786
          ],
          [
            -121.887781,
            37.158323,
            787
          ],
          [
            -121.887855,
            37.158385,
            788.2
          ],
          [
            -121.887939,
            37.158417,
            789.2
          ],
          [
            -121.887957,
            37.158418,
            789.2
          ],
          [
            -121.887978,
            37.158414,
            789.4
          ],
          [
            -121.888069,
            37.15839,
            789.8
          ],
          [
            -121.888227,
            37.158346,
            790
          ],
          [
            -121.888335,
            37.158362,
            790.2
          ],
          [
            -121.888355,
            37.158369,
            790.8
          ],
          [
            -121.888438,
            37.158399,
            791.8
          ],
          [
            -121.888562,
            37.158433,
            791.8
          ],
          [
            -121.888675,
            37.158432,
            793
          ],
          [
            -121.888698,
            37.158429,
            793.2
          ],
          [
            -121.888769,
            37.15842,
            794
          ],
          [
            -121.888821,
            37.15841,
            795.2
          ],
          [
            -121.888965,
            37.158392,
            795.8
          ],
          [
            -121.889094,
            37.158373,
            796.2
          ],
          [
            -121.889115,
            37.158373,
            796.4
          ],
          [
            -121.889249,
            37.158381,
            796.8
          ],
          [
            -121.88934,
            37.158363,
            797.4
          ],
          [
            -121.889379,
            37.158355,
            797.6
          ],
          [
            -121.88951,
            37.158358,
            797.6
          ],
          [
            -121.889529,
            37.158362,
            797.6
          ],
          [
            -121.889623,
            37.158379,
            798.4
          ],
          [
            -121.889641,
            37.158377,
            798.4
          ],
          [
            -121.889711,
            37.158379,
            798.6
          ],
          [
            -121.889732,
            37.158373,
            798.6
          ],
          [
            -121.889865,
            37.158321,
            799.2
          ],
          [
            -121.889899,
            37.158318,
            799.6
          ],
          [
            -121.889971,
            37.158316,
            800.2
          ],
          [
            -121.890039,
            37.158323,
            800.6
          ],
          [
            -121.890073,
            37.158331,
            800.8
          ],
          [
            -121.89017,
            37.158367,
            801
          ],
          [
            -121.890189,
            37.158373,
            801
          ],
          [
            -121.890243,
            37.158383,
            801.4
          ],
          [
            -121.890279,
            37.158378,
            801.8
          ],
          [
            -121.890302,
            37.158374,
            802.2
          ],
          [
            -121.890383,
            37.158363,
            803
          ],
          [
            -121.890417,
            37.158364,
            803.6
          ],
          [
            -121.890525,
            37.158369,
            804.2
          ],
          [
            -121.890562,
            37.158369,
            804.6
          ],
          [
            -121.890638,
            37.158373,
            805.2
          ],
          [
            -121.89071,
            37.158398,
            805.8
          ],
          [
            -121.89079,
            37.158437,
            806.2
          ],
          [
            -121.890824,
            37.158463,
            806.4
          ],
          [
            -121.890904,
            37.158565,
            807
          ],
          [
            -121.89098,
            37.158655,
            807.2
          ],
          [
            -121.89099,
            37.158658,
            808.2
          ],
          [
            -121.890993,
            37.158656,
            808.4
          ],
          [
            -121.89101,
            37.158676,
            808.4
          ],
          [
            -121.891011,
            37.158662,
            809
          ],
          [
            -121.891,
            37.158666,
            809
          ],
          [
            -121.89101,
            37.158664,
            808.8
          ],
          [
            -121.891005,
            37.158658,
            808.6
          ],
          [
            -121.891007,
            37.158659,
            808.6
          ],
          [
            -121.891009,
            37.158678,
            808.4
          ],
          [
            -121.890988,
            37.158682,
            808.2
          ],
          [
            -121.890983,
            37.158685,
            808.2
          ],
          [
            -121.890996,
            37.158683,
            808.2
          ],
          [
            -121.890994,
            37.158677,
            808.2
          ],
          [
            -121.89099,
            37.158662,
            808.2
          ],
          [
            -121.89101,
            37.158685,
            808.2
          ],
          [
            -121.891039,
            37.158709,
            808.2
          ],
          [
            -121.891051,
            37.158729,
            808.2
          ],
          [
            -121.891047,
            37.158739,
            808.2
          ],
          [
            -121.891045,
            37.158743,
            808.2
          ],
          [
            -121.891036,
            37.158754,
            808.2
          ],
          [
            -121.891047,
            37.158748,
            808.2
          ],
          [
            -121.891058,
            37.158738,
            808.2
          ],
          [
            -121.891058,
            37.158738,
            808.2
          ],
          [
            -121.891058,
            37.158738,
            808.2
          ],
          [
            -121.891058,
            37.158738,
            808.2
          ],
          [
            -121.891058,
            37.158738,
            808.2
          ],
          [
            -121.891058,
            37.158738,
            808.2
          ],
          [
            -121.891058,
            37.158738,
            808.2
          ],
          [
            -121.891069,
            37.158739,
            808.2
          ],
          [
            -121.891048,
            37.158736,
            808.2
          ],
          [
            -121.891017,
            37.158757,
            808.2
          ],
          [
            -121.890994,
            37.158794,
            807.8
          ],
          [
            -121.890975,
            37.15881,
            807.2
          ],
          [
            -121.89097,
            37.158838,
            806.8
          ],
          [
            -121.890943,
            37.158914,
            806.4
          ],
          [
            -121.890947,
            37.158949,
            806.6
          ],
          [
            -121.890951,
            37.158971,
            806.8
          ],
          [
            -121.89093,
            37.15903,
            807
          ],
          [
            -121.890929,
            37.159052,
            808
          ],
          [
            -121.890931,
            37.159052,
            808.2
          ],
          [
            -121.890936,
            37.159035,
            807.2
          ],
          [
            -121.890937,
            37.159022,
            807.2
          ],
          [
            -121.890946,
            37.158991,
            807.2
          ],
          [
            -121.890937,
            37.15898,
            807.4
          ],
          [
            -121.890948,
            37.158903,
            806.4
          ],
          [
            -121.89096,
            37.158856,
            806.6
          ],
          [
            -121.890974,
            37.158829,
            807.2
          ],
          [
            -121.890986,
            37.158817,
            807.2
          ],
          [
            -121.890991,
            37.158811,
            807.4
          ],
          [
            -121.891018,
            37.158777,
            808.2
          ],
          [
            -121.891019,
            37.158758,
            808.6
          ],
          [
            -121.891012,
            37.158744,
            809
          ],
          [
            -121.89103,
            37.158749,
            809.4
          ],
          [
            -121.891035,
            37.158743,
            809.6
          ],
          [
            -121.891042,
            37.158705,
            809.6
          ],
          [
            -121.891041,
            37.158708,
            809.8
          ],
          [
            -121.891019,
            37.158717,
            810
          ],
          [
            -121.891018,
            37.158717,
            809.8
          ],
          [
            -121.891015,
            37.158714,
            809.6
          ],
          [
            -121.891003,
            37.15869,
            810
          ],
          [
            -121.891018,
            37.158666,
            810
          ],
          [
            -121.891007,
            37.158659,
            810
          ],
          [
            -121.891009,
            37.158661,
            810.4
          ],
          [
            -121.891003,
            37.158621,
            810.6
          ],
          [
            -121.890987,
            37.158573,
            811.4
          ],
          [
            -121.890979,
            37.158557,
            811.6
          ],
          [
            -121.890976,
            37.158548,
            811.8
          ],
          [
            -121.890964,
            37.158516,
            812.2
          ],
          [
            -121.890956,
            37.158497,
            812.6
          ],
          [
            -121.890947,
            37.158481,
            813
          ],
          [
            -121.890919,
            37.158445,
            813.6
          ],
          [
            -121.890909,
            37.158437,
            813.6
          ],
          [
            -121.890862,
            37.158397,
            814
          ],
          [
            -121.890729,
            37.158311,
            814.6
          ],
          [
            -121.890713,
            37.158306,
            814.8
          ],
          [
            -121.890602,
            37.15829,
            814.8
          ],
          [
            -121.890541,
            37.158272,
            814.8
          ],
          [
            -121.890518,
            37.158267,
            814.8
          ],
          [
            -121.890427,
            37.15825,
            815.4
          ],
          [
            -121.890327,
            37.158224,
            816
          ],
          [
            -121.890237,
            37.158203,
            816.4
          ],
          [
            -121.89004,
            37.158144,
            815.8
          ],
          [
            -121.889831,
            37.158091,
            814.8
          ],
          [
            -121.889797,
            37.158089,
            815
          ],
          [
            -121.88966,
            37.158079,
            816.2
          ],
          [
            -121.889608,
            37.158059,
            816.6
          ],
          [
            -121.889538,
            37.158008,
            817.2
          ],
          [
            -121.889519,
            37.157997,
            817.8
          ],
          [
            -121.889516,
            37.157968,
            818.2
          ],
          [
            -121.889526,
            37.157968,
            818.4
          ],
          [
            -121.889535,
            37.157971,
            818.4
          ],
          [
            -121.889576,
            37.157979,
            818.8
          ],
          [
            -121.889584,
            37.157976,
            818.8
          ],
          [
            -121.889631,
            37.157982,
            818.8
          ],
          [
            -121.889781,
            37.157985,
            819.4
          ],
          [
            -121.889799,
            37.157983,
            819.6
          ],
          [
            -121.889876,
            37.157978,
            820.4
          ],
          [
            -121.889927,
            37.157986,
            820.8
          ],
          [
            -121.89004,
            37.158012,
            821.6
          ],
          [
            -121.890134,
            37.158057,
            822.8
          ],
          [
            -121.890174,
            37.158073,
            822.8
          ],
          [
            -121.890265,
            37.158094,
            823.8
          ],
          [
            -121.89031,
            37.158096,
            824
          ],
          [
            -121.890373,
            37.158096,
            824.8
          ],
          [
            -121.890475,
            37.158093,
            825
          ],
          [
            -121.890601,
            37.158108,
            826
          ],
          [
            -121.890624,
            37.158115,
            826.2
          ],
          [
            -121.890773,
            37.158129,
            827
          ],
          [
            -121.890795,
            37.158127,
            827.2
          ],
          [
            -121.890878,
            37.158129,
            828.2
          ],
          [
            -121.890895,
            37.158135,
            828.4
          ],
          [
            -121.891011,
            37.158174,
            829
          ],
          [
            -121.891026,
            37.158183,
            829.2
          ],
          [
            -121.891129,
            37.158227,
            830.2
          ],
          [
            -121.891145,
            37.158233,
            830.6
          ],
          [
            -121.891235,
            37.158261,
            831
          ],
          [
            -121.891267,
            37.158243,
            831
          ],
          [
            -121.891285,
            37.158203,
            831.6
          ],
          [
            -121.891271,
            37.1582,
            831.8
          ],
          [
            -121.891205,
            37.158197,
            832.6
          ],
          [
            -121.89119,
            37.158189,
            833
          ],
          [
            -121.89109,
            37.158135,
            833.8
          ],
          [
            -121.891039,
            37.158101,
            834
          ],
          [
            -121.891014,
            37.15809,
            834.4
          ],
          [
            -121.891002,
            37.158083,
            834.6
          ],
          [
            -121.890903,
            37.158046,
            835.2
          ],
          [
            -121.890885,
            37.158041,
            835.4
          ],
          [
            -121.890847,
            37.158024,
            836.2
          ],
          [
            -121.890798,
            37.158011,
            836.6
          ],
          [
            -121.890689,
            37.157981,
            837
          ],
          [
            -121.890673,
            37.157976,
            836.8
          ],
          [
            -121.890576,
            37.157948,
            837.4
          ],
          [
            -121.890475,
            37.157913,
            838.6
          ],
          [
            -121.890451,
            37.157908,
            838.8
          ],
          [
            -121.8904,
            37.157845,
            839.4
          ],
          [
            -121.890393,
            37.15782,
            839.6
          ],
          [
            -121.890404,
            37.157734,
            840.4
          ],
          [
            -121.890448,
            37.157692,
            840.8
          ],
          [
            -121.890482,
            37.157672,
            841
          ],
          [
            -121.890589,
            37.157626,
            841.6
          ],
          [
            -121.890641,
            37.157608,
            841.8
          ],
          [
            -121.890701,
            37.157585,
            842.6
          ],
          [
            -121.890761,
            37.157563,
            843
          ],
          [
            -121.890779,
            37.157559,
            843.2
          ],
          [
            -121.890879,
            37.157519,
            843.8
          ],
          [
            -121.890887,
            37.157513,
            844
          ],
          [
            -121.890969,
            37.157469,
            844.2
          ],
          [
            -121.89102,
            37.157403,
            845
          ],
          [
            -121.891021,
            37.157378,
            845.2
          ],
          [
            -121.890987,
            37.157286,
            846
          ],
          [
            -121.890984,
            37.157287,
            846.4
          ],
          [
            -121.890984,
            37.157284,
            846.4
          ],
          [
            -121.891006,
            37.15727,
            846.4
          ],
          [
            -121.890997,
            37.157276,
            846.2
          ],
          [
            -121.891015,
            37.157261,
            846
          ],
          [
            -121.891015,
            37.157261,
            846
          ],
          [
            -121.891015,
            37.157261,
            846
          ],
          [
            -121.891015,
            37.157261,
            846
          ],
          [
            -121.891015,
            37.157261,
            845.8
          ],
          [
            -121.891005,
            37.157269,
            845.4
          ],
          [
            -121.891015,
            37.157261,
            845.4
          ],
          [
            -121.891015,
            37.157261,
            845.4
          ],
          [
            -121.891035,
            37.157267,
            845.4
          ],
          [
            -121.891034,
            37.157267,
            845.4
          ],
          [
            -121.891035,
            37.15727,
            845.6
          ],
          [
            -121.891048,
            37.157293,
            845.6
          ],
          [
            -121.891065,
            37.157321,
            845.8
          ],
          [
            -121.891065,
            37.157325,
            846.2
          ],
          [
            -121.891072,
            37.157343,
            845.8
          ],
          [
            -121.891069,
            37.157349,
            845.8
          ],
          [
            -121.891094,
            37.157372,
            845.8
          ],
          [
            -121.891079,
            37.157469,
            846.6
          ],
          [
            -121.891033,
            37.157572,
            847.2
          ],
          [
            -121.890967,
            37.157659,
            848.2
          ],
          [
            -121.89095,
            37.157671,
            848.2
          ],
          [
            -121.890912,
            37.15772,
            848.4
          ],
          [
            -121.890911,
            37.157732,
            848.6
          ],
          [
            -121.890921,
            37.157743,
            848.6
          ],
          [
            -121.890976,
            37.157762,
            849
          ],
          [
            -121.891013,
            37.157762,
            849.4
          ],
          [
            -121.891087,
            37.157732,
            850.2
          ],
          [
            -121.891105,
            37.157723,
            850.4
          ],
          [
            -121.891188,
            37.157672,
            851.4
          ],
          [
            -121.891206,
            37.157661,
            851.4
          ],
          [
            -121.891224,
            37.157656,
            851.6
          ],
          [
            -121.891338,
            37.157624,
            851.8
          ],
          [
            -121.891402,
            37.157587,
            852.4
          ],
          [
            -121.891449,
            37.157553,
            853.2
          ],
          [
            -121.891463,
            37.15754,
            853.6
          ],
          [
            -121.89149,
            37.157521,
            853.8
          ],
          [
            -121.89155,
            37.157488,
            854.2
          ],
          [
            -121.891593,
            37.157452,
            854.6
          ],
          [
            -121.891636,
            37.157413,
            855
          ],
          [
            -121.891687,
            37.157389,
            855.6
          ],
          [
            -121.891751,
            37.157355,
            855.8
          ],
          [
            -121.891879,
            37.157304,
            856
          ],
          [
            -121.892006,
            37.157266,
            856.4
          ],
          [
            -121.892189,
            37.157169,
            855.8
          ],
          [
            -121.892363,
            37.157032,
            855.2
          ],
          [
            -121.892564,
            37.156959,
            854.6
          ],
          [
            -121.892621,
            37.156957,
            854
          ],
          [
            -121.892675,
            37.156961,
            853.6
          ],
          [
            -121.892816,
            37.156956,
            853.4
          ],
          [
            -121.892933,
            37.156938,
            854.8
          ],
          [
            -121.892953,
            37.156932,
            855
          ],
          [
            -121.892976,
            37.156928,
            855
          ],
          [
            -121.893147,
            37.156907,
            854.8
          ],
          [
            -121.893311,
            37.156855,
            854.8
          ],
          [
            -121.893483,
            37.156805,
            855
          ],
          [
            -121.893631,
            37.156785,
            853.8
          ],
          [
            -121.893697,
            37.156793,
            853.6
          ],
          [
            -121.893891,
            37.156873,
            852.8
          ],
          [
            -121.893927,
            37.156893,
            851.8
          ],
          [
            -121.893982,
            37.156963,
            851
          ],
          [
            -121.893942,
            37.15703,
            850.8
          ],
          [
            -121.893917,
            37.157064,
            850.8
          ],
          [
            -121.893912,
            37.157103,
            850.8
          ],
          [
            -121.893933,
            37.157134,
            851
          ],
          [
            -121.893961,
            37.157211,
            852
          ],
          [
            -121.893959,
            37.157233,
            852.2
          ],
          [
            -121.893952,
            37.157302,
            853
          ],
          [
            -121.893965,
            37.157347,
            853.4
          ],
          [
            -121.893973,
            37.15738,
            854
          ],
          [
            -121.893984,
            37.157431,
            855.2
          ],
          [
            -121.893993,
            37.157446,
            855.4
          ],
          [
            -121.894004,
            37.157561,
            856
          ],
          [
            -121.894019,
            37.157612,
            856.2
          ],
          [
            -121.894026,
            37.157657,
            856.6
          ],
          [
            -121.894018,
            37.157712,
            857.2
          ],
          [
            -121.894003,
            37.157747,
            857.6
          ],
          [
            -121.893991,
            37.157803,
            857.6
          ],
          [
            -121.894009,
            37.157864,
            858.2
          ],
          [
            -121.894015,
            37.157883,
            858.4
          ],
          [
            -121.894035,
            37.157903,
            859.2
          ],
          [
            -121.894055,
            37.157909,
            859.4
          ],
          [
            -121.89406,
            37.157906,
            859.6
          ],
          [
            -121.894063,
            37.157906,
            859.8
          ],
          [
            -121.894063,
            37.157906,
            859.6
          ],
          [
            -121.894062,
            37.157905,
            859.4
          ],
          [
            -121.894061,
            37.157906,
            859.4
          ],
          [
            -121.89406,
            37.157904,
            859.2
          ],
          [
            -121.894057,
            37.157883,
            859.4
          ],
          [
            -121.894058,
            37.157883,
            859.4
          ],
          [
            -121.894051,
            37.157842,
            859.8
          ],
          [
            -121.894064,
            37.157817,
            860.2
          ],
          [
            -121.894064,
            37.157817,
            860.2
          ],
          [
            -121.894064,
            37.157817,
            860.2
          ],
          [
            -121.894064,
            37.157817,
            860.2
          ],
          [
            -121.894064,
            37.157817,
            860.2
          ],
          [
            -121.894064,
            37.157816,
            859.6
          ],
          [
            -121.894064,
            37.157817,
            859.6
          ],
          [
            -121.894063,
            37.157817,
            859.6
          ],
          [
            -121.894056,
            37.157819,
            859.8
          ],
          [
            -121.894054,
            37.157821,
            859.8
          ],
          [
            -121.894059,
            37.157807,
            859.6
          ],
          [
            -121.894088,
            37.157706,
            860.2
          ],
          [
            -121.894092,
            37.157654,
            860.8
          ],
          [
            -121.894121,
            37.157568,
            861
          ],
          [
            -121.894121,
            37.157537,
            860.6
          ],
          [
            -121.894146,
            37.157454,
            860.6
          ],
          [
            -121.89424,
            37.157377,
            861.8
          ],
          [
            -121.894257,
            37.157363,
            861.8
          ],
          [
            -121.894329,
            37.157324,
            862.4
          ],
          [
            -121.89438,
            37.157305,
            862.8
          ],
          [
            -121.894474,
            37.157283,
            863.6
          ],
          [
            -121.894502,
            37.157271,
            864
          ],
          [
            -121.894576,
            37.157247,
            864
          ],
          [
            -121.894657,
            37.15723,
            865
          ],
          [
            -121.89472,
            37.157203,
            866
          ],
          [
            -121.894761,
            37.157193,
            866
          ],
          [
            -121.894868,
            37.157199,
            867.2
          ],
          [
            -121.894911,
            37.15719,
            868
          ],
          [
            -121.894928,
            37.157166,
            868.2
          ],
          [
            -121.894932,
            37.157154,
            868.4
          ],
          [
            -121.894933,
            37.157123,
            868.4
          ],
          [
            -121.894868,
            37.157092,
            868.2
          ],
          [
            -121.894743,
            37.157013,
            868.4
          ],
          [
            -121.894664,
            37.156963,
            869.4
          ],
          [
            -121.89465,
            37.156955,
            869.8
          ],
          [
            -121.894603,
            37.156922,
            870.8
          ],
          [
            -121.894526,
            37.156882,
            870.8
          ],
          [
            -121.894439,
            37.156821,
            871.4
          ],
          [
            -121.894405,
            37.156792,
            871.6
          ],
          [
            -121.894376,
            37.156767,
            871.8
          ],
          [
            -121.894348,
            37.156745,
            872
          ],
          [
            -121.894261,
            37.156705,
            872.8
          ],
          [
            -121.894228,
            37.156692,
            872.8
          ],
          [
            -121.894171,
            37.15666,
            874
          ],
          [
            -121.894138,
            37.156647,
            874.4
          ],
          [
            -121.894028,
            37.156569,
            874.6
          ],
          [
            -121.893957,
            37.156476,
            874.8
          ],
          [
            -121.893812,
            37.156444,
            874.6
          ],
          [
            -121.893746,
            37.15643,
            875
          ],
          [
            -121.89363,
            37.156421,
            875
          ],
          [
            -121.89351,
            37.156428,
            875
          ],
          [
            -121.893488,
            37.156436,
            875
          ],
          [
            -121.893402,
            37.156459,
            875.2
          ],
          [
            -121.893259,
            37.156504,
            876
          ],
          [
            -121.893233,
            37.156514,
            876.2
          ],
          [
            -121.893089,
            37.156541,
            877
          ],
          [
            -121.893063,
            37.156547,
            877
          ],
          [
            -121.892931,
            37.156549,
            877.4
          ],
          [
            -121.892783,
            37.156557,
            877.4
          ],
          [
            -121.892626,
            37.156585,
            877.4
          ],
          [
            -121.892479,
            37.156607,
            878.2
          ],
          [
            -121.89235,
            37.156636,
            879
          ],
          [
            -121.892327,
            37.156638,
            879.2
          ],
          [
            -121.892223,
            37.156642,
            880.4
          ],
          [
            -121.892202,
            37.156645,
            880.6
          ],
          [
            -121.892128,
            37.156609,
            881
          ],
          [
            -121.892107,
            37.156569,
            881.4
          ],
          [
            -121.892091,
            37.15656,
            881.4
          ],
          [
            -121.892051,
            37.156481,
            882
          ],
          [
            -121.892061,
            37.15647,
            882.2
          ],
          [
            -121.892071,
            37.156465,
            882.8
          ],
          [
            -121.892082,
            37.156467,
            882.8
          ],
          [
            -121.892092,
            37.156474,
            883
          ],
          [
            -121.89215,
            37.156509,
            883.8
          ],
          [
            -121.892175,
            37.156523,
            884.2
          ],
          [
            -121.892221,
            37.156528,
            884.4
          ],
          [
            -121.892285,
            37.156518,
            884.8
          ],
          [
            -121.892305,
            37.156518,
            885.2
          ],
          [
            -121.892412,
            37.156487,
            886
          ],
          [
            -121.892424,
            37.156482,
            886.2
          ],
          [
            -121.892505,
            37.156443,
            887.4
          ],
          [
            -121.892609,
            37.156426,
            888.2
          ],
          [
            -121.892675,
            37.156411,
            888.6
          ],
          [
            -121.892706,
            37.156402,
            889
          ],
          [
            -121.89279,
            37.156373,
            889.6
          ],
          [
            -121.89287,
            37.15636,
            890.6
          ],
          [
            -121.892955,
            37.156336,
            890.6
          ],
          [
            -121.892967,
            37.156334,
            890.8
          ],
          [
            -121.893041,
            37.156312,
            891.8
          ],
          [
            -121.893071,
            37.156297,
            892
          ],
          [
            -121.893152,
            37.156266,
            892.4
          ],
          [
            -121.893289,
            37.156221,
            892
          ],
          [
            -121.89342,
            37.156168,
            892
          ],
          [
            -121.893526,
            37.15612,
            893.2
          ],
          [
            -121.893602,
            37.1561,
            894.2
          ],
          [
            -121.893636,
            37.156102,
            894.2
          ],
          [
            -121.893715,
            37.156094,
            894.4
          ],
          [
            -121.893767,
            37.156099,
            894.8
          ],
          [
            -121.893784,
            37.156096,
            894.8
          ],
          [
            -121.893856,
            37.156122,
            895
          ],
          [
            -121.893916,
            37.156128,
            895.2
          ],
          [
            -121.893961,
            37.15615,
            895.6
          ],
          [
            -121.894033,
            37.15618,
            896.2
          ],
          [
            -121.894063,
            37.156195,
            896.4
          ],
          [
            -121.894133,
            37.156245,
            897.2
          ],
          [
            -121.894158,
            37.156264,
            897.4
          ],
          [
            -121.89423,
            37.156313,
            897.4
          ],
          [
            -121.894338,
            37.156346,
            898
          ],
          [
            -121.8944,
            37.156352,
            898.4
          ],
          [
            -121.894479,
            37.156369,
            898.4
          ],
          [
            -121.894565,
            37.156384,
            898.2
          ],
          [
            -121.894607,
            37.156394,
            898.2
          ],
          [
            -121.894697,
            37.15644,
            899.2
          ],
          [
            -121.894709,
            37.156447,
            899.6
          ],
          [
            -121.894801,
            37.156477,
            900
          ],
          [
            -121.89491,
            37.156503,
            900.6
          ],
          [
            -121.895018,
            37.156531,
            901.8
          ],
          [
            -121.895042,
            37.156537,
            902.2
          ],
          [
            -121.89511,
            37.156562,
            902.8
          ],
          [
            -121.895142,
            37.156579,
            903
          ],
          [
            -121.895233,
            37.156605,
            903.6
          ],
          [
            -121.895252,
            37.156615,
            903.8
          ],
          [
            -121.895342,
            37.156645,
            905
          ],
          [
            -121.895409,
            37.15666,
            905.6
          ],
          [
            -121.895478,
            37.156677,
            905.8
          ],
          [
            -121.895497,
            37.156686,
            906
          ],
          [
            -121.895584,
            37.156723,
            906.4
          ],
          [
            -121.895657,
            37.156766,
            907
          ],
          [
            -121.895707,
            37.156789,
            907
          ],
          [
            -121.895811,
            37.156814,
            908
          ],
          [
            -121.895825,
            37.156821,
            908
          ],
          [
            -121.895938,
            37.156844,
            908.8
          ],
          [
            -121.89597,
            37.156851,
            909
          ],
          [
            -121.896048,
            37.156872,
            909.2
          ],
          [
            -121.896186,
            37.156896,
            910
          ],
          [
            -121.896292,
            37.156902,
            910.4
          ],
          [
            -121.896351,
            37.156888,
            911.2
          ],
          [
            -121.896391,
            37.156891,
            911.6
          ],
          [
            -121.89647,
            37.156935,
            912.4
          ],
          [
            -121.896494,
            37.15696,
            912.4
          ],
          [
            -121.896525,
            37.156991,
            912.8
          ],
          [
            -121.896599,
            37.157021,
            913.4
          ],
          [
            -121.896622,
            37.157044,
            914
          ],
          [
            -121.896645,
            37.157061,
            914.6
          ],
          [
            -121.896674,
            37.157084,
            914.8
          ],
          [
            -121.896797,
            37.157122,
            915.6
          ],
          [
            -121.896797,
            37.157122,
            916
          ],
          [
            -121.896827,
            37.15712,
            916.6
          ],
          [
            -121.896848,
            37.157128,
            916.8
          ],
          [
            -121.896848,
            37.157134,
            917
          ],
          [
            -121.896846,
            37.157142,
            917
          ],
          [
            -121.896841,
            37.157155,
            916.8
          ],
          [
            -121.89685,
            37.157157,
            916.4
          ],
          [
            -121.896847,
            37.157181,
            916.4
          ],
          [
            -121.896844,
            37.157179,
            916.4
          ],
          [
            -121.896842,
            37.157176,
            916.4
          ],
          [
            -121.896838,
            37.157159,
            916.6
          ],
          [
            -121.896829,
            37.157143,
            916.4
          ],
          [
            -121.896824,
            37.15714,
            916.8
          ],
          [
            -121.896816,
            37.157128,
            917
          ],
          [
            -121.896817,
            37.15711,
            917
          ],
          [
            -121.896813,
            37.157136,
            917
          ],
          [
            -121.896825,
            37.157138,
            917
          ],
          [
            -121.896845,
            37.157126,
            917
          ],
          [
            -121.896824,
            37.157117,
            917
          ],
          [
            -121.896822,
            37.157117,
            917
          ],
          [
            -121.896817,
            37.157136,
            917
          ],
          [
            -121.896832,
            37.157144,
            917
          ],
          [
            -121.896841,
            37.157134,
            917
          ],
          [
            -121.896841,
            37.157126,
            917
          ],
          [
            -121.896845,
            37.157117,
            917
          ],
          [
            -121.896843,
            37.157131,
            917
          ],
          [
            -121.896839,
            37.157129,
            917
          ],
          [
            -121.896839,
            37.157122,
            917
          ],
          [
            -121.896821,
            37.157097,
            917
          ],
          [
            -121.896824,
            37.157117,
            917
          ],
          [
            -121.896829,
            37.157125,
            917
          ],
          [
            -121.896838,
            37.157134,
            917
          ],
          [
            -121.896837,
            37.157128,
            917
          ],
          [
            -121.896833,
            37.157132,
            917
          ],
          [
            -121.89682,
            37.15714,
            917
          ],
          [
            -121.896823,
            37.157147,
            917
          ],
          [
            -121.896824,
            37.157148,
            917
          ],
          [
            -121.896805,
            37.15715,
            917
          ],
          [
            -121.896807,
            37.157153,
            917
          ],
          [
            -121.896817,
            37.157117,
            917
          ],
          [
            -121.896821,
            37.157112,
            917
          ],
          [
            -121.896756,
            37.157078,
            917
          ],
          [
            -121.896705,
            37.157043,
            917
          ],
          [
            -121.896692,
            37.156995,
            917
          ],
          [
            -121.896689,
            37.156999,
            917
          ],
          [
            -121.896688,
            37.156988,
            917
          ],
          [
            -121.896688,
            37.156978,
            917
          ],
          [
            -121.89665,
            37.156939,
            917.2
          ],
          [
            -121.896565,
            37.156865,
            917.6
          ],
          [
            -121.896556,
            37.156852,
            917.6
          ],
          [
            -121.896479,
            37.156798,
            918.2
          ],
          [
            -121.896383,
            37.15678,
            918.8
          ],
          [
            -121.896304,
            37.15676,
            920
          ],
          [
            -121.896213,
            37.156738,
            921
          ],
          [
            -121.896158,
            37.156715,
            921.8
          ],
          [
            -121.896142,
            37.156705,
            922.2
          ],
          [
            -121.896042,
            37.156664,
            922.6
          ],
          [
            -121.895968,
            37.15664,
            923
          ],
          [
            -121.895908,
            37.156613,
            923
          ],
          [
            -121.895855,
            37.156562,
            923.2
          ],
          [
            -121.89583,
            37.156537,
            923.6
          ],
          [
            -121.895795,
            37.156499,
            924.2
          ],
          [
            -121.89571,
            37.15645,
            925.2
          ],
          [
            -121.895601,
            37.15641,
            926
          ],
          [
            -121.895537,
            37.156389,
            926.2
          ],
          [
            -121.895492,
            37.156356,
            927.2
          ],
          [
            -121.895525,
            37.156339,
            927.8
          ],
          [
            -121.895544,
            37.15635,
            928.2
          ],
          [
            -121.895582,
            37.156354,
            928.4
          ],
          [
            -121.895603,
            37.156356,
            928.4
          ],
          [
            -121.895705,
            37.15637,
            929
          ],
          [
            -121.895815,
            37.156411,
            929
          ],
          [
            -121.895849,
            37.156428,
            929.4
          ],
          [
            -121.895908,
            37.156473,
            929.6
          ],
          [
            -121.89599,
            37.156542,
            930.6
          ],
          [
            -121.896003,
            37.156548,
            930.8
          ],
          [
            -121.896116,
            37.156571,
            931.4
          ],
          [
            -121.896168,
            37.156574,
            931.8
          ],
          [
            -121.896231,
            37.156592,
            932.6
          ],
          [
            -121.896294,
            37.156593,
            933
          ],
          [
            -121.896341,
            37.156581,
            933.2
          ],
          [
            -121.896424,
            37.156552,
            934
          ],
          [
            -121.896457,
            37.156547,
            934
          ],
          [
            -121.896559,
            37.156528,
            935
          ],
          [
            -121.896577,
            37.15653,
            935.2
          ],
          [
            -121.896651,
            37.15655,
            936
          ],
          [
            -121.896749,
            37.156591,
            936.4
          ],
          [
            -121.896768,
            37.156599,
            936.6
          ],
          [
            -121.89688,
            37.156657,
            937.2
          ],
          [
            -121.89693,
            37.156682,
            937.6
          ],
          [
            -121.896977,
            37.156699,
            938
          ],
          [
            -121.897045,
            37.15672,
            938.8
          ],
          [
            -121.897078,
            37.156739,
            939
          ],
          [
            -121.897235,
            37.156806,
            939.4
          ],
          [
            -121.897344,
            37.156856,
            940
          ],
          [
            -121.897462,
            37.156938,
            941.2
          ],
          [
            -121.89748,
            37.156949,
            941.4
          ],
          [
            -121.897538,
            37.156986,
            942.2
          ],
          [
            -121.897576,
            37.157023,
            942.8
          ],
          [
            -121.897608,
            37.157112,
            943
          ],
          [
            -121.897633,
            37.157147,
            943.4
          ],
          [
            -121.897667,
            37.157187,
            944
          ],
          [
            -121.897698,
            37.157257,
            944.4
          ],
          [
            -121.897702,
            37.157287,
            944.4
          ],
          [
            -121.897689,
            37.157384,
            945
          ],
          [
            -121.89765,
            37.157509,
            945.4
          ],
          [
            -121.897654,
            37.157539,
            945.8
          ],
          [
            -121.897655,
            37.157542,
            946.2
          ],
          [
            -121.897668,
            37.157531,
            946.2
          ],
          [
            -121.89767,
            37.157511,
            946.6
          ],
          [
            -121.897667,
            37.157499,
            947
          ],
          [
            -121.897685,
            37.157481,
            947
          ],
          [
            -121.897717,
            37.157439,
            947
          ],
          [
            -121.897776,
            37.157332,
            947.4
          ],
          [
            -121.897786,
            37.157247,
            947.8
          ],
          [
            -121.897775,
            37.157172,
            948.6
          ],
          [
            -121.897782,
            37.157127,
            948.8
          ],
          [
            -121.897794,
            37.157086,
            949
          ],
          [
            -121.897788,
            37.156974,
            950
          ],
          [
            -121.897781,
            37.156943,
            950.4
          ],
          [
            -121.897749,
            37.156905,
            951
          ],
          [
            -121.897707,
            37.156863,
            951.4
          ],
          [
            -121.897642,
            37.15676,
            951.6
          ],
          [
            -121.897616,
            37.156719,
            952
          ],
          [
            -121.897572,
            37.156663,
            952.4
          ],
          [
            -121.897423,
            37.156592,
            952.8
          ],
          [
            -121.897383,
            37.156574,
            953
          ],
          [
            -121.897308,
            37.156519,
            953.2
          ],
          [
            -121.89718,
            37.156469,
            953.4
          ],
          [
            -121.897006,
            37.156385,
            952.8
          ],
          [
            -121.896854,
            37.156312,
            952.8
          ],
          [
            -121.896737,
            37.15625,
            953.2
          ],
          [
            -121.896599,
            37.156207,
            953.4
          ],
          [
            -121.896537,
            37.156207,
            954.2
          ],
          [
            -121.896463,
            37.156211,
            954.8
          ],
          [
            -121.89642,
            37.156213,
            955.2
          ],
          [
            -121.896379,
            37.156209,
            956
          ],
          [
            -121.896358,
            37.156195,
            956.2
          ],
          [
            -121.896375,
            37.156178,
            956.4
          ],
          [
            -121.896413,
            37.156182,
            956.8
          ],
          [
            -121.89643,
            37.156177,
            956.8
          ],
          [
            -121.896431,
            37.156177,
            956.8
          ],
          [
            -121.896434,
            37.156175,
            957
          ],
          [
            -121.896431,
            37.156175,
            957
          ],
          [
            -121.896428,
            37.156178,
            956.8
          ],
          [
            -121.896471,
            37.156164,
            956.8
          ],
          [
            -121.896536,
            37.156141,
            957.2
          ],
          [
            -121.896589,
            37.156127,
            957.4
          ],
          [
            -121.896731,
            37.156139,
            958
          ],
          [
            -121.896772,
            37.156143,
            958.4
          ],
          [
            -121.896858,
            37.156168,
            959
          ],
          [
            -121.89692,
            37.156198,
            959.4
          ],
          [
            -121.896991,
            37.156218,
            959.8
          ],
          [
            -121.897046,
            37.156238,
            960.6
          ],
          [
            -121.897112,
            37.156252,
            961.2
          ],
          [
            -121.897174,
            37.156263,
            961.6
          ],
          [
            -121.897252,
            37.156279,
            962.4
          ],
          [
            -121.897324,
            37.156316,
            962.8
          ],
          [
            -121.897357,
            37.156334,
            963
          ],
          [
            -121.897406,
            37.156352,
            963.2
          ],
          [
            -121.897445,
            37.15636,
            963.8
          ],
          [
            -121.897463,
            37.156364,
            964.2
          ],
          [
            -121.897589,
            37.156385,
            965.2
          ],
          [
            -121.897707,
            37.156438,
            965.6
          ],
          [
            -121.897802,
            37.156478,
            966.2
          ],
          [
            -121.897894,
            37.156526,
            967.4
          ],
          [
            -121.89792,
            37.156538,
            967.6
          ],
          [
            -121.897983,
            37.156634,
            967.8
          ],
          [
            -121.898007,
            37.156678,
            968.4
          ],
          [
            -121.898037,
            37.156716,
            968.8
          ],
          [
            -121.898113,
            37.156774,
            969.6
          ],
          [
            -121.898144,
            37.15679,
            969.6
          ],
          [
            -121.898214,
            37.156859,
            970.6
          ],
          [
            -121.898223,
            37.156872,
            970.6
          ],
          [
            -121.898288,
            37.15698,
            971.4
          ],
          [
            -121.898298,
            37.157006,
            971.6
          ],
          [
            -121.898302,
            37.157042,
            972
          ],
          [
            -121.898301,
            37.157083,
            972
          ],
          [
            -121.898302,
            37.157107,
            972
          ],
          [
            -121.898304,
            37.157174,
            972.2
          ],
          [
            -121.898333,
            37.157234,
            972.6
          ],
          [
            -121.898349,
            37.157255,
            972.8
          ],
          [
            -121.898396,
            37.157309,
            973.2
          ],
          [
            -121.898416,
            37.157395,
            973.2
          ],
          [
            -121.898407,
            37.157467,
            974
          ],
          [
            -121.898401,
            37.157486,
            974.2
          ],
          [
            -121.898391,
            37.157541,
            975
          ],
          [
            -121.898367,
            37.157628,
            975.2
          ],
          [
            -121.898319,
            37.157737,
            975.8
          ],
          [
            -121.898307,
            37.157765,
            976
          ],
          [
            -121.898311,
            37.15784,
            976.4
          ],
          [
            -121.89835,
            37.157887,
            976.8
          ],
          [
            -121.898386,
            37.157903,
            976.8
          ],
          [
            -121.898421,
            37.157916,
            977
          ],
          [
            -121.898511,
            37.15797,
            978.2
          ],
          [
            -121.8986,
            37.158044,
            979
          ],
          [
            -121.89864,
            37.158071,
            979.4
          ],
          [
            -121.898702,
            37.158107,
            979.6
          ],
          [
            -121.898809,
            37.158171,
            979.8
          ],
          [
            -121.898892,
            37.158187,
            980.6
          ],
          [
            -121.898921,
            37.158228,
            980.8
          ],
          [
            -121.898927,
            37.158299,
            981
          ],
          [
            -121.898938,
            37.158325,
            981.2
          ],
          [
            -121.898994,
            37.158391,
            981.6
          ],
          [
            -121.899023,
            37.158411,
            982
          ],
          [
            -121.899113,
            37.158458,
            982.8
          ],
          [
            -121.899157,
            37.158487,
            983
          ],
          [
            -121.899189,
            37.158508,
            983.6
          ],
          [
            -121.899172,
            37.15852,
            983.8
          ],
          [
            -121.899172,
            37.158527,
            983.8
          ],
          [
            -121.899168,
            37.158538,
            984
          ],
          [
            -121.899153,
            37.158538,
            983.8
          ],
          [
            -121.899172,
            37.158532,
            983.8
          ],
          [
            -121.899175,
            37.158551,
            984
          ],
          [
            -121.899179,
            37.158563,
            984
          ],
          [
            -121.899174,
            37.158565,
            984
          ],
          [
            -121.899166,
            37.158569,
            984
          ],
          [
            -121.8992,
            37.158558,
            983.4
          ],
          [
            -121.899215,
            37.158558,
            983.4
          ],
          [
            -121.899217,
            37.158558,
            983.4
          ],
          [
            -121.899219,
            37.158553,
            983.4
          ],
          [
            -121.899211,
            37.158553,
            983.4
          ],
          [
            -121.89919,
            37.158567,
            983.4
          ],
          [
            -121.899189,
            37.158567,
            983.4
          ],
          [
            -121.899189,
            37.158567,
            983.4
          ],
          [
            -121.899177,
            37.158598,
            983.4
          ],
          [
            -121.899183,
            37.158618,
            983.4
          ],
          [
            -121.899162,
            37.158623,
            983.4
          ],
          [
            -121.899149,
            37.158592,
            983.4
          ],
          [
            -121.89917,
            37.15856,
            983.4
          ],
          [
            -121.899181,
            37.158558,
            983.4
          ],
          [
            -121.899183,
            37.158571,
            983.4
          ],
          [
            -121.899203,
            37.158555,
            983.4
          ],
          [
            -121.899216,
            37.158536,
            983.4
          ],
          [
            -121.899223,
            37.158519,
            983.4
          ],
          [
            -121.899228,
            37.158506,
            983.4
          ],
          [
            -121.899237,
            37.158503,
            983.4
          ],
          [
            -121.89924,
            37.158501,
            983.4
          ],
          [
            -121.899239,
            37.1585,
            983.4
          ],
          [
            -121.899227,
            37.158501,
            983.4
          ],
          [
            -121.899228,
            37.158511,
            983.4
          ],
          [
            -121.899174,
            37.158471,
            983.4
          ],
          [
            -121.89917,
            37.158471,
            983.4
          ],
          [
            -121.899157,
            37.158475,
            983.4
          ],
          [
            -121.899118,
            37.158462,
            983.4
          ],
          [
            -121.899056,
            37.158391,
            983.4
          ],
          [
            -121.899022,
            37.158307,
            983.6
          ],
          [
            -121.899077,
            37.158176,
            984.4
          ],
          [
            -121.899066,
            37.158161,
            984.4
          ],
          [
            -121.899005,
            37.158113,
            984.6
          ],
          [
            -121.898978,
            37.158089,
            984.8
          ],
          [
            -121.898887,
            37.157999,
            985.8
          ],
          [
            -121.898868,
            37.157976,
            985.8
          ],
          [
            -121.898823,
            37.157897,
            986
          ],
          [
            -121.898766,
            37.157789,
            986.2
          ],
          [
            -121.898767,
            37.157659,
            986.8
          ],
          [
            -121.898795,
            37.157532,
            986.8
          ],
          [
            -121.898799,
            37.157395,
            987.6
          ],
          [
            -121.898754,
            37.157272,
            987.2
          ],
          [
            -121.898739,
            37.157158,
            987.8
          ],
          [
            -121.898743,
            37.157141,
            988
          ],
          [
            -121.89874,
            37.157021,
            988.6
          ],
          [
            -121.898721,
            37.15693,
            989
          ],
          [
            -121.898703,
            37.156889,
            989.4
          ],
          [
            -121.898693,
            37.156817,
            990
          ],
          [
            -121.8987,
            37.156808,
            990.2
          ],
          [
            -121.898719,
            37.156804,
            990.2
          ],
          [
            -121.89873,
            37.156815,
            990.6
          ],
          [
            -121.898736,
            37.156813,
            990.4
          ],
          [
            -121.898749,
            37.156864,
            990.6
          ],
          [
            -121.898751,
            37.156871,
            990.6
          ],
          [
            -121.898776,
            37.156899,
            991.2
          ],
          [
            -121.898789,
            37.156912,
            991.4
          ],
          [
            -121.898815,
            37.156963,
            992
          ],
          [
            -121.898826,
            37.156987,
            992.2
          ],
          [
            -121.898837,
            37.156999,
            992.2
          ],
          [
            -121.898857,
            37.157093,
            992.2
          ],
          [
            -121.898873,
            37.157151,
            992.2
          ],
          [
            -121.898882,
            37.157168,
            992.4
          ],
          [
            -121.898912,
            37.157226,
            993
          ],
          [
            -121.898918,
            37.157237,
            993.2
          ],
          [
            -121.898952,
            37.157312,
            994
          ],
          [
            -121.898983,
            37.157441,
            994
          ],
          [
            -121.898992,
            37.157521,
            994.2
          ],
          [
            -121.898998,
            37.157587,
            994.6
          ],
          [
            -121.899042,
            37.157676,
            995.4
          ],
          [
            -121.89908,
            37.157727,
            995.6
          ],
          [
            -121.899155,
            37.15781,
            995.8
          ],
          [
            -121.899222,
            37.157849,
            996.4
          ],
          [
            -121.899258,
            37.157862,
            996.8
          ],
          [
            -121.899331,
            37.157888,
            997.4
          ],
          [
            -121.899371,
            37.157904,
            997.8
          ],
          [
            -121.899429,
            37.157922,
            998.4
          ],
          [
            -121.899488,
            37.157959,
            998.8
          ],
          [
            -121.899491,
            37.15798,
            999
          ],
          [
            -121.899476,
            37.158036,
            999.4
          ],
          [
            -121.899468,
            37.158047,
            999.4
          ],
          [
            -121.899424,
            37.15817,
            999.4
          ],
          [
            -121.899502,
            37.158263,
            999.8
          ],
          [
            -121.899604,
            37.158372,
            1000
          ],
          [
            -121.899763,
            37.158445,
            1000.2
          ],
          [
            -121.899875,
            37.158443,
            1000.6
          ],
          [
            -121.899897,
            37.158442,
            1000.8
          ],
          [
            -121.899984,
            37.158475,
            1001.8
          ],
          [
            -121.899991,
            37.158489,
            1002
          ],
          [
            -121.900028,
            37.158611,
            1002.8
          ],
          [
            -121.900031,
            37.158627,
            1003
          ],
          [
            -121.899981,
            37.15871,
            1003.2
          ],
          [
            -121.899977,
            37.158753,
            1003.4
          ],
          [
            -121.899985,
            37.158813,
            1003.6
          ],
          [
            -121.899983,
            37.158872,
            1004
          ],
          [
            -121.900005,
            37.158938,
            1004.2
          ],
          [
            -121.900007,
            37.159054,
            1005
          ],
          [
            -121.900028,
            37.159119,
            1005.2
          ],
          [
            -121.900023,
            37.159164,
            1005.4
          ],
          [
            -121.899975,
            37.159239,
            1005.4
          ],
          [
            -121.899812,
            37.159272,
            1005.2
          ],
          [
            -121.899655,
            37.159248,
            1006.2
          ],
          [
            -121.899498,
            37.159181,
            1006.8
          ],
          [
            -121.899446,
            37.159178,
            1007.6
          ],
          [
            -121.899437,
            37.159176,
            1008
          ],
          [
            -121.899433,
            37.159171,
            1008.2
          ],
          [
            -121.899454,
            37.159195,
            1008.2
          ],
          [
            -121.899467,
            37.159208,
            1008.6
          ],
          [
            -121.899488,
            37.159228,
            1009
          ],
          [
            -121.899562,
            37.159271,
            1009.4
          ],
          [
            -121.899606,
            37.159286,
            1009.6
          ],
          [
            -121.899634,
            37.159301,
            1009.8
          ],
          [
            -121.899661,
            37.159319,
            1010.4
          ],
          [
            -121.899686,
            37.159328,
            1010.6
          ],
          [
            -121.899696,
            37.159331,
            1010.6
          ],
          [
            -121.899701,
            37.159335,
            1010.6
          ],
          [
            -121.899769,
            37.159376,
            1011.4
          ],
          [
            -121.899797,
            37.159388,
            1011.8
          ],
          [
            -121.89985,
            37.159406,
            1012
          ],
          [
            -121.899899,
            37.15942,
            1012.2
          ],
          [
            -121.90002,
            37.159493,
            1012.8
          ],
          [
            -121.90016,
            37.159551,
            1013.2
          ],
          [
            -121.900284,
            37.159542,
            1013.4
          ],
          [
            -121.900367,
            37.159545,
            1013.8
          ],
          [
            -121.900425,
            37.159566,
            1014
          ],
          [
            -121.900458,
            37.159609,
            1014.2
          ],
          [
            -121.900431,
            37.159637,
            1014.2
          ],
          [
            -121.900352,
            37.159677,
            1015
          ],
          [
            -121.900322,
            37.159694,
            1015.4
          ],
          [
            -121.900218,
            37.15972,
            1016.2
          ],
          [
            -121.900176,
            37.159721,
            1016.8
          ],
          [
            -121.90012,
            37.159716,
            1017.2
          ],
          [
            -121.900085,
            37.159713,
            1017.6
          ],
          [
            -121.900053,
            37.159703,
            1017.8
          ],
          [
            -121.900015,
            37.159696,
            1018.4
          ],
          [
            -121.899941,
            37.159661,
            1019.4
          ],
          [
            -121.89992,
            37.159642,
            1020
          ],
          [
            -121.899879,
            37.159613,
            1020.6
          ],
          [
            -121.899839,
            37.159595,
            1021
          ],
          [
            -121.8998,
            37.159575,
            1021.8
          ],
          [
            -121.899751,
            37.159547,
            1022.4
          ],
          [
            -121.899732,
            37.159538,
            1022.8
          ],
          [
            -121.899661,
            37.15952,
            1023.6
          ],
          [
            -121.899632,
            37.159513,
            1024
          ],
          [
            -121.899551,
            37.159505,
            1024.8
          ],
          [
            -121.899512,
            37.159506,
            1025
          ],
          [
            -121.899437,
            37.159521,
            1026.2
          ],
          [
            -121.899415,
            37.159525,
            1026.4
          ],
          [
            -121.899351,
            37.159542,
            1027.2
          ],
          [
            -121.89933,
            37.159554,
            1027.6
          ],
          [
            -121.899285,
            37.159597,
            1028.4
          ],
          [
            -121.899263,
            37.15961,
            1028.6
          ],
          [
            -121.899229,
            37.159673,
            1029.4
          ],
          [
            -121.899193,
            37.159729,
            1030.6
          ],
          [
            -121.89918,
            37.159748,
            1030.8
          ],
          [
            -121.899142,
            37.1598,
            1031.6
          ],
          [
            -121.899137,
            37.159805,
            1031.6
          ],
          [
            -121.899097,
            37.159857,
            1032.6
          ],
          [
            -121.89909,
            37.159875,
            1033
          ],
          [
            -121.899043,
            37.159916,
            1034
          ],
          [
            -121.899035,
            37.159922,
            1034
          ],
          [
            -121.898992,
            37.159971,
            1035
          ],
          [
            -121.898943,
            37.160011,
            1036
          ],
          [
            -121.898934,
            37.160015,
            1036.2
          ],
          [
            -121.898867,
            37.160054,
            1037.4
          ],
          [
            -121.898791,
            37.160078,
            1038.4
          ],
          [
            -121.898766,
            37.16008,
            1038.8
          ],
          [
            -121.8987,
            37.160077,
            1039.6
          ],
          [
            -121.898689,
            37.160078,
            1039.6
          ],
          [
            -121.898601,
            37.16009,
            1040.6
          ],
          [
            -121.898568,
            37.160104,
            1041
          ],
          [
            -121.898507,
            37.160134,
            1041.6
          ],
          [
            -121.898432,
            37.160161,
            1042.8
          ],
          [
            -121.898398,
            37.160207,
            1043.6
          ],
          [
            -121.898388,
            37.16021,
            1043.8
          ],
          [
            -121.89835,
            37.160249,
            1044.6
          ],
          [
            -121.898336,
            37.160262,
            1044.8
          ],
          [
            -121.898305,
            37.160297,
            1045.4
          ],
          [
            -121.898288,
            37.160321,
            1045.8
          ],
          [
            -121.898254,
            37.160359,
            1046.4
          ],
          [
            -121.898191,
            37.160396,
            1046.6
          ],
          [
            -121.898112,
            37.160443,
            1046.6
          ],
          [
            -121.898032,
            37.160495,
            1046.2
          ],
          [
            -121.898022,
            37.160523,
            1046.2
          ],
          [
            -121.897979,
            37.160565,
            1046.2
          ],
          [
            -121.897979,
            37.160558,
            1046
          ],
          [
            -121.897978,
            37.160552,
            1046
          ],
          [
            -121.897977,
            37.160546,
            1045.6
          ],
          [
            -121.897976,
            37.160539,
            1045.6
          ],
          [
            -121.897975,
            37.160533,
            1045.6
          ],
          [
            -121.897974,
            37.160527,
            1045.2
          ],
          [
            -121.897974,
            37.160521,
            1045.2
          ],
          [
            -121.897973,
            37.160514,
            1045.2
          ],
          [
            -121.897972,
            37.160508,
            1044.8
          ],
          [
            -121.897971,
            37.160502,
            1044.8
          ],
          [
            -121.89797,
            37.160495,
            1044.8
          ],
          [
            -121.897969,
            37.160489,
            1044.8
          ],
          [
            -121.897969,
            37.160483,
            1044.6
          ],
          [
            -121.897968,
            37.160477,
            1044.6
          ],
          [
            -121.897967,
            37.16047,
            1044.6
          ],
          [
            -121.897966,
            37.160464,
            1044.4
          ],
          [
            -121.897965,
            37.160458,
            1043.8
          ],
          [
            -121.897964,
            37.160451,
            1043.8
          ],
          [
            -121.897964,
            37.160445,
            1043.8
          ],
          [
            -121.897963,
            37.160439,
            1043.6
          ],
          [
            -121.897962,
            37.160433,
            1043.6
          ],
          [
            -121.897961,
            37.160426,
            1043.6
          ],
          [
            -121.89796,
            37.16042,
            1043.4
          ],
          [
            -121.897959,
            37.160414,
            1043.6
          ],
          [
            -121.897959,
            37.160408,
            1043.6
          ],
          [
            -121.897958,
            37.160401,
            1043.6
          ],
          [
            -121.897997,
            37.159963,
            1043.6
          ],
          [
            -121.898037,
            37.160024,
            1043.8
          ],
          [
            -121.89806,
            37.160135,
            1043.8
          ],
          [
            -121.898045,
            37.160182,
            1043.6
          ],
          [
            -121.897972,
            37.160417,
            1043.8
          ],
          [
            -121.897964,
            37.160387,
            1044.4
          ],
          [
            -121.897977,
            37.16042,
            1044.4
          ],
          [
            -121.89797,
            37.160467,
            1044.4
          ],
          [
            -121.89797,
            37.160467,
            1044.2
          ],
          [
            -121.897962,
            37.160571,
            1044
          ],
          [
            -121.897944,
            37.160553,
            1044
          ],
          [
            -121.897944,
            37.160553,
            1044.2
          ],
          [
            -121.897946,
            37.160557,
            1044.4
          ],
          [
            -121.897919,
            37.160572,
            1044.8
          ],
          [
            -121.897917,
            37.160575,
            1045
          ],
          [
            -121.89791,
            37.160586,
            1045
          ],
          [
            -121.897881,
            37.160603,
            1044.8
          ],
          [
            -121.897934,
            37.160586,
            1044.8
          ],
          [
            -121.897937,
            37.160583,
            1044.8
          ],
          [
            -121.897933,
            37.160585,
            1045
          ],
          [
            -121.897952,
            37.160578,
            1045
          ],
          [
            -121.897954,
            37.160575,
            1045
          ],
          [
            -121.897955,
            37.160574,
            1045.2
          ],
          [
            -121.897957,
            37.160565,
            1045.2
          ],
          [
            -121.897934,
            37.160563,
            1045.2
          ],
          [
            -121.897933,
            37.16056,
            1045.2
          ],
          [
            -121.897924,
            37.160571,
            1045.2
          ],
          [
            -121.897916,
            37.160571,
            1045.2
          ],
          [
            -121.897918,
            37.160575,
            1045.2
          ],
          [
            -121.897908,
            37.160585,
            1045.2
          ],
          [
            -121.89792,
            37.160594,
            1045.2
          ],
          [
            -121.897919,
            37.160594,
            1045.2
          ],
          [
            -121.897899,
            37.160586,
            1045.2
          ],
          [
            -121.897901,
            37.160585,
            1045.2
          ],
          [
            -121.897911,
            37.160572,
            1045.2
          ],
          [
            -121.897907,
            37.160563,
            1045.2
          ],
          [
            -121.897904,
            37.160567,
            1045.2
          ],
          [
            -121.897855,
            37.160552,
            1045.2
          ],
          [
            -121.897854,
            37.160555,
            1045.2
          ],
          [
            -121.897915,
            37.16058,
            1045.2
          ],
          [
            -121.897916,
            37.160577,
            1045.2
          ],
          [
            -121.897911,
            37.160576,
            1045.2
          ],
          [
            -121.897897,
            37.160582,
            1045.2
          ],
          [
            -121.897918,
            37.160622,
            1045.2
          ],
          [
            -121.89793,
            37.160608,
            1045.2
          ],
          [
            -121.897916,
            37.160576,
            1045.2
          ],
          [
            -121.897932,
            37.160582,
            1045.2
          ],
          [
            -121.897999,
            37.160582,
            1045.2
          ],
          [
            -121.898013,
            37.16057,
            1045.2
          ],
          [
            -121.898013,
            37.16057,
            1045.2
          ],
          [
            -121.89802,
            37.16058,
            1045.2
          ],
          [
            -121.898008,
            37.160558,
            1045.2
          ],
          [
            -121.897985,
            37.160577,
            1045.2
          ],
          [
            -121.897983,
            37.160574,
            1045.2
          ],
          [
            -121.897959,
            37.160586,
            1045.2
          ],
          [
            -121.897972,
            37.160606,
            1045.2
          ],
          [
            -121.897954,
            37.160618,
            1045.2
          ],
          [
            -121.897947,
            37.160627,
            1045.2
          ],
          [
            -121.897952,
            37.160636,
            1045.2
          ],
          [
            -121.89795,
            37.16065,
            1045.2
          ],
          [
            -121.897928,
            37.160648,
            1045.2
          ],
          [
            -121.897934,
            37.160654,
            1045.2
          ],
          [
            -121.897937,
            37.160665,
            1045.2
          ],
          [
            -121.897937,
            37.160646,
            1045.2
          ],
          [
            -121.897934,
            37.160622,
            1045.2
          ],
          [
            -121.897941,
            37.16061,
            1045.2
          ],
          [
            -121.897965,
            37.1606,
            1045.2
          ],
          [
            -121.89797,
            37.160597,
            1045.2
          ],
          [
            -121.897973,
            37.160593,
            1045.2
          ],
          [
            -121.897959,
            37.160597,
            1045.2
          ],
          [
            -121.897962,
            37.160596,
            1045.2
          ],
          [
            -121.897963,
            37.160593,
            1045.2
          ],
          [
            -121.897968,
            37.160597,
            1045.2
          ],
          [
            -121.897975,
            37.160596,
            1045.2
          ],
          [
            -121.897969,
            37.160593,
            1045.2
          ],
          [
            -121.897951,
            37.160592,
            1045.2
          ],
          [
            -121.897949,
            37.160587,
            1045.2
          ],
          [
            -121.897958,
            37.160627,
            1045.2
          ],
          [
            -121.897975,
            37.16065,
            1045.2
          ],
          [
            -121.89799,
            37.160656,
            1045.2
          ],
          [
            -121.898,
            37.160642,
            1045.2
          ],
          [
            -121.898,
            37.160645,
            1045.2
          ],
          [
            -121.898002,
            37.160645,
            1048.2
          ],
          [
            -121.898,
            37.160642,
            1048.2
          ],
          [
            -121.898009,
            37.160636,
            1048
          ],
          [
            -121.898035,
            37.16064,
            1048
          ],
          [
            -121.898049,
            37.160628,
            1048
          ],
          [
            -121.898152,
            37.160609,
            1048.2
          ],
          [
            -121.898174,
            37.160592,
            1048.2
          ],
          [
            -121.898178,
            37.160524,
            1048.2
          ],
          [
            -121.898169,
            37.160437,
            1048.2
          ],
          [
            -121.898215,
            37.160385,
            1048.2
          ],
          [
            -121.898396,
            37.160216,
            1046.8
          ],
          [
            -121.898433,
            37.160183,
            1046.4
          ],
          [
            -121.898473,
            37.160158,
            1045.4
          ],
          [
            -121.898519,
            37.160137,
            1044.8
          ],
          [
            -121.898575,
            37.16012,
            1044
          ],
          [
            -121.898646,
            37.160106,
            1043.4
          ],
          [
            -121.898719,
            37.160093,
            1042.6
          ],
          [
            -121.898843,
            37.160065,
            1040.4
          ],
          [
            -121.898944,
            37.16002,
            1039.6
          ],
          [
            -121.898992,
            37.159979,
            1039.2
          ],
          [
            -121.899035,
            37.159932,
            1038.4
          ],
          [
            -121.899079,
            37.159882,
            1037.4
          ],
          [
            -121.899161,
            37.159787,
            1035.4
          ],
          [
            -121.89923,
            37.159702,
            1034
          ],
          [
            -121.899258,
            37.159659,
            1033.6
          ],
          [
            -121.899289,
            37.159617,
            1032.6
          ],
          [
            -121.899377,
            37.159553,
            1031.4
          ],
          [
            -121.899434,
            37.159531,
            1031.2
          ],
          [
            -121.899497,
            37.159522,
            1030.2
          ],
          [
            -121.899626,
            37.159533,
            1028.8
          ],
          [
            -121.899756,
            37.159571,
            1027.6
          ],
          [
            -121.899855,
            37.159625,
            1026.4
          ],
          [
            -121.899936,
            37.15967,
            1025
          ],
          [
            -121.900029,
            37.159709,
            1024.2
          ],
          [
            -121.900082,
            37.159725,
            1023.4
          ],
          [
            -121.900134,
            37.159736,
            1023.2
          ],
          [
            -121.900237,
            37.159726,
            1021.8
          ],
          [
            -121.900347,
            37.159691,
            1020.8
          ],
          [
            -121.900406,
            37.159661,
            1020.6
          ],
          [
            -121.90046,
            37.159624,
            1020
          ],
          [
            -121.90051,
            37.159582,
            1019.4
          ],
          [
            -121.900559,
            37.159537,
            1018.8
          ],
          [
            -121.900603,
            37.159492,
            1018.4
          ],
          [
            -121.900701,
            37.159399,
            1017.6
          ],
          [
            -121.900769,
            37.159353,
            1016.8
          ],
          [
            -121.900849,
            37.159311,
            1016.2
          ],
          [
            -121.90094,
            37.159275,
            1015.2
          ],
          [
            -121.901039,
            37.159249,
            1014
          ],
          [
            -121.901136,
            37.15923,
            1013
          ],
          [
            -121.90123,
            37.159212,
            1011.6
          ],
          [
            -121.901514,
            37.15915,
            1009.8
          ],
          [
            -121.901625,
            37.159129,
            1009
          ],
          [
            -121.901739,
            37.159112,
            1008.2
          ],
          [
            -121.90185,
            37.159098,
            1006.8
          ],
          [
            -121.901953,
            37.159083,
            1005.6
          ],
          [
            -121.902059,
            37.159074,
            1004.4
          ],
          [
            -121.90226,
            37.159058,
            1002.8
          ],
          [
            -121.902459,
            37.159044,
            1001.8
          ],
          [
            -121.902567,
            37.159022,
            1001.4
          ],
          [
            -121.902677,
            37.158991,
            1000.4
          ],
          [
            -121.902784,
            37.158956,
            999.2
          ],
          [
            -121.902888,
            37.158923,
            998
          ],
          [
            -121.902983,
            37.158897,
            996.4
          ],
          [
            -121.903155,
            37.158867,
            995.2
          ],
          [
            -121.903241,
            37.158863,
            994.2
          ],
          [
            -121.903332,
            37.15886,
            993.2
          ],
          [
            -121.903508,
            37.158855,
            991.4
          ],
          [
            -121.903588,
            37.158853,
            990.4
          ],
          [
            -121.903667,
            37.158852,
            989
          ],
          [
            -121.903812,
            37.158832,
            987.6
          ],
          [
            -121.903925,
            37.158775,
            986.2
          ],
          [
            -121.903993,
            37.158673,
            985.4
          ],
          [
            -121.904014,
            37.158615,
            985
          ],
          [
            -121.904024,
            37.158558,
            984.4
          ],
          [
            -121.904021,
            37.1585,
            983.6
          ],
          [
            -121.903999,
            37.15844,
            983.4
          ],
          [
            -121.903965,
            37.158385,
            982.8
          ],
          [
            -121.903921,
            37.158334,
            982.6
          ],
          [
            -121.903772,
            37.158219,
            982.4
          ],
          [
            -121.903574,
            37.15812,
            983.4
          ],
          [
            -121.90354,
            37.158107,
            983.8
          ],
          [
            -121.903335,
            37.15808,
            984
          ],
          [
            -121.903063,
            37.158112,
            984.6
          ],
          [
            -121.902945,
            37.158138,
            984.8
          ],
          [
            -121.902869,
            37.158155,
            985.2
          ],
          [
            -121.902749,
            37.158179,
            985.4
          ],
          [
            -121.902592,
            37.158207,
            985.8
          ],
          [
            -121.902551,
            37.158207,
            985.8
          ],
          [
            -121.90243,
            37.158202,
            986
          ],
          [
            -121.902281,
            37.158181,
            986.4
          ],
          [
            -121.90221,
            37.158171,
            986.8
          ],
          [
            -121.902138,
            37.158162,
            987.2
          ],
          [
            -121.902023,
            37.158138,
            988
          ],
          [
            -121.901939,
            37.158117,
            988.6
          ],
          [
            -121.901891,
            37.1581,
            989.2
          ],
          [
            -121.901824,
            37.158072,
            989.6
          ],
          [
            -121.901782,
            37.158047,
            989.8
          ],
          [
            -121.901741,
            37.158018,
            990.2
          ],
          [
            -121.901709,
            37.157939,
            991
          ],
          [
            -121.901708,
            37.157918,
            991.4
          ],
          [
            -121.901735,
            37.15785,
            992.2
          ],
          [
            -121.901746,
            37.157834,
            992.4
          ],
          [
            -121.901814,
            37.157751,
            993.4
          ],
          [
            -121.901841,
            37.157725,
            993.8
          ],
          [
            -121.901862,
            37.157703,
            994
          ],
          [
            -121.90188,
            37.157658,
            994.4
          ],
          [
            -121.901893,
            37.157542,
            995.4
          ],
          [
            -121.90189,
            37.157525,
            995.6
          ],
          [
            -121.901814,
            37.157427,
            996.2
          ],
          [
            -121.901698,
            37.157376,
            996.6
          ],
          [
            -121.90163,
            37.157364,
            996.6
          ],
          [
            -121.901398,
            37.157318,
            996.6
          ],
          [
            -121.901206,
            37.157229,
            997
          ],
          [
            -121.901147,
            37.157159,
            997.4
          ],
          [
            -121.901135,
            37.157118,
            997.4
          ],
          [
            -121.901126,
            37.157098,
            997.6
          ],
          [
            -121.901134,
            37.156983,
            998.2
          ],
          [
            -121.901134,
            37.156964,
            998.6
          ],
          [
            -121.901157,
            37.156871,
            999
          ],
          [
            -121.901158,
            37.156787,
            999.6
          ],
          [
            -121.901153,
            37.156769,
            999.8
          ],
          [
            -121.901131,
            37.156708,
            1000
          ],
          [
            -121.901054,
            37.156579,
            1000.8
          ],
          [
            -121.901042,
            37.156561,
            1000.8
          ],
          [
            -121.900987,
            37.156361,
            1001.6
          ],
          [
            -121.900991,
            37.15634,
            1001.8
          ],
          [
            -121.901007,
            37.156203,
            1002.6
          ],
          [
            -121.90101,
            37.156182,
            1003
          ],
          [
            -121.90095,
            37.156068,
            1003.8
          ],
          [
            -121.900791,
            37.155966,
            1004
          ],
          [
            -121.900577,
            37.1559,
            1003.8
          ],
          [
            -121.900472,
            37.155831,
            1004
          ],
          [
            -121.900406,
            37.155772,
            1004.2
          ],
          [
            -121.900254,
            37.155599,
            1005
          ],
          [
            -121.900194,
            37.155539,
            1005.2
          ],
          [
            -121.900097,
            37.155475,
            1005.4
          ],
          [
            -121.899874,
            37.155328,
            1005.6
          ],
          [
            -121.89969,
            37.155202,
            1006.2
          ],
          [
            -121.899663,
            37.155182,
            1006.4
          ],
          [
            -121.899466,
            37.155,
            1006.8
          ],
          [
            -121.899336,
            37.154814,
            1006.8
          ],
          [
            -121.899241,
            37.154579,
            1006.8
          ],
          [
            -121.899136,
            37.15427,
            1006.6
          ],
          [
            -121.899081,
            37.153948,
            1005.6
          ],
          [
            -121.899008,
            37.153659,
            1005.2
          ],
          [
            -121.898992,
            37.153614,
            1005.2
          ],
          [
            -121.898936,
            37.153383,
            1005
          ],
          [
            -121.898915,
            37.153284,
            1005
          ],
          [
            -121.898895,
            37.152955,
            1004.8
          ],
          [
            -121.898936,
            37.152727,
            1004.4
          ],
          [
            -121.898947,
            37.15268,
            1004.4
          ],
          [
            -121.89896,
            37.152581,
            1004.4
          ],
          [
            -121.898957,
            37.15241,
            1004
          ],
          [
            -121.898957,
            37.15235,
            1003.6
          ],
          [
            -121.898964,
            37.15229,
            1003.4
          ],
          [
            -121.898983,
            37.15223,
            1002.8
          ],
          [
            -121.899012,
            37.152174,
            1002.4
          ],
          [
            -121.899051,
            37.152123,
            1002.4
          ],
          [
            -121.899157,
            37.151978,
            1002.2
          ],
          [
            -121.899191,
            37.151869,
            1002
          ],
          [
            -121.899201,
            37.151812,
            1001.6
          ],
          [
            -121.899223,
            37.151638,
            1001.4
          ],
          [
            -121.899188,
            37.151535,
            1001.4
          ],
          [
            -121.899112,
            37.151447,
            1001.4
          ],
          [
            -121.898998,
            37.151378,
            1001.4
          ],
          [
            -121.898609,
            37.151212,
            1001.2
          ],
          [
            -121.89854,
            37.1512,
            1001.4
          ],
          [
            -121.898282,
            37.15113,
            1001.6
          ],
          [
            -121.898171,
            37.151062,
            1002
          ],
          [
            -121.898059,
            37.150956,
            1002.4
          ],
          [
            -121.898017,
            37.15093,
            1002.6
          ],
          [
            -121.897966,
            37.150914,
            1002.8
          ],
          [
            -121.89786,
            37.150886,
            1002.8
          ],
          [
            -121.897679,
            37.15088,
            1002.6
          ],
          [
            -121.897318,
            37.150939,
            1001.4
          ],
          [
            -121.897256,
            37.150944,
            1001.4
          ],
          [
            -121.897127,
            37.150944,
            1001.2
          ],
          [
            -121.89695,
            37.150923,
            1001
          ],
          [
            -121.896828,
            37.150903,
            1001
          ],
          [
            -121.896587,
            37.150851,
            1000.4
          ],
          [
            -121.896487,
            37.150789,
            1000.2
          ],
          [
            -121.896401,
            37.150713,
            999.8
          ],
          [
            -121.896312,
            37.150627,
            999.4
          ],
          [
            -121.896215,
            37.15054,
            999
          ],
          [
            -121.896127,
            37.150441,
            998.4
          ],
          [
            -121.896094,
            37.150385,
            998.2
          ],
          [
            -121.896071,
            37.150324,
            998
          ],
          [
            -121.896042,
            37.150131,
            997.4
          ],
          [
            -121.896038,
            37.150068,
            997.2
          ],
          [
            -121.89602,
            37.149646,
            996.6
          ],
          [
            -121.895987,
            37.149449,
            996.8
          ],
          [
            -121.895968,
            37.149352,
            997.2
          ],
          [
            -121.895976,
            37.149255,
            997.2
          ],
          [
            -121.89602,
            37.149164,
            997.4
          ],
          [
            -121.89615,
            37.14893,
            998.2
          ],
          [
            -121.896228,
            37.148814,
            999.2
          ],
          [
            -121.896273,
            37.14874,
            1000
          ],
          [
            -121.896302,
            37.14869,
            1000.4
          ],
          [
            -121.896319,
            37.14864,
            1000.6
          ],
          [
            -121.896356,
            37.148537,
            1001.2
          ],
          [
            -121.89638,
            37.148478,
            1001.4
          ],
          [
            -121.896514,
            37.14829,
            1001.6
          ],
          [
            -121.896704,
            37.148076,
            1001.8
          ],
          [
            -121.896817,
            37.147847,
            1001.6
          ],
          [
            -121.896926,
            37.147545,
            1001.4
          ],
          [
            -121.896927,
            37.1475,
            1001.4
          ],
          [
            -121.896922,
            37.147457,
            1001.4
          ],
          [
            -121.896868,
            37.14737,
            1001.2
          ],
          [
            -121.896823,
            37.147332,
            1001
          ],
          [
            -121.89678,
            37.147302,
            1001
          ],
          [
            -121.896679,
            37.147264,
            1001
          ],
          [
            -121.896624,
            37.147253,
            1001
          ],
          [
            -121.896504,
            37.147241,
            1001
          ],
          [
            -121.896264,
            37.147231,
            1001.2
          ],
          [
            -121.896086,
            37.147197,
            1001.4
          ],
          [
            -121.895984,
            37.147147,
            1001.4
          ],
          [
            -121.895908,
            37.147072,
            1001.4
          ],
          [
            -121.895867,
            37.146982,
            1001.4
          ],
          [
            -121.895825,
            37.146844,
            1001.4
          ],
          [
            -121.895755,
            37.146759,
            1001.4
          ],
          [
            -121.895448,
            37.146527,
            1000.4
          ],
          [
            -121.89525,
            37.146348,
            999.4
          ],
          [
            -121.895188,
            37.146311,
            999.2
          ],
          [
            -121.895119,
            37.146276,
            999
          ],
          [
            -121.894963,
            37.14623,
            998.2
          ],
          [
            -121.894882,
            37.146231,
            997.6
          ],
          [
            -121.894802,
            37.146244,
            997
          ],
          [
            -121.894721,
            37.146268,
            996
          ],
          [
            -121.894644,
            37.146312,
            995.2
          ],
          [
            -121.894569,
            37.146365,
            994.6
          ],
          [
            -121.894499,
            37.146423,
            993.6
          ],
          [
            -121.89444,
            37.146479,
            992.8
          ],
          [
            -121.894389,
            37.146531,
            992.4
          ],
          [
            -121.894242,
            37.146674,
            991.8
          ],
          [
            -121.894201,
            37.146722,
            991.6
          ],
          [
            -121.894172,
            37.146774,
            991.6
          ],
          [
            -121.894152,
            37.146833,
            991.4
          ],
          [
            -121.894159,
            37.146962,
            991.4
          ],
          [
            -121.894235,
            37.147091,
            990.2
          ],
          [
            -121.894298,
            37.147145,
            989.6
          ],
          [
            -121.894374,
            37.1472,
            988.8
          ],
          [
            -121.894528,
            37.147312,
            986.8
          ],
          [
            -121.894601,
            37.14737,
            985.6
          ],
          [
            -121.894672,
            37.147433,
            984.4
          ],
          [
            -121.894806,
            37.147587,
            982.4
          ],
          [
            -121.894919,
            37.147779,
            980.8
          ],
          [
            -121.894961,
            37.147882,
            979
          ],
          [
            -121.894996,
            37.147974,
            977.6
          ],
          [
            -121.895013,
            37.148065,
            976.2
          ],
          [
            -121.895019,
            37.148152,
            975.2
          ],
          [
            -121.895014,
            37.148236,
            974.4
          ],
          [
            -121.894981,
            37.148414,
            973.2
          ],
          [
            -121.894961,
            37.148503,
            971.8
          ],
          [
            -121.894952,
            37.148587,
            970.6
          ],
          [
            -121.895031,
            37.148741,
            969
          ],
          [
            -121.895132,
            37.148872,
            967.4
          ],
          [
            -121.895163,
            37.148946,
            966.8
          ],
          [
            -121.895166,
            37.149026,
            966.2
          ],
          [
            -121.895144,
            37.14911,
            965.8
          ],
          [
            -121.895131,
            37.149199,
            964.4
          ],
          [
            -121.895134,
            37.149288,
            963.6
          ],
          [
            -121.895147,
            37.149373,
            962.2
          ],
          [
            -121.895145,
            37.149456,
            961
          ],
          [
            -121.895121,
            37.149545,
            960.2
          ],
          [
            -121.895066,
            37.149618,
            959.6
          ],
          [
            -121.894997,
            37.14968,
            959
          ],
          [
            -121.894916,
            37.149738,
            958
          ],
          [
            -121.894846,
            37.149805,
            957.6
          ],
          [
            -121.894794,
            37.149886,
            956.6
          ],
          [
            -121.894754,
            37.149977,
            955.2
          ],
          [
            -121.894716,
            37.150064,
            954
          ],
          [
            -121.894662,
            37.150147,
            952.8
          ],
          [
            -121.894525,
            37.150305,
            951.4
          ],
          [
            -121.894463,
            37.150367,
            949.6
          ],
          [
            -121.894415,
            37.150433,
            948.6
          ],
          [
            -121.894406,
            37.150576,
            948
          ],
          [
            -121.894442,
            37.15065,
            947.4
          ],
          [
            -121.894484,
            37.150731,
            946.2
          ],
          [
            -121.894527,
            37.150802,
            945.8
          ],
          [
            -121.894576,
            37.150867,
            944.6
          ],
          [
            -121.894618,
            37.150939,
            943.2
          ],
          [
            -121.894632,
            37.15107,
            943
          ],
          [
            -121.894525,
            37.151164,
            943
          ],
          [
            -121.894374,
            37.151229,
            942.2
          ],
          [
            -121.894197,
            37.15131,
            940.6
          ],
          [
            -121.894107,
            37.151369,
            939.6
          ],
          [
            -121.89392,
            37.151491,
            936.6
          ],
          [
            -121.893833,
            37.15155,
            935.4
          ],
          [
            -121.893748,
            37.151602,
            933.8
          ],
          [
            -121.893609,
            37.1517,
            932.4
          ],
          [
            -121.893561,
            37.151747,
            932
          ],
          [
            -121.893529,
            37.151882,
            931.4
          ],
          [
            -121.893546,
            37.151959,
            930.8
          ],
          [
            -121.893574,
            37.152036,
            929.4
          ],
          [
            -121.893622,
            37.152123,
            928.4
          ],
          [
            -121.89367,
            37.152213,
            927.4
          ],
          [
            -121.893721,
            37.152309,
            926.8
          ],
          [
            -121.893764,
            37.152415,
            925.6
          ],
          [
            -121.893778,
            37.152527,
            923.8
          ],
          [
            -121.893782,
            37.152635,
            922.2
          ],
          [
            -121.893773,
            37.152752,
            920.4
          ],
          [
            -121.893741,
            37.152997,
            918.8
          ],
          [
            -121.893717,
            37.153119,
            917.4
          ],
          [
            -121.893682,
            37.153242,
            916
          ],
          [
            -121.893623,
            37.153362,
            914.8
          ],
          [
            -121.893565,
            37.153486,
            913.6
          ],
          [
            -121.893505,
            37.153599,
            912.2
          ],
          [
            -121.893451,
            37.153702,
            910.8
          ],
          [
            -121.893397,
            37.153793,
            908.2
          ],
          [
            -121.89329,
            37.153949,
            907
          ],
          [
            -121.893211,
            37.154085,
            906.2
          ],
          [
            -121.893192,
            37.15417,
            905.8
          ],
          [
            -121.893192,
            37.154253,
            905.2
          ],
          [
            -121.89323,
            37.154395,
            903.8
          ],
          [
            -121.893247,
            37.154454,
            903.6
          ],
          [
            -121.893243,
            37.15451,
            903.2
          ],
          [
            -121.893189,
            37.154616,
            902.4
          ],
          [
            -121.893062,
            37.154689,
            901.6
          ],
          [
            -121.892983,
            37.15469,
            900.2
          ],
          [
            -121.892911,
            37.154666,
            899.8
          ],
          [
            -121.89285,
            37.154627,
            899
          ],
          [
            -121.8928,
            37.154573,
            898.4
          ],
          [
            -121.892761,
            37.15451,
            897.6
          ],
          [
            -121.892671,
            37.154276,
            895.4
          ],
          [
            -121.892654,
            37.154182,
            894.4
          ],
          [
            -121.892645,
            37.154083,
            893.2
          ],
          [
            -121.892641,
            37.153988,
            892
          ],
          [
            -121.892639,
            37.153898,
            891
          ],
          [
            -121.892652,
            37.153815,
            888.4
          ],
          [
            -121.892735,
            37.153657,
            887.8
          ],
          [
            -121.892849,
            37.1535,
            886.8
          ],
          [
            -121.892908,
            37.153418,
            885.8
          ],
          [
            -121.892957,
            37.153336,
            884.6
          ],
          [
            -121.892985,
            37.153256,
            883
          ],
          [
            -121.892987,
            37.153181,
            882
          ],
          [
            -121.892965,
            37.153115,
            881.6
          ],
          [
            -121.89292,
            37.153057,
            881
          ],
          [
            -121.892851,
            37.153017,
            880.6
          ],
          [
            -121.892762,
            37.153001,
            880
          ],
          [
            -121.89267,
            37.153004,
            878.8
          ],
          [
            -121.892573,
            37.153024,
            878
          ],
          [
            -121.89248,
            37.153063,
            877
          ],
          [
            -121.892407,
            37.153129,
            876.2
          ],
          [
            -121.892348,
            37.153204,
            875
          ],
          [
            -121.892295,
            37.153287,
            873.8
          ],
          [
            -121.892148,
            37.15355,
            872.4
          ],
          [
            -121.892078,
            37.153724,
            870.8
          ],
          [
            -121.892075,
            37.153816,
            870
          ],
          [
            -121.892074,
            37.153907,
            869.6
          ],
          [
            -121.892073,
            37.154111,
            868.4
          ],
          [
            -121.892065,
            37.15422,
            867
          ],
          [
            -121.892059,
            37.154336,
            865.4
          ],
          [
            -121.892051,
            37.154459,
            864.2
          ],
          [
            -121.892042,
            37.154582,
            862.2
          ],
          [
            -121.892021,
            37.154783,
            859
          ],
          [
            -121.891962,
            37.15497,
            858
          ],
          [
            -121.891867,
            37.155164,
            857
          ],
          [
            -121.89182,
            37.155255,
            856.4
          ],
          [
            -121.891772,
            37.155337,
            854.2
          ],
          [
            -121.891735,
            37.155413,
            852.6
          ],
          [
            -121.891701,
            37.155483,
            852.6
          ],
          [
            -121.891658,
            37.155547,
            852.4
          ],
          [
            -121.89154,
            37.155671,
            852.2
          ],
          [
            -121.891457,
            37.155715,
            851.4
          ],
          [
            -121.891366,
            37.155751,
            850.6
          ],
          [
            -121.891274,
            37.155772,
            849.4
          ],
          [
            -121.891176,
            37.155783,
            848.8
          ],
          [
            -121.891074,
            37.15578,
            848.2
          ],
          [
            -121.890981,
            37.155754,
            847.2
          ],
          [
            -121.8909,
            37.155706,
            846.4
          ],
          [
            -121.890724,
            37.155599,
            844.8
          ],
          [
            -121.890628,
            37.155536,
            843.6
          ],
          [
            -121.890524,
            37.155472,
            842.2
          ],
          [
            -121.890417,
            37.155406,
            841
          ],
          [
            -121.890309,
            37.155343,
            839.2
          ],
          [
            -121.890203,
            37.155284,
            838
          ],
          [
            -121.889999,
            37.155186,
            835.6
          ],
          [
            -121.889769,
            37.155145,
            834.8
          ],
          [
            -121.889658,
            37.155138,
            834.2
          ],
          [
            -121.889563,
            37.155153,
            833.6
          ],
          [
            -121.889497,
            37.155192,
            833.4
          ],
          [
            -121.889456,
            37.155247,
            832.8
          ],
          [
            -121.889364,
            37.15538,
            832.4
          ],
          [
            -121.889298,
            37.155445,
            832
          ],
          [
            -121.889224,
            37.155504,
            831.2
          ],
          [
            -121.889152,
            37.155552,
            830
          ],
          [
            -121.889011,
            37.155627,
            828.8
          ],
          [
            -121.888837,
            37.155647,
            828
          ],
          [
            -121.888745,
            37.155627,
            827.6
          ],
          [
            -121.888656,
            37.155587,
            826.6
          ],
          [
            -121.888578,
            37.155533,
            825.8
          ],
          [
            -121.888511,
            37.15547,
            824.4
          ],
          [
            -121.888449,
            37.155397,
            822.6
          ],
          [
            -121.888399,
            37.155312,
            822.2
          ],
          [
            -121.888348,
            37.155222,
            821.6
          ],
          [
            -121.888295,
            37.155135,
            819.8
          ],
          [
            -121.888246,
            37.155055,
            818.8
          ],
          [
            -121.888185,
            37.154981,
            817.8
          ],
          [
            -121.888113,
            37.154915,
            817.8
          ],
          [
            -121.888031,
            37.154856,
            817.6
          ],
          [
            -121.887742,
            37.154698,
            816
          ],
          [
            -121.887537,
            37.154609,
            814.6
          ],
          [
            -121.887432,
            37.154586,
            813.8
          ],
          [
            -121.887325,
            37.154588,
            813.6
          ],
          [
            -121.887221,
            37.154609,
            813.4
          ],
          [
            -121.887028,
            37.154685,
            813.2
          ],
          [
            -121.88675,
            37.154834,
            811.6
          ],
          [
            -121.886641,
            37.154868,
            811.4
          ],
          [
            -121.886525,
            37.154888,
            810.6
          ],
          [
            -121.886402,
            37.154896,
            809.6
          ],
          [
            -121.886271,
            37.154896,
            808.8
          ],
          [
            -121.886148,
            37.154887,
            808
          ],
          [
            -121.886041,
            37.154876,
            806.8
          ],
          [
            -121.88595,
            37.154882,
            805.8
          ],
          [
            -121.885869,
            37.154907,
            805.6
          ],
          [
            -121.885802,
            37.154962,
            805.4
          ],
          [
            -121.885756,
            37.155033,
            805
          ],
          [
            -121.885733,
            37.155108,
            804.2
          ],
          [
            -121.885709,
            37.155178,
            802.8
          ],
          [
            -121.885663,
            37.155244,
            801.6
          ],
          [
            -121.885453,
            37.155393,
            799.8
          ],
          [
            -121.885334,
            37.155495,
            798.2
          ],
          [
            -121.885248,
            37.155617,
            795.8
          ],
          [
            -121.885157,
            37.155732,
            794
          ],
          [
            -121.885083,
            37.155775,
            792.4
          ],
          [
            -121.884991,
            37.15581,
            791.8
          ],
          [
            -121.884887,
            37.155844,
            790.8
          ],
          [
            -121.884645,
            37.155919,
            787.6
          ],
          [
            -121.884513,
            37.155959,
            785.8
          ],
          [
            -121.884378,
            37.155993,
            784
          ],
          [
            -121.884259,
            37.156026,
            781.6
          ],
          [
            -121.884147,
            37.156054,
            779.2
          ],
          [
            -121.884031,
            37.156075,
            778.2
          ],
          [
            -121.883909,
            37.156088,
            777.2
          ],
          [
            -121.883788,
            37.156095,
            776.2
          ],
          [
            -121.883671,
            37.156109,
            774
          ],
          [
            -121.883563,
            37.156129,
            772.8
          ],
          [
            -121.883459,
            37.156156,
            771
          ],
          [
            -121.883347,
            37.156181,
            770.6
          ],
          [
            -121.883225,
            37.156205,
            769
          ],
          [
            -121.883099,
            37.156229,
            768.2
          ],
          [
            -121.882981,
            37.156252,
            767
          ],
          [
            -121.882875,
            37.156273,
            764
          ],
          [
            -121.882781,
            37.15629,
            762.2
          ],
          [
            -121.882689,
            37.156302,
            761.6
          ],
          [
            -121.882595,
            37.156312,
            760.6
          ],
          [
            -121.882413,
            37.156315,
            758.6
          ],
          [
            -121.882253,
            37.156335,
            756.8
          ],
          [
            -121.882116,
            37.15642,
            755.2
          ],
          [
            -121.882056,
            37.156485,
            754
          ],
          [
            -121.881914,
            37.156622,
            750.8
          ],
          [
            -121.881827,
            37.156685,
            749
          ],
          [
            -121.881732,
            37.15674,
            747.8
          ],
          [
            -121.881633,
            37.156801,
            746
          ],
          [
            -121.881538,
            37.156866,
            744.8
          ],
          [
            -121.881445,
            37.156929,
            743
          ],
          [
            -121.881352,
            37.15699,
            741
          ],
          [
            -121.88125,
            37.157048,
            740
          ],
          [
            -121.881144,
            37.157106,
            738.8
          ],
          [
            -121.881037,
            37.157159,
            737.2
          ],
          [
            -121.880929,
            37.157197,
            733.8
          ],
          [
            -121.880814,
            37.157228,
            733.2
          ],
          [
            -121.880698,
            37.157252,
            731.4
          ],
          [
            -121.880467,
            37.157295,
            729.6
          ],
          [
            -121.880217,
            37.157323,
            727.2
          ],
          [
            -121.880092,
            37.157331,
            726.8
          ],
          [
            -121.879973,
            37.157342,
            724.8
          ],
          [
            -121.879863,
            37.157363,
            722.8
          ],
          [
            -121.879764,
            37.157406,
            722.4
          ],
          [
            -121.879678,
            37.157465,
            722.2
          ],
          [
            -121.879545,
            37.157626,
            721.2
          ],
          [
            -121.879465,
            37.157703,
            721
          ],
          [
            -121.87927,
            37.157829,
            720.4
          ],
          [
            -121.87916,
            37.157878,
            719.4
          ],
          [
            -121.878811,
            37.158,
            717.8
          ],
          [
            -121.878706,
            37.158051,
            717.4
          ],
          [
            -121.878551,
            37.158208,
            716.2
          ],
          [
            -121.878478,
            37.158291,
            715.2
          ],
          [
            -121.878397,
            37.158368,
            714.8
          ],
          [
            -121.878186,
            37.158478,
            714.4
          ],
          [
            -121.878067,
            37.158516,
            714
          ],
          [
            -121.877707,
            37.158612,
            712.8
          ],
          [
            -121.877589,
            37.158643,
            712.4
          ],
          [
            -121.877482,
            37.158687,
            711.8
          ],
          [
            -121.877316,
            37.158814,
            710
          ],
          [
            -121.877168,
            37.158917,
            709.4
          ],
          [
            -121.877083,
            37.158946,
            709.4
          ],
          [
            -121.876989,
            37.158951,
            709.2
          ],
          [
            -121.876894,
            37.158937,
            709
          ],
          [
            -121.876798,
            37.158922,
            708.6
          ],
          [
            -121.876599,
            37.158923,
            707.6
          ],
          [
            -121.876502,
            37.158949,
            707.2
          ],
          [
            -121.876409,
            37.158987,
            706.6
          ],
          [
            -121.876245,
            37.15909,
            705.6
          ],
          [
            -121.876168,
            37.159147,
            705
          ],
          [
            -121.876018,
            37.159269,
            703.8
          ],
          [
            -121.875954,
            37.15934,
            703.6
          ],
          [
            -121.875896,
            37.159416,
            703.4
          ],
          [
            -121.875776,
            37.159569,
            702.4
          ],
          [
            -121.875555,
            37.159788,
            701
          ],
          [
            -121.875466,
            37.159853,
            700.2
          ],
          [
            -121.875376,
            37.159911,
            699.4
          ],
          [
            -121.875286,
            37.159958,
            698.2
          ],
          [
            -121.875108,
            37.160066,
            697.8
          ],
          [
            -121.875005,
            37.160222,
            696.6
          ],
          [
            -121.874987,
            37.160314,
            696.2
          ],
          [
            -121.874987,
            37.16041,
            695.8
          ],
          [
            -121.874998,
            37.160507,
            695.4
          ],
          [
            -121.875034,
            37.160599,
            694.6
          ],
          [
            -121.875098,
            37.160667,
            694
          ],
          [
            -121.875176,
            37.160712,
            692.2
          ],
          [
            -121.875259,
            37.160755,
            691.2
          ],
          [
            -121.875418,
            37.160875,
            690.6
          ],
          [
            -121.875487,
            37.160951,
            690
          ],
          [
            -121.875544,
            37.161022,
            688.6
          ],
          [
            -121.875583,
            37.161095,
            687
          ],
          [
            -121.875593,
            37.161173,
            685.8
          ],
          [
            -121.875569,
            37.161251,
            685.2
          ],
          [
            -121.875484,
            37.16141,
            684
          ],
          [
            -121.875451,
            37.1615,
            683.6
          ],
          [
            -121.875467,
            37.16168,
            681.6
          ],
          [
            -121.875507,
            37.161762,
            679.8
          ],
          [
            -121.875538,
            37.161849,
            679.4
          ],
          [
            -121.875545,
            37.161938,
            678.8
          ],
          [
            -121.875517,
            37.162024,
            678.6
          ],
          [
            -121.87547,
            37.162108,
            677.8
          ],
          [
            -121.875401,
            37.162189,
            677
          ],
          [
            -121.875313,
            37.162256,
            675.6
          ],
          [
            -121.875209,
            37.162302,
            675.2
          ],
          [
            -121.875099,
            37.162325,
            674
          ],
          [
            -121.874986,
            37.162332,
            673
          ],
          [
            -121.874735,
            37.162322,
            671.4
          ],
          [
            -121.874609,
            37.162295,
            670.4
          ],
          [
            -121.874476,
            37.162269,
            668.8
          ],
          [
            -121.874214,
            37.162254,
            666.6
          ],
          [
            -121.874086,
            37.162272,
            664
          ],
          [
            -121.873868,
            37.162331,
            662.8
          ],
          [
            -121.873739,
            37.162442,
            662.6
          ],
          [
            -121.873714,
            37.162518,
            662.6
          ],
          [
            -121.873725,
            37.162597,
            662.4
          ],
          [
            -121.873757,
            37.162673,
            662
          ],
          [
            -121.873804,
            37.162752,
            661.8
          ],
          [
            -121.873909,
            37.162917,
            660.4
          ],
          [
            -121.873949,
            37.163007,
            659.6
          ],
          [
            -121.87399,
            37.163104,
            659
          ],
          [
            -121.874043,
            37.163198,
            658
          ],
          [
            -121.874123,
            37.163286,
            656.6
          ],
          [
            -121.874216,
            37.163371,
            653.6
          ],
          [
            -121.874322,
            37.163454,
            652.4
          ],
          [
            -121.874514,
            37.163621,
            651
          ],
          [
            -121.8746,
            37.163699,
            649
          ],
          [
            -121.874678,
            37.163782,
            647
          ],
          [
            -121.874751,
            37.163877,
            646.4
          ],
          [
            -121.874863,
            37.164076,
            645.4
          ],
          [
            -121.87489,
            37.164176,
            643.4
          ],
          [
            -121.874887,
            37.164271,
            641.8
          ],
          [
            -121.874852,
            37.164361,
            641.4
          ],
          [
            -121.874793,
            37.164445,
            641.2
          ],
          [
            -121.874724,
            37.164527,
            640
          ],
          [
            -121.874658,
            37.164616,
            639.2
          ],
          [
            -121.874596,
            37.164706,
            638.4
          ],
          [
            -121.874544,
            37.164794,
            637.2
          ],
          [
            -121.874513,
            37.164882,
            636
          ],
          [
            -121.874516,
            37.164968,
            635.2
          ],
          [
            -121.874557,
            37.165042,
            635
          ],
          [
            -121.874623,
            37.165106,
            634.2
          ],
          [
            -121.874746,
            37.165247,
            633.6
          ],
          [
            -121.874774,
            37.16533,
            633.2
          ],
          [
            -121.874776,
            37.165416,
            631.6
          ],
          [
            -121.874744,
            37.165495,
            630
          ],
          [
            -121.874695,
            37.165571,
            629.2
          ],
          [
            -121.87465,
            37.165647,
            628.6
          ],
          [
            -121.874632,
            37.165727,
            627.8
          ],
          [
            -121.874653,
            37.165802,
            626.6
          ],
          [
            -121.874707,
            37.165873,
            625.8
          ],
          [
            -121.874778,
            37.165935,
            625.4
          ],
          [
            -121.874859,
            37.165989,
            625.2
          ],
          [
            -121.874943,
            37.166045,
            625
          ],
          [
            -121.875107,
            37.166173,
            623.8
          ],
          [
            -121.875171,
            37.166235,
            622.8
          ],
          [
            -121.875198,
            37.1663,
            621
          ],
          [
            -121.875184,
            37.166367,
            620.6
          ],
          [
            -121.875141,
            37.16643,
            620.2
          ],
          [
            -121.875064,
            37.16648,
            619.8
          ],
          [
            -121.87497,
            37.166503,
            619
          ],
          [
            -121.874874,
            37.166501,
            618
          ],
          [
            -121.87469,
            37.166446,
            617
          ],
          [
            -121.874496,
            37.166437,
            616.2
          ],
          [
            -121.874398,
            37.166465,
            615.6
          ],
          [
            -121.874294,
            37.166511,
            614.6
          ],
          [
            -121.874194,
            37.166569,
            613.4
          ],
          [
            -121.874101,
            37.166626,
            612
          ],
          [
            -121.874009,
            37.166679,
            610.2
          ],
          [
            -121.873912,
            37.16672,
            608
          ],
          [
            -121.873676,
            37.166776,
            606
          ],
          [
            -121.873556,
            37.166781,
            604.4
          ],
          [
            -121.87344,
            37.166772,
            602.4
          ],
          [
            -121.873329,
            37.166767,
            600.8
          ],
          [
            -121.873226,
            37.166788,
            599.6
          ],
          [
            -121.873142,
            37.166837,
            597.6
          ],
          [
            -121.873079,
            37.166906,
            596.2
          ],
          [
            -121.87303,
            37.166982,
            595
          ],
          [
            -121.872975,
            37.167059,
            594.2
          ],
          [
            -121.872905,
            37.167136,
            592.6
          ],
          [
            -121.872716,
            37.167251,
            590.6
          ],
          [
            -121.872608,
            37.167288,
            589.6
          ],
          [
            -121.872488,
            37.16731,
            587.2
          ],
          [
            -121.872355,
            37.167313,
            586
          ],
          [
            -121.872218,
            37.167307,
            585.8
          ],
          [
            -121.872071,
            37.167314,
            584
          ],
          [
            -121.871924,
            37.16734,
            582.6
          ],
          [
            -121.871776,
            37.167371,
            580.6
          ],
          [
            -121.871637,
            37.167405,
            579.4
          ],
          [
            -121.871514,
            37.167432,
            578.2
          ],
          [
            -121.871404,
            37.167459,
            576.6
          ],
          [
            -121.871191,
            37.167497,
            575.6
          ],
          [
            -121.870972,
            37.1675,
            574.6
          ],
          [
            -121.870862,
            37.167479,
            573.4
          ],
          [
            -121.870751,
            37.167446,
            572.8
          ],
          [
            -121.870641,
            37.167399,
            571.6
          ],
          [
            -121.870419,
            37.16733,
            570.6
          ],
          [
            -121.870304,
            37.167338,
            568.6
          ],
          [
            -121.870187,
            37.167365,
            567.8
          ],
          [
            -121.870071,
            37.167406,
            566.8
          ],
          [
            -121.86996,
            37.167456,
            565.8
          ],
          [
            -121.869774,
            37.167595,
            563.2
          ],
          [
            -121.869711,
            37.167688,
            562.8
          ],
          [
            -121.869638,
            37.167779,
            561.6
          ],
          [
            -121.86951,
            37.167954,
            560.6
          ],
          [
            -121.869471,
            37.168044,
            559
          ],
          [
            -121.869462,
            37.168131,
            558.2
          ],
          [
            -121.869473,
            37.168224,
            557.4
          ],
          [
            -121.869491,
            37.168319,
            556
          ],
          [
            -121.869509,
            37.168408,
            555.6
          ],
          [
            -121.869518,
            37.16849,
            554.8
          ],
          [
            -121.869457,
            37.168654,
            553.4
          ],
          [
            -121.869323,
            37.168812,
            551.4
          ],
          [
            -121.869239,
            37.168892,
            550
          ],
          [
            -121.869087,
            37.169084,
            547.6
          ],
          [
            -121.869025,
            37.169192,
            546.4
          ],
          [
            -121.868969,
            37.169298,
            544.6
          ],
          [
            -121.868904,
            37.169387,
            542.8
          ],
          [
            -121.868833,
            37.169465,
            541.4
          ],
          [
            -121.86874,
            37.169535,
            541
          ],
          [
            -121.868634,
            37.169598,
            539.8
          ],
          [
            -121.868536,
            37.169668,
            538.8
          ],
          [
            -121.86846,
            37.169753,
            537
          ],
          [
            -121.868403,
            37.169849,
            534.8
          ],
          [
            -121.86835,
            37.169954,
            533.4
          ],
          [
            -121.868301,
            37.170066,
            532.6
          ],
          [
            -121.868249,
            37.17017,
            531
          ],
          [
            -121.868199,
            37.170263,
            529
          ],
          [
            -121.868144,
            37.170343,
            527.4
          ],
          [
            -121.868075,
            37.17041,
            526.4
          ],
          [
            -121.867991,
            37.170457,
            526
          ],
          [
            -121.867787,
            37.170532,
            524.6
          ],
          [
            -121.867687,
            37.170572,
            523.4
          ],
          [
            -121.867596,
            37.170627,
            521.4
          ],
          [
            -121.867526,
            37.170705,
            519.8
          ],
          [
            -121.867488,
            37.1708,
            518.6
          ],
          [
            -121.867396,
            37.170974,
            515.4
          ],
          [
            -121.867242,
            37.171113,
            513.4
          ],
          [
            -121.867157,
            37.171172,
            512.6
          ],
          [
            -121.867065,
            37.171216,
            511.2
          ],
          [
            -121.866962,
            37.171245,
            510.2
          ],
          [
            -121.86685,
            37.171265,
            509.2
          ],
          [
            -121.866727,
            37.171285,
            509
          ],
          [
            -121.866607,
            37.171303,
            507.8
          ],
          [
            -121.866495,
            37.171315,
            506
          ],
          [
            -121.866396,
            37.171332,
            504
          ],
          [
            -121.866307,
            37.171367,
            503.2
          ],
          [
            -121.866221,
            37.171425,
            502.4
          ],
          [
            -121.866153,
            37.171501,
            501
          ],
          [
            -121.866091,
            37.171584,
            500
          ],
          [
            -121.86603,
            37.171666,
            498.8
          ],
          [
            -121.865981,
            37.171742,
            497.6
          ],
          [
            -121.865963,
            37.171822,
            496.2
          ],
          [
            -121.865979,
            37.171898,
            495.8
          ],
          [
            -121.866029,
            37.171971,
            494.6
          ],
          [
            -121.866107,
            37.172031,
            493.6
          ],
          [
            -121.8662,
            37.172086,
            492.6
          ],
          [
            -121.866289,
            37.172141,
            491.4
          ],
          [
            -121.866365,
            37.172201,
            489.8
          ],
          [
            -121.86642,
            37.172274,
            488.8
          ],
          [
            -121.866452,
            37.172355,
            488.4
          ],
          [
            -121.866457,
            37.172441,
            487.6
          ],
          [
            -121.866427,
            37.172516,
            486
          ],
          [
            -121.866369,
            37.172595,
            485
          ],
          [
            -121.866305,
            37.172675,
            483.4
          ],
          [
            -121.866246,
            37.172766,
            482.4
          ],
          [
            -121.866187,
            37.172864,
            480.8
          ],
          [
            -121.866131,
            37.172958,
            479.6
          ],
          [
            -121.866067,
            37.173042,
            477.2
          ],
          [
            -121.865989,
            37.173104,
            474.8
          ],
          [
            -121.865894,
            37.173149,
            474.2
          ],
          [
            -121.865798,
            37.173197,
            473.2
          ],
          [
            -121.865697,
            37.173256,
            472.6
          ],
          [
            -121.865607,
            37.173328,
            471
          ],
          [
            -121.865537,
            37.173409,
            468.8
          ],
          [
            -121.865476,
            37.173487,
            466.2
          ],
          [
            -121.865403,
            37.173556,
            464.6
          ],
          [
            -121.865223,
            37.173647,
            463.2
          ],
          [
            -121.865108,
            37.173679,
            461.2
          ],
          [
            -121.864996,
            37.173699,
            460.2
          ],
          [
            -121.86489,
            37.173713,
            457.6
          ],
          [
            -121.864785,
            37.173728,
            456
          ],
          [
            -121.864685,
            37.173753,
            455
          ],
          [
            -121.864598,
            37.173792,
            453.6
          ],
          [
            -121.864533,
            37.173851,
            452.8
          ],
          [
            -121.864491,
            37.173919,
            451
          ],
          [
            -121.864476,
            37.173996,
            449.4
          ],
          [
            -121.864489,
            37.174076,
            448.8
          ],
          [
            -121.864531,
            37.174153,
            447.8
          ],
          [
            -121.864675,
            37.174289,
            445.6
          ],
          [
            -121.864828,
            37.174405,
            443.8
          ],
          [
            -121.864954,
            37.174525,
            442.4
          ],
          [
            -121.86497,
            37.174678,
            440.4
          ],
          [
            -121.86489,
            37.174832,
            439.2
          ],
          [
            -121.864832,
            37.174903,
            437.4
          ],
          [
            -121.864767,
            37.174971,
            436.2
          ],
          [
            -121.864702,
            37.175036,
            435
          ],
          [
            -121.864641,
            37.175093,
            433.6
          ],
          [
            -121.864577,
            37.175143,
            432.6
          ],
          [
            -121.864512,
            37.175183,
            431.2
          ],
          [
            -121.864391,
            37.175251,
            430
          ],
          [
            -121.864301,
            37.175312,
            428.8
          ],
          [
            -121.864275,
            37.17534,
            428.2
          ],
          [
            -121.864255,
            37.175359,
            427.6
          ],
          [
            -121.864251,
            37.175368,
            427.4
          ],
          [
            -121.864259,
            37.175382,
            427
          ],
          [
            -121.86428,
            37.175421,
            426.8
          ],
          [
            -121.864277,
            37.17542,
            426.8
          ],
          [
            -121.864275,
            37.175439,
            426.8
          ],
          [
            -121.864276,
            37.17544,
            426.8
          ],
          [
            -121.864276,
            37.17544,
            426.8
          ],
          [
            -121.864276,
            37.17544,
            426.6
          ],
          [
            -121.864276,
            37.17544,
            426.6
          ],
          [
            -121.86425,
            37.175422,
            426.6
          ],
          [
            -121.86425,
            37.175422,
            426.6
          ],
          [
            -121.864227,
            37.175424,
            426
          ],
          [
            -121.864227,
            37.175424,
            426
          ],
          [
            -121.864227,
            37.175424,
            425.8
          ],
          [
            -121.864227,
            37.175424,
            425.8
          ],
          [
            -121.864227,
            37.175424,
            425.8
          ],
          [
            -121.864227,
            37.175424,
            425.8
          ],
          [
            -121.864227,
            37.175424,
            425.8
          ],
          [
            -121.864227,
            37.175424,
            425.6
          ],
          [
            -121.864227,
            37.175424,
            425.6
          ],
          [
            -121.864227,
            37.175424,
            425.6
          ],
          [
            -121.864232,
            37.175408,
            425.4
          ],
          [
            -121.864232,
            37.175408,
            425.2
          ],
          [
            -121.864232,
            37.175408,
            425.2
          ],
          [
            -121.864232,
            37.175408,
            425
          ],
          [
            -121.864232,
            37.175408,
            425
          ],
          [
            -121.864232,
            37.175408,
            425
          ],
          [
            -121.864232,
            37.175408,
            424.8
          ],
          [
            -121.864232,
            37.175408,
            424.8
          ],
          [
            -121.864236,
            37.175408,
            424.6
          ],
          [
            -121.864232,
            37.175408,
            424.6
          ],
          [
            -121.864232,
            37.175408,
            424.2
          ],
          [
            -121.864232,
            37.175408,
            424
          ],
          [
            -121.864232,
            37.175408,
            424
          ],
          [
            -121.864232,
            37.175408,
            424
          ],
          [
            -121.864232,
            37.175408,
            424
          ],
          [
            -121.864232,
            37.175408,
            423.6
          ],
          [
            -121.864232,
            37.175408,
            423.6
          ],
          [
            -121.864232,
            37.175408,
            423.6
          ],
          [
            -121.864232,
            37.175408,
            423.6
          ],
          [
            -121.864232,
            37.175408,
            423.6
          ],
          [
            -121.864232,
            37.175408,
            423.6
          ],
          [
            -121.864232,
            37.175408,
            423.6
          ],
          [
            -121.864232,
            37.175408,
            423.6
          ],
          [
            -121.864232,
            37.175408,
            423.6
          ],
          [
            -121.864232,
            37.175408,
            423.6
          ],
          [
            -121.864232,
            37.175408,
            423.6
          ],
          [
            -121.864232,
            37.175408,
            423.6
          ],
          [
            -121.864237,
            37.175404,
            423.6
          ],
          [
            -121.864236,
            37.175399,
            423.6
          ],
          [
            -121.86423,
            37.175404,
            423.6
          ],
          [
            -121.864259,
            37.175398,
            423.6
          ],
          [
            -121.864281,
            37.175402,
            424.4
          ],
          [
            -121.864296,
            37.17542,
            424.4
          ],
          [
            -121.864286,
            37.175417,
            424.6
          ],
          [
            -121.86418,
            37.175389,
            424.4
          ],
          [
            -121.864141,
            37.175383,
            424.4
          ],
          [
            -121.864093,
            37.175382,
            424.4
          ],
          [
            -121.863987,
            37.175389,
            423.6
          ],
          [
            -121.863834,
            37.175387,
            422.6
          ],
          [
            -121.863745,
            37.175361,
            422
          ],
          [
            -121.863707,
            37.175338,
            421.6
          ],
          [
            -121.863647,
            37.17528,
            420.6
          ],
          [
            -121.863616,
            37.175243,
            420.4
          ],
          [
            -121.863557,
            37.175154,
            419.2
          ],
          [
            -121.863425,
            37.174991,
            417.6
          ],
          [
            -121.863312,
            37.174871,
            416.4
          ],
          [
            -121.863203,
            37.174761,
            415.2
          ],
          [
            -121.86309,
            37.174644,
            414.2
          ],
          [
            -121.863035,
            37.174587,
            413.6
          ],
          [
            -121.862935,
            37.174477,
            411.8
          ],
          [
            -121.862802,
            37.174305,
            410.8
          ],
          [
            -121.862765,
            37.174246,
            410.4
          ],
          [
            -121.862732,
            37.174183,
            409.4
          ],
          [
            -121.862676,
            37.174039,
            407.6
          ],
          [
            -121.86263,
            37.173886,
            406.4
          ],
          [
            -121.862609,
            37.173809,
            405
          ],
          [
            -121.862592,
            37.173734,
            404
          ],
          [
            -121.862556,
            37.173596,
            402.6
          ],
          [
            -121.862537,
            37.173533,
            401.2
          ],
          [
            -121.862508,
            37.17341,
            399.8
          ],
          [
            -121.86248,
            37.173286,
            398.2
          ],
          [
            -121.862467,
            37.173228,
            397.8
          ],
          [
            -121.862447,
            37.173105,
            396.8
          ],
          [
            -121.862421,
            37.172981,
            395.2
          ],
          [
            -121.86239,
            37.172908,
            394.4
          ],
          [
            -121.862349,
            37.172829,
            393.4
          ],
          [
            -121.862304,
            37.172746,
            392
          ],
          [
            -121.862261,
            37.172663,
            391
          ],
          [
            -121.862224,
            37.17258,
            389.4
          ],
          [
            -121.862192,
            37.1725,
            387.4
          ],
          [
            -121.862162,
            37.172422,
            384.8
          ],
          [
            -121.862139,
            37.17235,
            383.8
          ],
          [
            -121.862101,
            37.172212,
            382.4
          ],
          [
            -121.862031,
            37.172078,
            381.4
          ],
          [
            -121.861926,
            37.171941,
            380.4
          ],
          [
            -121.861857,
            37.171873,
            379.2
          ],
          [
            -121.861779,
            37.171813,
            378.2
          ],
          [
            -121.861632,
            37.171707,
            376.6
          ],
          [
            -121.861558,
            37.171646,
            374.8
          ],
          [
            -121.861492,
            37.171569,
            373.4
          ],
          [
            -121.861424,
            37.171488,
            372
          ],
          [
            -121.861378,
            37.1714,
            369.8
          ],
          [
            -121.861311,
            37.17132,
            368
          ],
          [
            -121.861248,
            37.171245,
            367
          ],
          [
            -121.861115,
            37.171106,
            364.4
          ],
          [
            -121.861066,
            37.171043,
            363.2
          ],
          [
            -121.861028,
            37.170981,
            362.6
          ],
          [
            -121.861,
            37.170914,
            361.6
          ],
          [
            -121.860985,
            37.170841,
            361.2
          ],
          [
            -121.860977,
            37.170761,
            360.2
          ],
          [
            -121.860983,
            37.170674,
            359.6
          ],
          [
            -121.860987,
            37.170584,
            358.8
          ],
          [
            -121.860985,
            37.170402,
            356.4
          ],
          [
            -121.860982,
            37.170316,
            354.8
          ],
          [
            -121.860971,
            37.170233,
            353.4
          ],
          [
            -121.860957,
            37.170158,
            352.2
          ],
          [
            -121.860934,
            37.170076,
            351.4
          ],
          [
            -121.860913,
            37.16999,
            350.4
          ],
          [
            -121.860858,
            37.16983,
            348.6
          ],
          [
            -121.860813,
            37.169699,
            347.4
          ],
          [
            -121.860736,
            37.169519,
            347.4
          ],
          [
            -121.860708,
            37.169481,
            347.4
          ],
          [
            -121.860432,
            37.169226,
            345.8
          ],
          [
            -121.860244,
            37.169107,
            344.2
          ],
          [
            -121.860094,
            37.169037,
            343.2
          ],
          [
            -121.860013,
            37.169006,
            341.8
          ],
          [
            -121.85993,
            37.168981,
            340.2
          ],
          [
            -121.859759,
            37.168927,
            337.2
          ],
          [
            -121.85968,
            37.168894,
            335.8
          ],
          [
            -121.859536,
            37.168802,
            333.4
          ],
          [
            -121.859463,
            37.168741,
            331.8
          ],
          [
            -121.859394,
            37.168686,
            330.2
          ],
          [
            -121.859321,
            37.168631,
            328
          ],
          [
            -121.859234,
            37.16858,
            326.2
          ],
          [
            -121.859068,
            37.1685,
            323.8
          ],
          [
            -121.859001,
            37.168448,
            322.2
          ],
          [
            -121.858906,
            37.168326,
            320.8
          ],
          [
            -121.858877,
            37.168257,
            319.4
          ],
          [
            -121.858782,
            37.168112,
            317.2
          ],
          [
            -121.858716,
            37.168033,
            315.4
          ],
          [
            -121.858606,
            37.167874,
            312.8
          ],
          [
            -121.858558,
            37.167791,
            311.2
          ],
          [
            -121.858509,
            37.167702,
            310
          ],
          [
            -121.858451,
            37.167615,
            308.6
          ],
          [
            -121.858403,
            37.167533,
            307.2
          ],
          [
            -121.858366,
            37.167461,
            305.4
          ],
          [
            -121.858274,
            37.167342,
            304
          ],
          [
            -121.858206,
            37.167289,
            302.8
          ],
          [
            -121.858122,
            37.167245,
            302.2
          ],
          [
            -121.85802,
            37.167207,
            300.6
          ],
          [
            -121.857916,
            37.167179,
            298.8
          ],
          [
            -121.85781,
            37.167148,
            296.8
          ],
          [
            -121.857714,
            37.167103,
            295.2
          ],
          [
            -121.85763,
            37.167042,
            293.2
          ],
          [
            -121.857552,
            37.166973,
            292.2
          ],
          [
            -121.857389,
            37.166817,
            290
          ],
          [
            -121.857308,
            37.166732,
            288.6
          ],
          [
            -121.857227,
            37.166656,
            286.2
          ],
          [
            -121.857149,
            37.166575,
            284
          ],
          [
            -121.857073,
            37.166495,
            282.6
          ],
          [
            -121.856925,
            37.166364,
            281
          ],
          [
            -121.856837,
            37.166327,
            279.6
          ],
          [
            -121.856734,
            37.166316,
            279
          ],
          [
            -121.856625,
            37.166326,
            278
          ],
          [
            -121.856515,
            37.166333,
            276.6
          ],
          [
            -121.856419,
            37.166321,
            275.6
          ],
          [
            -121.856336,
            37.166284,
            274.2
          ],
          [
            -121.85627,
            37.166225,
            272.8
          ],
          [
            -121.856138,
            37.166084,
            271.4
          ],
          [
            -121.856051,
            37.16602,
            270.2
          ],
          [
            -121.855963,
            37.165955,
            269.2
          ],
          [
            -121.855881,
            37.165887,
            267
          ],
          [
            -121.855806,
            37.165815,
            266
          ],
          [
            -121.85573,
            37.165754,
            264.8
          ],
          [
            -121.855638,
            37.165694,
            264.6
          ],
          [
            -121.855534,
            37.165642,
            263.8
          ],
          [
            -121.855413,
            37.165604,
            263.4
          ],
          [
            -121.85528,
            37.165574,
            262.2
          ],
          [
            -121.855143,
            37.165542,
            261
          ],
          [
            -121.855001,
            37.165507,
            259.4
          ],
          [
            -121.854871,
            37.165471,
            256.8
          ],
          [
            -121.854756,
            37.165428,
            255.4
          ],
          [
            -121.854652,
            37.165384,
            253.2
          ],
          [
            -121.854441,
            37.16531,
            251.8
          ],
          [
            -121.854208,
            37.165275,
            250.4
          ],
          [
            -121.854084,
            37.16527,
            249
          ],
          [
            -121.853963,
            37.16527,
            247.8
          ],
          [
            -121.853838,
            37.165286,
            246
          ],
          [
            -121.853704,
            37.165316,
            245
          ],
          [
            -121.853577,
            37.165351,
            243.4
          ],
          [
            -121.85345,
            37.165395,
            239.8
          ],
          [
            -121.853324,
            37.165435,
            238
          ],
          [
            -121.853199,
            37.165473,
            236.4
          ],
          [
            -121.85307,
            37.1655,
            234.6
          ],
          [
            -121.852939,
            37.165515,
            233
          ],
          [
            -121.852806,
            37.165523,
            231.4
          ],
          [
            -121.852538,
            37.165531,
            230.2
          ],
          [
            -121.852278,
            37.165521,
            227.4
          ],
          [
            -121.852143,
            37.165479,
            225.8
          ],
          [
            -121.852003,
            37.165448,
            224.6
          ],
          [
            -121.851864,
            37.16541,
            222.4
          ],
          [
            -121.851731,
            37.165364,
            219.8
          ],
          [
            -121.851482,
            37.165264,
            218.4
          ],
          [
            -121.851365,
            37.165217,
            217.6
          ],
          [
            -121.851118,
            37.165137,
            217.2
          ],
          [
            -121.85074,
            37.165003,
            215
          ],
          [
            -121.850622,
            37.164951,
            213.4
          ],
          [
            -121.850404,
            37.164832,
            212.2
          ],
          [
            -121.850307,
            37.16477,
            211.6
          ],
          [
            -121.850222,
            37.164695,
            210.4
          ],
          [
            -121.85008,
            37.164517,
            209.2
          ],
          [
            -121.849928,
            37.164338,
            207.8
          ],
          [
            -121.849834,
            37.16426,
            206.8
          ],
          [
            -121.849728,
            37.164194,
            205.6
          ],
          [
            -121.849614,
            37.164142,
            205.2
          ],
          [
            -121.849382,
            37.164055,
            204.4
          ],
          [
            -121.849265,
            37.164017,
            203.8
          ],
          [
            -121.84915,
            37.163977,
            203.2
          ],
          [
            -121.848926,
            37.163877,
            202.2
          ],
          [
            -121.848812,
            37.16383,
            201.8
          ],
          [
            -121.848572,
            37.163742,
            200.8
          ],
          [
            -121.84835,
            37.163649,
            199.6
          ],
          [
            -121.84807,
            37.163498,
            199.6
          ],
          [
            -121.847728,
            37.163328,
            200
          ],
          [
            -121.84765,
            37.163299,
            200.2
          ],
          [
            -121.847098,
            37.163097,
            200.2
          ],
          [
            -121.847031,
            37.163055,
            200.2
          ],
          [
            -121.846865,
            37.162903,
            200.2
          ],
          [
            -121.846746,
            37.162816,
            200
          ],
          [
            -121.846529,
            37.162703,
            199.4
          ],
          [
            -121.846202,
            37.162561,
            198.6
          ],
          [
            -121.846121,
            37.162524,
            198.6
          ],
          [
            -121.845675,
            37.162404,
            196.8
          ],
          [
            -121.845479,
            37.16236,
            195.6
          ],
          [
            -121.845175,
            37.162309,
            194.4
          ],
          [
            -121.84508,
            37.162282,
            193.6
          ],
          [
            -121.84499,
            37.162245,
            192.8
          ],
          [
            -121.844909,
            37.16219,
            192.4
          ],
          [
            -121.844841,
            37.162125,
            191.8
          ],
          [
            -121.844797,
            37.162048,
            191.8
          ],
          [
            -121.844754,
            37.161884,
            191.4
          ],
          [
            -121.844677,
            37.161731,
            190.6
          ],
          [
            -121.84461,
            37.161678,
            190.2
          ],
          [
            -121.844523,
            37.161641,
            189.8
          ],
          [
            -121.844428,
            37.16162,
            189.6
          ],
          [
            -121.844329,
            37.161599,
            189.4
          ],
          [
            -121.844132,
            37.161556,
            188.4
          ],
          [
            -121.843921,
            37.161507,
            187
          ],
          [
            -121.843601,
            37.161439,
            185.8
          ],
          [
            -121.843504,
            37.161403,
            185.4
          ],
          [
            -121.84342,
            37.161355,
            184.8
          ],
          [
            -121.843347,
            37.161299,
            184.6
          ],
          [
            -121.843122,
            37.161046,
            184
          ],
          [
            -121.84307,
            37.161005,
            184
          ],
          [
            -121.842971,
            37.160954,
            183.8
          ],
          [
            -121.842931,
            37.16093,
            183.8
          ],
          [
            -121.842827,
            37.160896,
            183.8
          ],
          [
            -121.842785,
            37.160904,
            183.8
          ],
          [
            -121.842729,
            37.160967,
            183.4
          ],
          [
            -121.842714,
            37.161009,
            183.4
          ],
          [
            -121.842678,
            37.161095,
            183.4
          ],
          [
            -121.842606,
            37.161282,
            183.4
          ],
          [
            -121.842543,
            37.161365,
            183.4
          ],
          [
            -121.842463,
            37.161438,
            183.4
          ],
          [
            -121.842421,
            37.161467,
            183.2
          ],
          [
            -121.842375,
            37.161494,
            183.2
          ],
          [
            -121.842158,
            37.161608,
            183.2
          ],
          [
            -121.84181,
            37.161822,
            183.6
          ],
          [
            -121.841729,
            37.161887,
            183.6
          ],
          [
            -121.841584,
            37.162031,
            183.4
          ],
          [
            -121.841517,
            37.162104,
            183.4
          ],
          [
            -121.84137,
            37.162251,
            183.2
          ],
          [
            -121.841291,
            37.162322,
            183.2
          ],
          [
            -121.840953,
            37.16251,
            183.2
          ],
          [
            -121.840679,
            37.162624,
            183
          ],
          [
            -121.840516,
            37.162691,
            183
          ],
          [
            -121.840096,
            37.162812,
            182.6
          ],
          [
            -121.839915,
            37.162814,
            182.6
          ],
          [
            -121.8398,
            37.162793,
            182.6
          ],
          [
            -121.839528,
            37.162737,
            183.6
          ],
          [
            -121.839415,
            37.162729,
            183.8
          ],
          [
            -121.839353,
            37.16273,
            183.8
          ],
          [
            -121.839229,
            37.162746,
            184
          ],
          [
            -121.839041,
            37.162801,
            184
          ],
          [
            -121.838633,
            37.162961,
            183
          ],
          [
            -121.838448,
            37.162997,
            182.8
          ],
          [
            -121.838319,
            37.16298,
            182.6
          ],
          [
            -121.838197,
            37.162942,
            182.4
          ],
          [
            -121.83804,
            37.162883,
            182.4
          ],
          [
            -121.837688,
            37.162727,
            182.8
          ],
          [
            -121.837308,
            37.162599,
            183.8
          ],
          [
            -121.837255,
            37.162594,
            183.8
          ],
          [
            -121.837203,
            37.162595,
            183.8
          ],
          [
            -121.836977,
            37.162615,
            183.6
          ],
          [
            -121.836814,
            37.162654,
            183.2
          ],
          [
            -121.83671,
            37.162695,
            183.2
          ],
          [
            -121.836659,
            37.162722,
            183.2
          ],
          [
            -121.836564,
            37.162781,
            183.4
          ],
          [
            -121.836471,
            37.162847,
            183.2
          ],
          [
            -121.836337,
            37.162955,
            183
          ],
          [
            -121.836192,
            37.163042,
            183.2
          ],
          [
            -121.836137,
            37.163063,
            183.8
          ],
          [
            -121.835851,
            37.163155,
            183.6
          ],
          [
            -121.835669,
            37.163199,
            183.2
          ],
          [
            -121.835155,
            37.163364,
            183
          ],
          [
            -121.835094,
            37.163378,
            183
          ],
          [
            -121.834921,
            37.163445,
            183
          ],
          [
            -121.834689,
            37.163527,
            182.8
          ],
          [
            -121.834402,
            37.163652,
            182.2
          ],
          [
            -121.834029,
            37.163764,
            182.2
          ],
          [
            -121.83396,
            37.163759,
            181.8
          ],
          [
            -121.833892,
            37.163759,
            181.6
          ],
          [
            -121.833693,
            37.163737,
            181.6
          ],
          [
            -121.833499,
            37.163693,
            181.6
          ],
          [
            -121.832981,
            37.163581,
            181.2
          ],
          [
            -121.832374,
            37.163513,
            181
          ],
          [
            -121.831944,
            37.163404,
            181.4
          ],
          [
            -121.831538,
            37.163352,
            182
          ],
          [
            -121.831418,
            37.163346,
            182
          ],
          [
            -121.831239,
            37.163351,
            182.2
          ],
          [
            -121.831122,
            37.163368,
            182
          ],
          [
            -121.830954,
            37.163404,
            182
          ],
          [
            -121.830843,
            37.163449,
            182
          ],
          [
            -121.830792,
            37.16348,
            182
          ],
          [
            -121.830699,
            37.16355,
            182
          ],
          [
            -121.830594,
            37.163681,
            182
          ],
          [
            -121.830544,
            37.16378,
            182
          ],
          [
            -121.83047,
            37.163937,
            182
          ],
          [
            -121.83031,
            37.164318,
            181.6
          ],
          [
            -121.830216,
            37.16447,
            181.4
          ],
          [
            -121.830124,
            37.164556,
            181.4
          ],
          [
            -121.829782,
            37.164793,
            181.8
          ],
          [
            -121.829543,
            37.164977,
            181.8
          ],
          [
            -121.829507,
            37.165027,
            181.8
          ],
          [
            -121.829482,
            37.16508,
            181.8
          ],
          [
            -121.829433,
            37.165239,
            181.8
          ],
          [
            -121.82943,
            37.165294,
            182
          ],
          [
            -121.829383,
            37.165598,
            180.8
          ],
          [
            -121.829357,
            37.165664,
            180
          ],
          [
            -121.829309,
            37.165813,
            178.8
          ],
          [
            -121.829268,
            37.165972,
            177.4
          ],
          [
            -121.82924,
            37.166132,
            176
          ],
          [
            -121.829217,
            37.166283,
            174.8
          ],
          [
            -121.829164,
            37.16642,
            173.6
          ],
          [
            -121.829074,
            37.166514,
            172
          ],
          [
            -121.829028,
            37.166548,
            171.4
          ],
          [
            -121.828952,
            37.166605,
            170.6
          ],
          [
            -121.828901,
            37.166657,
            170
          ],
          [
            -121.828892,
            37.166678,
            170
          ],
          [
            -121.828902,
            37.166692,
            170
          ],
          [
            -121.828904,
            37.166697,
            170
          ],
          [
            -121.828904,
            37.166697,
            170
          ],
          [
            -121.828904,
            37.166697,
            169.8
          ],
          [
            -121.828904,
            37.166697,
            169.8
          ],
          [
            -121.828904,
            37.166697,
            169.6
          ],
          [
            -121.828904,
            37.166697,
            169.6
          ],
          [
            -121.828904,
            37.166697,
            169.8
          ],
          [
            -121.828904,
            37.166697,
            170
          ],
          [
            -121.828906,
            37.166694,
            170
          ],
          [
            -121.828906,
            37.166694,
            169.6
          ],
          [
            -121.828906,
            37.166694,
            169.6
          ],
          [
            -121.828874,
            37.166726,
            169.6
          ],
          [
            -121.828856,
            37.16674,
            169.6
          ],
          [
            -121.82873,
            37.166849,
            168.8
          ],
          [
            -121.828701,
            37.166881,
            168.4
          ],
          [
            -121.828684,
            37.166925,
            168
          ],
          [
            -121.82868,
            37.16704,
            167
          ],
          [
            -121.828671,
            37.167174,
            166
          ],
          [
            -121.82866,
            37.167323,
            164.2
          ],
          [
            -121.828629,
            37.167469,
            163.2
          ],
          [
            -121.828611,
            37.167626,
            162
          ],
          [
            -121.828602,
            37.167789,
            160.8
          ],
          [
            -121.828586,
            37.167871,
            160.6
          ],
          [
            -121.828524,
            37.168031,
            159.6
          ],
          [
            -121.828473,
            37.168109,
            159.2
          ],
          [
            -121.828409,
            37.168184,
            158.8
          ],
          [
            -121.828339,
            37.168252,
            158.6
          ],
          [
            -121.828177,
            37.168371,
            157.4
          ],
          [
            -121.827942,
            37.168558,
            156.4
          ],
          [
            -121.827849,
            37.168709,
            156
          ],
          [
            -121.827717,
            37.168905,
            156.2
          ],
          [
            -121.827666,
            37.168956,
            156.4
          ],
          [
            -121.827376,
            37.169171,
            157.4
          ],
          [
            -121.827332,
            37.169207,
            157.6
          ],
          [
            -121.827131,
            37.169419,
            158
          ],
          [
            -121.82692,
            37.169658,
            158.6
          ],
          [
            -121.826878,
            37.169697,
            158.6
          ],
          [
            -121.826785,
            37.169774,
            158.4
          ],
          [
            -121.826619,
            37.169895,
            157.4
          ],
          [
            -121.826492,
            37.169979,
            156.4
          ],
          [
            -121.826356,
            37.170067,
            155
          ],
          [
            -121.826211,
            37.170159,
            153.8
          ],
          [
            -121.826137,
            37.170211,
            153.6
          ],
          [
            -121.826061,
            37.170266,
            153.4
          ],
          [
            -121.825989,
            37.170325,
            152.8
          ],
          [
            -121.825785,
            37.170497,
            151.8
          ],
          [
            -121.825715,
            37.170553,
            151.6
          ],
          [
            -121.825641,
            37.170598,
            151.6
          ],
          [
            -121.825427,
            37.170705,
            151.8
          ],
          [
            -121.825162,
            37.170903,
            152.6
          ],
          [
            -121.825085,
            37.171001,
            152.6
          ],
          [
            -121.82502,
            37.171172,
            152.6
          ],
          [
            -121.825022,
            37.171484,
            152.6
          ],
          [
            -121.825135,
            37.171939,
            151
          ],
          [
            -121.825144,
            37.172005,
            150.8
          ],
          [
            -121.825142,
            37.172075,
            150.4
          ],
          [
            -121.825126,
            37.17222,
            149.4
          ],
          [
            -121.825113,
            37.172293,
            149.2
          ],
          [
            -121.82509,
            37.172364,
            148.8
          ],
          [
            -121.825054,
            37.172425,
            148.2
          ],
          [
            -121.825011,
            37.172482,
            147.8
          ],
          [
            -121.824961,
            37.172536,
            147.2
          ],
          [
            -121.824817,
            37.172687,
            145.2
          ],
          [
            -121.824679,
            37.172834,
            143.8
          ],
          [
            -121.824519,
            37.173033,
            142.4
          ],
          [
            -121.824461,
            37.173126,
            142
          ],
          [
            -121.824444,
            37.17317,
            142
          ],
          [
            -121.824416,
            37.173273,
            141.8
          ],
          [
            -121.824415,
            37.173393,
            141.4
          ],
          [
            -121.824496,
            37.173646,
            140.2
          ],
          [
            -121.824522,
            37.173706,
            140
          ],
          [
            -121.824614,
            37.173988,
            139.6
          ],
          [
            -121.824616,
            37.174034,
            139.6
          ],
          [
            -121.824631,
            37.174118,
            139.6
          ],
          [
            -121.824684,
            37.174176,
            140.2
          ],
          [
            -121.824713,
            37.174188,
            140.2
          ],
          [
            -121.824792,
            37.174251,
            140.2
          ],
          [
            -121.824835,
            37.174312,
            140.4
          ],
          [
            -121.82481,
            37.174327,
            140.8
          ],
          [
            -121.82481,
            37.174327,
            140.6
          ],
          [
            -121.82481,
            37.174327,
            140.6
          ],
          [
            -121.8248,
            37.174333,
            140.6
          ],
          [
            -121.82481,
            37.174327,
            141
          ],
          [
            -121.82481,
            37.174327,
            141
          ],
          [
            -121.824812,
            37.174316,
            140.6
          ],
          [
            -121.824812,
            37.174314,
            140.6
          ],
          [
            -121.824798,
            37.174326,
            140.2
          ],
          [
            -121.824798,
            37.174326,
            140.2
          ],
          [
            -121.824798,
            37.174326,
            140.2
          ],
          [
            -121.824798,
            37.174326,
            140.2
          ],
          [
            -121.824798,
            37.174326,
            140
          ],
          [
            -121.824798,
            37.174326,
            140
          ],
          [
            -121.824798,
            37.174326,
            140
          ],
          [
            -121.824798,
            37.174326,
            139.8
          ],
          [
            -121.824793,
            37.174325,
            139.8
          ],
          [
            -121.824797,
            37.174309,
            140
          ],
          [
            -121.824804,
            37.174306,
            140
          ],
          [
            -121.824788,
            37.174323,
            139.8
          ],
          [
            -121.824786,
            37.174325,
            139.8
          ],
          [
            -121.824786,
            37.174325,
            139.6
          ],
          [
            -121.824786,
            37.174325,
            139.6
          ],
          [
            -121.824804,
            37.174332,
            140
          ],
          [
            -121.824803,
            37.174331,
            140
          ],
          [
            -121.824801,
            37.174328,
            140.2
          ],
          [
            -121.824794,
            37.174321,
            140.2
          ],
          [
            -121.824803,
            37.174343,
            140.2
          ],
          [
            -121.824796,
            37.174337,
            140.2
          ],
          [
            -121.8248,
            37.174328,
            140.2
          ],
          [
            -121.824796,
            37.174315,
            140.2
          ],
          [
            -121.824801,
            37.174314,
            140.2
          ],
          [
            -121.824802,
            37.174312,
            140.2
          ],
          [
            -121.824809,
            37.174307,
            140.2
          ],
          [
            -121.824811,
            37.174312,
            140.2
          ],
          [
            -121.824825,
            37.174322,
            140.2
          ],
          [
            -121.824821,
            37.174313,
            140.2
          ],
          [
            -121.824818,
            37.174315,
            140.2
          ],
          [
            -121.824789,
            37.174288,
            140
          ],
          [
            -121.824729,
            37.174207,
            139.8
          ],
          [
            -121.824653,
            37.174193,
            139.8
          ],
          [
            -121.824618,
            37.174205,
            139.6
          ],
          [
            -121.824549,
            37.174258,
            138.8
          ],
          [
            -121.824497,
            37.174347,
            138.4
          ],
          [
            -121.824377,
            37.174482,
            138.2
          ],
          [
            -121.824286,
            37.174563,
            138.4
          ],
          [
            -121.824013,
            37.174823,
            138
          ],
          [
            -121.823962,
            37.174868,
            138
          ],
          [
            -121.82391,
            37.174912,
            137.8
          ],
          [
            -121.82386,
            37.174959,
            137.8
          ],
          [
            -121.823759,
            37.175055,
            137.6
          ],
          [
            -121.82371,
            37.175101,
            137.6
          ],
          [
            -121.82361,
            37.175195,
            136.6
          ],
          [
            -121.823343,
            37.175432,
            136.2
          ],
          [
            -121.823294,
            37.175486,
            136.2
          ],
          [
            -121.823084,
            37.175679,
            136.4
          ],
          [
            -121.822972,
            37.175774,
            136.6
          ],
          [
            -121.822808,
            37.175934,
            136.4
          ],
          [
            -121.822333,
            37.176319,
            135.8
          ],
          [
            -121.822285,
            37.176371,
            136
          ],
          [
            -121.822167,
            37.17646,
            136
          ],
          [
            -121.821938,
            37.176655,
            136
          ],
          [
            -121.82189,
            37.17671,
            136
          ],
          [
            -121.821667,
            37.177006,
            135.6
          ],
          [
            -121.821629,
            37.177065,
            135.6
          ],
          [
            -121.821597,
            37.177123,
            135.4
          ],
          [
            -121.821418,
            37.177423,
            135.4
          ],
          [
            -121.821201,
            37.177771,
            135.6
          ],
          [
            -121.8209,
            37.178072,
            135.6
          ],
          [
            -121.820568,
            37.178297,
            135.6
          ],
          [
            -121.820199,
            37.178501,
            135
          ],
          [
            -121.8199,
            37.178657,
            134.4
          ],
          [
            -121.819728,
            37.17875,
            134.4
          ],
          [
            -121.81938,
            37.178927,
            136
          ],
          [
            -121.819263,
            37.178984,
            136
          ],
          [
            -121.819134,
            37.179044,
            134.6
          ],
          [
            -121.818818,
            37.179189,
            134
          ],
          [
            -121.818297,
            37.179415,
            133.8
          ],
          [
            -121.817917,
            37.179489,
            133.2
          ],
          [
            -121.817838,
            37.1795,
            132.6
          ],
          [
            -121.817762,
            37.179517,
            132.2
          ],
          [
            -121.817683,
            37.179534,
            132
          ],
          [
            -121.817427,
            37.179568,
            131.4
          ],
          [
            -121.817348,
            37.179585,
            130.8
          ],
          [
            -121.81702,
            37.17968,
            130
          ],
          [
            -121.816945,
            37.179715,
            129.2
          ],
          [
            -121.816728,
            37.179824,
            128.2
          ],
          [
            -121.816531,
            37.179953,
            127.4
          ],
          [
            -121.816469,
            37.18,
            127
          ],
          [
            -121.81637,
            37.180099,
            126.4
          ],
          [
            -121.816286,
            37.18021,
            126
          ],
          [
            -121.816253,
            37.180273,
            126
          ],
          [
            -121.816229,
            37.180343,
            125.8
          ],
          [
            -121.816172,
            37.180484,
            125.4
          ],
          [
            -121.816122,
            37.180699,
            124.6
          ],
          [
            -121.816096,
            37.18084,
            124
          ],
          [
            -121.816081,
            37.181274,
            123.4
          ],
          [
            -121.816104,
            37.181615,
            122.4
          ],
          [
            -121.816116,
            37.18175,
            121.8
          ],
          [
            -121.816127,
            37.182222,
            122
          ],
          [
            -121.816086,
            37.182527,
            123
          ],
          [
            -121.816076,
            37.182586,
            123.4
          ],
          [
            -121.816064,
            37.182641,
            124.6
          ],
          [
            -121.81602,
            37.18297,
            123.8
          ],
          [
            -121.81602,
            37.183113,
            124
          ],
          [
            -121.816063,
            37.183256,
            124.4
          ],
          [
            -121.816191,
            37.183599,
            124
          ],
          [
            -121.816334,
            37.183922,
            123.8
          ],
          [
            -121.816364,
            37.183966,
            124.6
          ],
          [
            -121.816433,
            37.18412,
            124.2
          ],
          [
            -121.816551,
            37.184316,
            124.4
          ],
          [
            -121.816668,
            37.184532,
            124.2
          ],
          [
            -121.816769,
            37.184694,
            123.4
          ],
          [
            -121.816949,
            37.184974,
            122.6
          ],
          [
            -121.816988,
            37.185029,
            122.2
          ],
          [
            -121.817205,
            37.185366,
            121.6
          ],
          [
            -121.817319,
            37.18555,
            121.2
          ],
          [
            -121.817421,
            37.185808,
            120.6
          ],
          [
            -121.817484,
            37.186088,
            120.2
          ],
          [
            -121.817503,
            37.18623,
            119.8
          ],
          [
            -121.817576,
            37.186562,
            119.2
          ],
          [
            -121.817606,
            37.186686,
            119.4
          ],
          [
            -121.817726,
            37.186998,
            119
          ],
          [
            -121.817752,
            37.187062,
            119
          ],
          [
            -121.817875,
            37.18738,
            118
          ],
          [
            -121.817927,
            37.187502,
            117.4
          ],
          [
            -121.81808,
            37.187869,
            116.6
          ],
          [
            -121.818154,
            37.188056,
            116
          ],
          [
            -121.818205,
            37.188181,
            115.6
          ],
          [
            -121.818372,
            37.188421,
            115.2
          ],
          [
            -121.818656,
            37.188679,
            114.8
          ],
          [
            -121.81898,
            37.188894,
            114.4
          ],
          [
            -121.819465,
            37.189242,
            114.2
          ],
          [
            -121.819869,
            37.189521,
            114.6
          ],
          [
            -121.820334,
            37.18984,
            114.8
          ],
          [
            -121.820388,
            37.189876,
            114.8
          ],
          [
            -121.820549,
            37.189994,
            115
          ],
          [
            -121.820768,
            37.190146,
            115
          ],
          [
            -121.821175,
            37.190433,
            114.4
          ],
          [
            -121.821368,
            37.190568,
            113.4
          ],
          [
            -121.821687,
            37.190785,
            113.2
          ],
          [
            -121.82211,
            37.191075,
            113
          ],
          [
            -121.822397,
            37.191287,
            114.6
          ],
          [
            -121.82269,
            37.191492,
            114.8
          ],
          [
            -121.823055,
            37.191729,
            114.6
          ],
          [
            -121.823402,
            37.191981,
            115
          ],
          [
            -121.823489,
            37.192039,
            115.2
          ],
          [
            -121.823809,
            37.19226,
            114.8
          ],
          [
            -121.823972,
            37.19237,
            114
          ],
          [
            -121.824051,
            37.192439,
            113.4
          ],
          [
            -121.824121,
            37.192466,
            113
          ],
          [
            -121.824153,
            37.192455,
            113
          ],
          [
            -121.824137,
            37.192405,
            113
          ],
          [
            -121.824103,
            37.192389,
            113
          ],
          [
            -121.824011,
            37.192328,
            113.6
          ],
          [
            -121.823855,
            37.192214,
            114.4
          ],
          [
            -121.823765,
            37.192151,
            114.8
          ],
          [
            -121.823669,
            37.192086,
            115.4
          ],
          [
            -121.82356,
            37.192015,
            115.4
          ],
          [
            -121.823121,
            37.191726,
            115.2
          ],
          [
            -121.822786,
            37.191495,
            115
          ],
          [
            -121.822505,
            37.191291,
            114.8
          ],
          [
            -121.822338,
            37.191164,
            114.4
          ],
          [
            -121.822188,
            37.191069,
            114
          ],
          [
            -121.821949,
            37.190898,
            113.6
          ],
          [
            -121.821909,
            37.190867,
            113.6
          ],
          [
            -121.821533,
            37.190615,
            113.6
          ],
          [
            -121.821186,
            37.190367,
            114.2
          ],
          [
            -121.820839,
            37.190131,
            115
          ],
          [
            -121.820629,
            37.189986,
            115
          ],
          [
            -121.820511,
            37.189908,
            115
          ],
          [
            -121.820198,
            37.189697,
            115
          ],
          [
            -121.81979,
            37.189406,
            114.6
          ],
          [
            -121.819666,
            37.189323,
            114.6
          ],
          [
            -121.819532,
            37.189232,
            114.6
          ],
          [
            -121.819223,
            37.189016,
            114
          ],
          [
            -121.819184,
            37.188987,
            114
          ],
          [
            -121.819,
            37.188897,
            113.8
          ],
          [
            -121.81895,
            37.188921,
            113.8
          ],
          [
            -121.818918,
            37.188937,
            113.8
          ],
          [
            -121.818901,
            37.188956,
            113.6
          ],
          [
            -121.818887,
            37.188968,
            113.6
          ],
          [
            -121.818895,
            37.188972,
            113.6
          ],
          [
            -121.818885,
            37.188986,
            113.4
          ],
          [
            -121.818885,
            37.188995,
            113.4
          ],
          [
            -121.818885,
            37.189001,
            113.4
          ],
          [
            -121.818877,
            37.189007,
            113.4
          ],
          [
            -121.818867,
            37.189011,
            113.2
          ],
          [
            -121.818827,
            37.189031,
            113
          ],
          [
            -121.81869,
            37.189063,
            112.2
          ],
          [
            -121.818641,
            37.189075,
            112
          ],
          [
            -121.818358,
            37.189198,
            112.4
          ],
          [
            -121.818072,
            37.189353,
            112.6
          ],
          [
            -121.817852,
            37.189478,
            112.2
          ],
          [
            -121.817836,
            37.189497,
            111.4
          ],
          [
            -121.81782,
            37.189516,
            111.6
          ],
          [
            -121.817809,
            37.189553,
            111
          ],
          [
            -121.81781,
            37.189557,
            111
          ],
          [
            -121.817812,
            37.189567,
            111
          ],
          [
            -121.817798,
            37.189551,
            111
          ],
          [
            -121.81779,
            37.189608,
            111
          ],
          [
            -121.817866,
            37.189745,
            111.2
          ],
          [
            -121.81793,
            37.189876,
            112.4
          ],
          [
            -121.817943,
            37.189921,
            112.8
          ],
          [
            -121.817967,
            37.190042,
            113.2
          ],
          [
            -121.817972,
            37.190111,
            113.4
          ],
          [
            -121.817965,
            37.190133,
            113.4
          ],
          [
            -121.817926,
            37.190236,
            114
          ],
          [
            -121.817893,
            37.190288,
            114.4
          ],
          [
            -121.817882,
            37.190304,
            115
          ],
          [
            -121.81788,
            37.190312,
            115
          ],
          [
            -121.817871,
            37.190316,
            114.8
          ],
          [
            -121.817861,
            37.190324,
            114.8
          ],
          [
            -121.817809,
            37.19042,
            115.4
          ],
          [
            -121.817802,
            37.190442,
            115.6
          ],
          [
            -121.817757,
            37.190593,
            116.4
          ],
          [
            -121.817746,
            37.190654,
            116.6
          ],
          [
            -121.817722,
            37.190785,
            117.4
          ],
          [
            -121.817691,
            37.190846,
            117.8
          ],
          [
            -121.817647,
            37.190925,
            118.6
          ],
          [
            -121.817617,
            37.190962,
            118.8
          ],
          [
            -121.817538,
            37.190978,
            119.4
          ],
          [
            -121.817376,
            37.190954,
            119.8
          ],
          [
            -121.817213,
            37.190968,
            120.2
          ],
          [
            -121.817074,
            37.190991,
            120.8
          ],
          [
            -121.816999,
            37.191004,
            121.4
          ],
          [
            -121.816919,
            37.191017,
            122
          ],
          [
            -121.816792,
            37.191047,
            122.8
          ],
          [
            -121.816768,
            37.191058,
            123
          ],
          [
            -121.816661,
            37.191113,
            123.6
          ],
          [
            -121.816616,
            37.19114,
            124
          ],
          [
            -121.816595,
            37.191152,
            124.2
          ],
          [
            -121.81647,
            37.191225,
            125
          ],
          [
            -121.816428,
            37.191241,
            125.2
          ],
          [
            -121.816309,
            37.191274,
            126.2
          ],
          [
            -121.816285,
            37.191281,
            126.2
          ],
          [
            -121.816135,
            37.1913,
            127
          ],
          [
            -121.816062,
            37.191306,
            127.4
          ],
          [
            -121.815971,
            37.191303,
            128
          ],
          [
            -121.815921,
            37.1913,
            128.4
          ],
          [
            -121.815741,
            37.191303,
            129.4
          ],
          [
            -121.815718,
            37.191301,
            129.4
          ],
          [
            -121.815548,
            37.191296,
            129.6
          ],
          [
            -121.815405,
            37.191342,
            130
          ],
          [
            -121.815356,
            37.191407,
            130.6
          ],
          [
            -121.815353,
            37.191447,
            131
          ],
          [
            -121.815264,
            37.19154,
            131.2
          ],
          [
            -121.815254,
            37.191562,
            131.2
          ],
          [
            -121.815278,
            37.191599,
            131.2
          ],
          [
            -121.815305,
            37.191604,
            131.4
          ],
          [
            -121.81539,
            37.191615,
            131.6
          ],
          [
            -121.815446,
            37.191638,
            131.8
          ],
          [
            -121.815558,
            37.191734,
            132.8
          ],
          [
            -121.81558,
            37.191749,
            132.8
          ],
          [
            -121.815692,
            37.191851,
            134
          ],
          [
            -121.815709,
            37.191868,
            134.2
          ],
          [
            -121.815768,
            37.19198,
            135
          ],
          [
            -121.815775,
            37.192004,
            135.8
          ],
          [
            -121.815763,
            37.19213,
            136.4
          ],
          [
            -121.815748,
            37.192191,
            136.8
          ],
          [
            -121.815724,
            37.192269,
            137.4
          ],
          [
            -121.815711,
            37.192313,
            137.8
          ],
          [
            -121.815665,
            37.192417,
            138.8
          ],
          [
            -121.815658,
            37.192432,
            139
          ],
          [
            -121.815609,
            37.192498,
            139.8
          ],
          [
            -121.815594,
            37.192531,
            140
          ],
          [
            -121.815547,
            37.192584,
            140.6
          ],
          [
            -121.8155,
            37.192628,
            141.2
          ],
          [
            -121.815446,
            37.192671,
            141.8
          ],
          [
            -121.815403,
            37.192707,
            142.4
          ],
          [
            -121.815346,
            37.192743,
            142.8
          ],
          [
            -121.815276,
            37.192783,
            143.6
          ],
          [
            -121.815171,
            37.192835,
            144.2
          ],
          [
            -121.81503,
            37.192918,
            144.4
          ],
          [
            -121.814898,
            37.193007,
            144.2
          ],
          [
            -121.814693,
            37.193037,
            144.4
          ],
          [
            -121.814523,
            37.193007,
            144.6
          ],
          [
            -121.814399,
            37.192974,
            145
          ],
          [
            -121.814209,
            37.192871,
            145.2
          ],
          [
            -121.814001,
            37.192674,
            145
          ],
          [
            -121.813881,
            37.192532,
            145.2
          ],
          [
            -121.813693,
            37.192407,
            145.4
          ],
          [
            -121.81349,
            37.192375,
            145.4
          ],
          [
            -121.813313,
            37.192408,
            145.2
          ],
          [
            -121.813091,
            37.192556,
            145.2
          ],
          [
            -121.812906,
            37.192657,
            145.4
          ],
          [
            -121.812707,
            37.192655,
            145.2
          ],
          [
            -121.812678,
            37.192633,
            145.2
          ],
          [
            -121.812616,
            37.192516,
            145.4
          ],
          [
            -121.812582,
            37.192457,
            145.8
          ],
          [
            -121.812485,
            37.192381,
            146
          ],
          [
            -121.812447,
            37.192351,
            145.8
          ],
          [
            -121.812386,
            37.192275,
            145.6
          ],
          [
            -121.812376,
            37.192232,
            145.6
          ],
          [
            -121.812395,
            37.192039,
            145.4
          ],
          [
            -121.812374,
            37.19196,
            145.4
          ],
          [
            -121.812295,
            37.191857,
            145.2
          ],
          [
            -121.812231,
            37.191793,
            145
          ],
          [
            -121.812126,
            37.191742,
            145.2
          ],
          [
            -121.81205,
            37.191709,
            145.4
          ],
          [
            -121.811881,
            37.191651,
            145.2
          ],
          [
            -121.811707,
            37.19155,
            145
          ],
          [
            -121.811652,
            37.191542,
            144.8
          ],
          [
            -121.811601,
            37.19154,
            144.8
          ],
          [
            -121.811428,
            37.191516,
            144.6
          ],
          [
            -121.811165,
            37.191505,
            144.6
          ],
          [
            -121.811,
            37.191621,
            144.8
          ],
          [
            -121.810775,
            37.191685,
            145.6
          ],
          [
            -121.810725,
            37.191704,
            145.6
          ],
          [
            -121.810618,
            37.191736,
            145.4
          ],
          [
            -121.810491,
            37.191771,
            145
          ],
          [
            -121.81038,
            37.191841,
            144.6
          ],
          [
            -121.810316,
            37.191924,
            144.2
          ],
          [
            -121.810274,
            37.19195,
            144.2
          ],
          [
            -121.810224,
            37.191969,
            143.8
          ],
          [
            -121.810168,
            37.191982,
            143.4
          ],
          [
            -121.810052,
            37.192,
            142.6
          ],
          [
            -121.809894,
            37.192047,
            141.6
          ],
          [
            -121.80985,
            37.19207,
            141.4
          ],
          [
            -121.809807,
            37.192131,
            141
          ],
          [
            -121.80982,
            37.192196,
            140
          ],
          [
            -121.809818,
            37.192268,
            139.2
          ],
          [
            -121.809797,
            37.192297,
            138.8
          ],
          [
            -121.809727,
            37.19233,
            138.6
          ],
          [
            -121.809616,
            37.192312,
            137.8
          ],
          [
            -121.809585,
            37.192291,
            137.4
          ],
          [
            -121.809533,
            37.19223,
            136.8
          ],
          [
            -121.809428,
            37.192135,
            136.2
          ],
          [
            -121.809317,
            37.192076,
            135.2
          ],
          [
            -121.809242,
            37.192055,
            134.6
          ],
          [
            -121.809165,
            37.192035,
            133.6
          ],
          [
            -121.808923,
            37.191996,
            132.4
          ],
          [
            -121.808781,
            37.191981,
            131.8
          ],
          [
            -121.808538,
            37.191957,
            131.2
          ],
          [
            -121.808478,
            37.191948,
            130.8
          ],
          [
            -121.808419,
            37.191944,
            130.2
          ],
          [
            -121.808358,
            37.191944,
            130
          ],
          [
            -121.808207,
            37.191967,
            129
          ],
          [
            -121.80815,
            37.191987,
            128.8
          ],
          [
            -121.808161,
            37.191976,
            128.6
          ],
          [
            -121.808151,
            37.191986,
            128.6
          ],
          [
            -121.808132,
            37.191993,
            128.6
          ],
          [
            -121.808046,
            37.192037,
            128.4
          ],
          [
            -121.807899,
            37.192149,
            128.2
          ],
          [
            -121.807873,
            37.192191,
            128
          ],
          [
            -121.807852,
            37.192238,
            127.8
          ],
          [
            -121.807822,
            37.19234,
            127.2
          ],
          [
            -121.807818,
            37.192394,
            126.8
          ],
          [
            -121.807826,
            37.192447,
            126.4
          ],
          [
            -121.807845,
            37.192562,
            125.8
          ],
          [
            -121.80784,
            37.192621,
            125.4
          ],
          [
            -121.807796,
            37.192728,
            125
          ],
          [
            -121.807759,
            37.192775,
            124.8
          ],
          [
            -121.807716,
            37.192821,
            124.4
          ],
          [
            -121.807614,
            37.192913,
            123.4
          ],
          [
            -121.807447,
            37.193054,
            122.6
          ],
          [
            -121.80738,
            37.193088,
            122.4
          ],
          [
            -121.807312,
            37.193118,
            122.2
          ],
          [
            -121.80712,
            37.193164,
            122
          ],
          [
            -121.807068,
            37.193173,
            122
          ],
          [
            -121.806948,
            37.193242,
            122
          ],
          [
            -121.806928,
            37.193285,
            122
          ],
          [
            -121.806862,
            37.193425,
            121
          ],
          [
            -121.806842,
            37.193494,
            120.4
          ],
          [
            -121.806847,
            37.193507,
            119.8
          ],
          [
            -121.806851,
            37.193516,
            119.6
          ],
          [
            -121.806847,
            37.193505,
            119.6
          ],
          [
            -121.806889,
            37.193546,
            119
          ],
          [
            -121.806923,
            37.193608,
            118.8
          ],
          [
            -121.806974,
            37.193634,
            118.6
          ],
          [
            -121.807024,
            37.193618,
            118.8
          ],
          [
            -121.807035,
            37.193605,
            118.8
          ],
          [
            -121.807045,
            37.193595,
            119
          ],
          [
            -121.807045,
            37.193595,
            119.2
          ],
          [
            -121.807045,
            37.193595,
            119.2
          ],
          [
            -121.807045,
            37.193595,
            119
          ],
          [
            -121.807035,
            37.193595,
            119
          ],
          [
            -121.807026,
            37.193585,
            118.6
          ],
          [
            -121.807025,
            37.193585,
            118.6
          ],
          [
            -121.807026,
            37.193586,
            118.6
          ],
          [
            -121.80704,
            37.193596,
            118.6
          ],
          [
            -121.807044,
            37.1936,
            118.6
          ],
          [
            -121.807038,
            37.193592,
            118.6
          ],
          [
            -121.807038,
            37.193613,
            118.6
          ],
          [
            -121.807029,
            37.193601,
            119
          ],
          [
            -121.807028,
            37.193597,
            118.8
          ],
          [
            -121.807035,
            37.193598,
            118.8
          ],
          [
            -121.807039,
            37.193611,
            118.8
          ],
          [
            -121.807054,
            37.193663,
            118.6
          ],
          [
            -121.807173,
            37.193742,
            118.2
          ],
          [
            -121.80728,
            37.193783,
            118
          ],
          [
            -121.807365,
            37.193804,
            117.6
          ],
          [
            -121.807405,
            37.193821,
            117.6
          ],
          [
            -121.807761,
            37.193974,
            117.2
          ],
          [
            -121.807829,
            37.194036,
            117.2
          ],
          [
            -121.807834,
            37.19408,
            117.2
          ],
          [
            -121.807822,
            37.194121,
            117.2
          ],
          [
            -121.807775,
            37.194197,
            117.2
          ],
          [
            -121.8077,
            37.194307,
            117
          ],
          [
            -121.807608,
            37.194473,
            116.6
          ],
          [
            -121.807587,
            37.194511,
            116.4
          ],
          [
            -121.807535,
            37.194607,
            115.2
          ],
          [
            -121.807509,
            37.194654,
            114.4
          ],
          [
            -121.80747,
            37.194719,
            114.2
          ],
          [
            -121.807443,
            37.194754,
            114
          ],
          [
            -121.807412,
            37.194788,
            114
          ],
          [
            -121.807355,
            37.194872,
            113.8
          ],
          [
            -121.807304,
            37.194982,
            112.4
          ],
          [
            -121.807278,
            37.195044,
            112
          ],
          [
            -121.807225,
            37.19517,
            111.2
          ],
          [
            -121.807176,
            37.195307,
            109.8
          ],
          [
            -121.807086,
            37.195513,
            109
          ],
          [
            -121.807054,
            37.195585,
            108.8
          ],
          [
            -121.806994,
            37.195731,
            107.6
          ],
          [
            -121.806905,
            37.195954,
            106.6
          ],
          [
            -121.80684,
            37.1961,
            106.4
          ],
          [
            -121.806819,
            37.196174,
            106.2
          ],
          [
            -121.806691,
            37.196521,
            105.4
          ],
          [
            -121.806502,
            37.19698,
            103.8
          ],
          [
            -121.806477,
            37.197044,
            103.6
          ],
          [
            -121.80632,
            37.197426,
            102.8
          ],
          [
            -121.80626,
            37.197551,
            102.6
          ],
          [
            -121.806085,
            37.19803,
            102.4
          ],
          [
            -121.805932,
            37.198435,
            102.8
          ],
          [
            -121.805836,
            37.198659,
            103
          ],
          [
            -121.805785,
            37.198765,
            102.8
          ],
          [
            -121.805763,
            37.198819,
            102.6
          ],
          [
            -121.805681,
            37.199045,
            102.2
          ],
          [
            -121.805568,
            37.19932,
            102
          ],
          [
            -121.805482,
            37.199531,
            102
          ],
          [
            -121.805424,
            37.19969,
            102.2
          ],
          [
            -121.805276,
            37.200067,
            102
          ],
          [
            -121.805125,
            37.200444,
            102.2
          ],
          [
            -121.805089,
            37.200551,
            102.4
          ],
          [
            -121.804927,
            37.200918,
            102.8
          ],
          [
            -121.804738,
            37.201398,
            103.4
          ],
          [
            -121.80458,
            37.201772,
            103.8
          ],
          [
            -121.804564,
            37.201813,
            103.8
          ],
          [
            -121.804452,
            37.202107,
            104.4
          ],
          [
            -121.804257,
            37.202562,
            104.8
          ],
          [
            -121.804232,
            37.202646,
            104.8
          ],
          [
            -121.804131,
            37.202897,
            105.6
          ],
          [
            -121.804125,
            37.202939,
            105.6
          ],
          [
            -121.804118,
            37.203054,
            105.8
          ],
          [
            -121.804139,
            37.203086,
            106
          ],
          [
            -121.804302,
            37.203169,
            106
          ],
          [
            -121.804694,
            37.203197,
            104.8
          ],
          [
            -121.80475,
            37.203198,
            104.8
          ],
          [
            -121.805346,
            37.203225,
            105.2
          ],
          [
            -121.80583,
            37.203272,
            105.6
          ],
          [
            -121.805878,
            37.203291,
            105.6
          ],
          [
            -121.806147,
            37.203375,
            105.8
          ],
          [
            -121.806194,
            37.203384,
            105.8
          ],
          [
            -121.806326,
            37.203386,
            106
          ],
          [
            -121.806646,
            37.203388,
            106
          ],
          [
            -121.806865,
            37.203406,
            105.8
          ],
          [
            -121.806961,
            37.203415,
            105.6
          ],
          [
            -121.807433,
            37.203463,
            105.2
          ],
          [
            -121.807486,
            37.203468,
            105
          ],
          [
            -121.807539,
            37.203464,
            104.8
          ],
          [
            -121.807683,
            37.203466,
            104.6
          ],
          [
            -121.807865,
            37.203471,
            105
          ],
          [
            -121.807892,
            37.203476,
            105.4
          ],
          [
            -121.807937,
            37.20348,
            105.8
          ],
          [
            -121.807947,
            37.203483,
            105.8
          ],
          [
            -121.807982,
            37.203489,
            105.4
          ],
          [
            -121.808005,
            37.203486,
            105.4
          ],
          [
            -121.808089,
            37.203427,
            105.2
          ],
          [
            -121.808166,
            37.203383,
            104.8
          ],
          [
            -121.808255,
            37.203359,
            104.6
          ],
          [
            -121.808302,
            37.203351,
            104.4
          ],
          [
            -121.808518,
            37.203359,
            103.6
          ],
          [
            -121.808802,
            37.203378,
            103.2
          ],
          [
            -121.809156,
            37.203412,
            102.6
          ],
          [
            -121.80921,
            37.203415,
            102.4
          ],
          [
            -121.809605,
            37.203442,
            102.2
          ],
          [
            -121.810104,
            37.203455,
            102.8
          ],
          [
            -121.810598,
            37.203469,
            102.2
          ],
          [
            -121.811036,
            37.203497,
            102.2
          ],
          [
            -121.811284,
            37.203496,
            102.2
          ],
          [
            -121.811545,
            37.203535,
            102.4
          ],
          [
            -121.811675,
            37.20358,
            102.4
          ],
          [
            -121.811776,
            37.203606,
            102
          ],
          [
            -121.811954,
            37.203661,
            101.4
          ],
          [
            -121.812005,
            37.203672,
            101.2
          ],
          [
            -121.812164,
            37.20371,
            100.2
          ],
          [
            -121.812348,
            37.203746,
            99.2
          ],
          [
            -121.812403,
            37.203765,
            98.8
          ],
          [
            -121.812702,
            37.203868,
            98.8
          ],
          [
            -121.812904,
            37.203931,
            98.6
          ],
          [
            -121.812996,
            37.203969,
            98.6
          ],
          [
            -121.813246,
            37.204058,
            98.4
          ],
          [
            -121.813322,
            37.204114,
            98.6
          ],
          [
            -121.813383,
            37.204149,
            99
          ],
          [
            -121.813384,
            37.204151,
            99.2
          ],
          [
            -121.813382,
            37.204141,
            99.2
          ],
          [
            -121.813399,
            37.204136,
            99
          ],
          [
            -121.813401,
            37.204133,
            98.6
          ],
          [
            -121.813432,
            37.204145,
            99
          ],
          [
            -121.813446,
            37.20415,
            99
          ],
          [
            -121.813487,
            37.204155,
            99
          ],
          [
            -121.813504,
            37.20416,
            99
          ],
          [
            -121.813671,
            37.204236,
            98.8
          ],
          [
            -121.813935,
            37.204346,
            99
          ],
          [
            -121.814032,
            37.204383,
            99
          ],
          [
            -121.814129,
            37.204416,
            99
          ],
          [
            -121.814173,
            37.204434,
            99
          ],
          [
            -121.814392,
            37.20452,
            99.2
          ],
          [
            -121.814752,
            37.204669,
            99.6
          ],
          [
            -121.814794,
            37.20469,
            99.6
          ],
          [
            -121.814975,
            37.204771,
            100.2
          ],
          [
            -121.815122,
            37.204837,
            100
          ],
          [
            -121.815518,
            37.205008,
            99.6
          ],
          [
            -121.815568,
            37.205031,
            99.6
          ],
          [
            -121.815618,
            37.205048,
            99.8
          ],
          [
            -121.815715,
            37.20505,
            99.8
          ],
          [
            -121.815758,
            37.205028,
            99.8
          ],
          [
            -121.815789,
            37.204991,
            99.6
          ],
          [
            -121.815823,
            37.20495,
            99
          ],
          [
            -121.815858,
            37.204906,
            98
          ],
          [
            -121.815894,
            37.204857,
            96.8
          ],
          [
            -121.815926,
            37.204808,
            95.6
          ],
          [
            -121.815948,
            37.20476,
            95.4
          ],
          [
            -121.815957,
            37.204715,
            95.4
          ],
          [
            -121.815988,
            37.204627,
            95.6
          ],
          [
            -121.816088,
            37.204464,
            96
          ],
          [
            -121.816236,
            37.204232,
            96.6
          ],
          [
            -121.816263,
            37.204192,
            96.6
          ],
          [
            -121.816289,
            37.204152,
            96.6
          ],
          [
            -121.816396,
            37.203986,
            96.8
          ],
          [
            -121.816497,
            37.203817,
            97
          ],
          [
            -121.8166,
            37.203646,
            97
          ],
          [
            -121.816635,
            37.203633,
            97.2
          ],
          [
            -121.816677,
            37.203635,
            97.2
          ],
          [
            -121.816759,
            37.203674,
            97.2
          ],
          [
            -121.817083,
            37.203801,
            96.8
          ],
          [
            -121.817129,
            37.203834,
            96.8
          ],
          [
            -121.817236,
            37.20394,
            96.6
          ],
          [
            -121.817259,
            37.203979,
            96.6
          ],
          [
            -121.817314,
            37.20405,
            96.8
          ],
          [
            -121.817357,
            37.204131,
            96.8
          ],
          [
            -121.817454,
            37.20429,
            96.8
          ],
          [
            -121.81757,
            37.2044,
            96.4
          ],
          [
            -121.817683,
            37.204517,
            96.2
          ],
          [
            -121.817795,
            37.204626,
            96
          ],
          [
            -121.817824,
            37.204666,
            96.2
          ],
          [
            -121.817959,
            37.204785,
            96.2
          ],
          [
            -121.818169,
            37.204951,
            96.6
          ],
          [
            -121.818368,
            37.205007,
            96.6
          ],
          [
            -121.818393,
            37.205028,
            96.6
          ],
          [
            -121.818491,
            37.205086,
            96.6
          ],
          [
            -121.818668,
            37.205106,
            96
          ],
          [
            -121.818776,
            37.205131,
            95.8
          ],
          [
            -121.818826,
            37.205152,
            95.6
          ],
          [
            -121.818874,
            37.205179,
            95.6
          ],
          [
            -121.818919,
            37.205209,
            95.4
          ],
          [
            -121.818947,
            37.205245,
            95.4
          ],
          [
            -121.819036,
            37.205336,
            95.2
          ],
          [
            -121.81928,
            37.205566,
            95
          ],
          [
            -121.819368,
            37.20562,
            95
          ],
          [
            -121.819538,
            37.205672,
            95
          ],
          [
            -121.819588,
            37.205682,
            95
          ],
          [
            -121.819799,
            37.205715,
            95
          ],
          [
            -121.81985,
            37.205716,
            95
          ],
          [
            -121.819963,
            37.205728,
            95.2
          ],
          [
            -121.820145,
            37.205718,
            95.2
          ],
          [
            -121.82039,
            37.205696,
            95
          ],
          [
            -121.820513,
            37.205736,
            94.6
          ],
          [
            -121.820761,
            37.205893,
            94.2
          ],
          [
            -121.82098,
            37.206022,
            93.8
          ],
          [
            -121.821063,
            37.20611,
            93.8
          ],
          [
            -121.821273,
            37.206381,
            94.4
          ],
          [
            -121.821348,
            37.206455,
            94.6
          ],
          [
            -121.821398,
            37.206489,
            94.6
          ],
          [
            -121.821508,
            37.206543,
            94.4
          ],
          [
            -121.821565,
            37.206559,
            94.2
          ],
          [
            -121.821817,
            37.206595,
            94
          ],
          [
            -121.821881,
            37.206593,
            94
          ],
          [
            -121.822137,
            37.206593,
            94
          ],
          [
            -121.822201,
            37.206611,
            93.8
          ],
          [
            -121.822376,
            37.206644,
            93.8
          ],
          [
            -121.822472,
            37.20667,
            93.4
          ],
          [
            -121.822532,
            37.206685,
            93.4
          ],
          [
            -121.822802,
            37.20675,
            92.8
          ],
          [
            -121.822852,
            37.206783,
            92.6
          ],
          [
            -121.822887,
            37.206821,
            92.6
          ],
          [
            -121.823012,
            37.206931,
            92.4
          ],
          [
            -121.823098,
            37.206988,
            92.6
          ],
          [
            -121.823241,
            37.207053,
            92.6
          ],
          [
            -121.823449,
            37.207149,
            93.2
          ],
          [
            -121.823588,
            37.207204,
            94
          ],
          [
            -121.82361,
            37.207265,
            94.2
          ],
          [
            -121.823596,
            37.20733,
            94.2
          ],
          [
            -121.823526,
            37.207433,
            94
          ],
          [
            -121.823501,
            37.207456,
            94
          ],
          [
            -121.823365,
            37.207666,
            93.8
          ],
          [
            -121.823231,
            37.20781,
            93.4
          ],
          [
            -121.823128,
            37.207813,
            93.4
          ],
          [
            -121.823077,
            37.207801,
            93.6
          ],
          [
            -121.82303,
            37.207783,
            93.4
          ],
          [
            -121.822906,
            37.207713,
            93.4
          ],
          [
            -121.822867,
            37.207683,
            93.4
          ],
          [
            -121.822701,
            37.207585,
            93.4
          ],
          [
            -121.822609,
            37.207549,
            93.4
          ],
          [
            -121.822562,
            37.207532,
            93.6
          ],
          [
            -121.822216,
            37.207419,
            94
          ],
          [
            -121.821951,
            37.207394,
            94.2
          ],
          [
            -121.821621,
            37.207459,
            93.8
          ],
          [
            -121.821387,
            37.207598,
            93.8
          ],
          [
            -121.821145,
            37.207794,
            94.2
          ],
          [
            -121.821065,
            37.207866,
            94.4
          ],
          [
            -121.82102,
            37.207916,
            94.6
          ],
          [
            -121.820938,
            37.208011,
            95
          ],
          [
            -121.820804,
            37.20814,
            95.4
          ],
          [
            -121.820767,
            37.208196,
            95.6
          ],
          [
            -121.82069,
            37.2083,
            96.6
          ],
          [
            -121.820618,
            37.20838,
            97.2
          ],
          [
            -121.820577,
            37.208445,
            97.4
          ],
          [
            -121.820546,
            37.208484,
            97.8
          ],
          [
            -121.82044,
            37.208578,
            98.6
          ],
          [
            -121.820404,
            37.208606,
            99
          ],
          [
            -121.820352,
            37.208654,
            99.4
          ],
          [
            -121.820303,
            37.208696,
            100
          ],
          [
            -121.820203,
            37.208785,
            100.4
          ],
          [
            -121.820155,
            37.208827,
            101.4
          ],
          [
            -121.820058,
            37.208904,
            102.6
          ],
          [
            -121.819977,
            37.208975,
            103.4
          ],
          [
            -121.819967,
            37.208988,
            103.6
          ],
          [
            -121.819938,
            37.209017,
            104
          ],
          [
            -121.819875,
            37.209096,
            104.6
          ],
          [
            -121.819829,
            37.209149,
            105.2
          ],
          [
            -121.819806,
            37.209172,
            105.6
          ],
          [
            -121.819724,
            37.209243,
            106.8
          ],
          [
            -121.819651,
            37.209338,
            107.8
          ],
          [
            -121.819641,
            37.209355,
            108
          ],
          [
            -121.819588,
            37.209429,
            109
          ],
          [
            -121.819571,
            37.209438,
            109
          ],
          [
            -121.81949,
            37.209508,
            110
          ],
          [
            -121.819482,
            37.209519,
            110.2
          ],
          [
            -121.819442,
            37.209586,
            111
          ],
          [
            -121.819435,
            37.209592,
            111
          ],
          [
            -121.819414,
            37.209623,
            111.4
          ],
          [
            -121.81941,
            37.209632,
            111.4
          ],
          [
            -121.819361,
            37.209691,
            112.2
          ],
          [
            -121.819354,
            37.209701,
            112.4
          ],
          [
            -121.819331,
            37.209749,
            113.2
          ],
          [
            -121.819324,
            37.209756,
            113.4
          ],
          [
            -121.81928,
            37.209822,
            114.2
          ],
          [
            -121.819276,
            37.209828,
            114.4
          ],
          [
            -121.819234,
            37.209897,
            115.2
          ],
          [
            -121.819226,
            37.209913,
            115.6
          ],
          [
            -121.819199,
            37.209935,
            115.8
          ],
          [
            -121.819195,
            37.209958,
            116
          ],
          [
            -121.81916,
            37.210025,
            116.6
          ],
          [
            -121.819147,
            37.210044,
            116.8
          ],
          [
            -121.819122,
            37.210107,
            117.6
          ],
          [
            -121.819111,
            37.210126,
            117.6
          ],
          [
            -121.819098,
            37.210151,
            118
          ],
          [
            -121.819064,
            37.210195,
            118.6
          ],
          [
            -121.819035,
            37.210266,
            119.4
          ],
          [
            -121.819028,
            37.210292,
            119.6
          ],
          [
            -121.818984,
            37.210336,
            120.4
          ],
          [
            -121.818955,
            37.210368,
            120.6
          ],
          [
            -121.818949,
            37.210393,
            120.8
          ],
          [
            -121.818946,
            37.210403,
            121
          ],
          [
            -121.818938,
            37.210425,
            121.2
          ],
          [
            -121.81892,
            37.210467,
            121.6
          ],
          [
            -121.818914,
            37.210481,
            121.8
          ],
          [
            -121.818876,
            37.210515,
            122.4
          ],
          [
            -121.818858,
            37.210557,
            122.8
          ],
          [
            -121.818847,
            37.210577,
            123
          ],
          [
            -121.818805,
            37.210629,
            123.6
          ],
          [
            -121.818793,
            37.210646,
            123.8
          ],
          [
            -121.818751,
            37.210686,
            124.4
          ],
          [
            -121.818727,
            37.210717,
            124.8
          ],
          [
            -121.818699,
            37.210755,
            125.2
          ],
          [
            -121.818656,
            37.210805,
            126
          ],
          [
            -121.818642,
            37.21081,
            126.2
          ],
          [
            -121.818615,
            37.210828,
            126.4
          ],
          [
            -121.818608,
            37.210857,
            126.6
          ],
          [
            -121.818574,
            37.210897,
            127.2
          ],
          [
            -121.818565,
            37.210913,
            127.4
          ],
          [
            -121.818517,
            37.210956,
            127.8
          ],
          [
            -121.818516,
            37.210971,
            128
          ],
          [
            -121.818504,
            37.211002,
            128.4
          ],
          [
            -121.81849,
            37.211026,
            128.6
          ],
          [
            -121.818453,
            37.211082,
            129.4
          ],
          [
            -121.818436,
            37.211095,
            129.6
          ],
          [
            -121.818422,
            37.211118,
            130
          ],
          [
            -121.818407,
            37.211169,
            130.4
          ],
          [
            -121.8184,
            37.211189,
            130.6
          ],
          [
            -121.818352,
            37.211255,
            131.4
          ],
          [
            -121.818347,
            37.211272,
            131.6
          ],
          [
            -121.818341,
            37.211305,
            132
          ],
          [
            -121.818292,
            37.211364,
            132.8
          ],
          [
            -121.818288,
            37.211375,
            132.8
          ],
          [
            -121.818274,
            37.21145,
            133.6
          ],
          [
            -121.818265,
            37.211463,
            133.8
          ],
          [
            -121.818236,
            37.211514,
            134.4
          ],
          [
            -121.818224,
            37.211544,
            134.8
          ],
          [
            -121.818197,
            37.211581,
            135.4
          ],
          [
            -121.818169,
            37.21163,
            136
          ],
          [
            -121.818165,
            37.211639,
            136
          ],
          [
            -121.818134,
            37.211703,
            136.8
          ],
          [
            -121.81812,
            37.211724,
            137
          ],
          [
            -121.818102,
            37.211802,
            137.4
          ],
          [
            -121.818081,
            37.211849,
            138
          ],
          [
            -121.818028,
            37.211897,
            138.6
          ],
          [
            -121.817992,
            37.211954,
            139
          ],
          [
            -121.81799,
            37.211978,
            139.4
          ],
          [
            -121.817962,
            37.212025,
            140
          ],
          [
            -121.817925,
            37.212093,
            140.6
          ],
          [
            -121.817892,
            37.212187,
            141.2
          ],
          [
            -121.817874,
            37.212218,
            141.2
          ],
          [
            -121.817808,
            37.212327,
            142
          ],
          [
            -121.817781,
            37.2124,
            142.2
          ],
          [
            -121.817734,
            37.212497,
            142.4
          ],
          [
            -121.817646,
            37.212677,
            142.6
          ],
          [
            -121.817541,
            37.212865,
            142.6
          ],
          [
            -121.817415,
            37.213129,
            142.2
          ],
          [
            -121.817277,
            37.213362,
            142.6
          ],
          [
            -121.817202,
            37.213449,
            143.2
          ],
          [
            -121.817127,
            37.213519,
            143.4
          ],
          [
            -121.816983,
            37.213622,
            144.2
          ],
          [
            -121.816875,
            37.213672,
            145
          ],
          [
            -121.816814,
            37.213702,
            145.4
          ],
          [
            -121.81668,
            37.213758,
            146.4
          ],
          [
            -121.816653,
            37.213766,
            146.6
          ],
          [
            -121.816511,
            37.213792,
            147.8
          ],
          [
            -121.816492,
            37.213794,
            148
          ],
          [
            -121.816402,
            37.2138,
            149
          ],
          [
            -121.816353,
            37.213807,
            149.2
          ],
          [
            -121.816262,
            37.213815,
            150
          ],
          [
            -121.816262,
            37.213815,
            150.2
          ],
          [
            -121.816182,
            37.213817,
            151
          ],
          [
            -121.816182,
            37.213817,
            151.2
          ],
          [
            -121.816183,
            37.213818,
            151
          ],
          [
            -121.816182,
            37.213817,
            150.8
          ],
          [
            -121.816128,
            37.213816,
            151.4
          ],
          [
            -121.816128,
            37.213816,
            151.4
          ],
          [
            -121.816128,
            37.213816,
            151.4
          ],
          [
            -121.816128,
            37.213816,
            151.4
          ],
          [
            -121.816128,
            37.213816,
            151.2
          ],
          [
            -121.816129,
            37.213815,
            151.2
          ],
          [
            -121.816113,
            37.213814,
            151.2
          ],
          [
            -121.816074,
            37.2138,
            151.4
          ],
          [
            -121.815966,
            37.213778,
            151.8
          ],
          [
            -121.815926,
            37.213767,
            152.4
          ],
          [
            -121.815823,
            37.213745,
            153.4
          ],
          [
            -121.815791,
            37.213734,
            153.6
          ],
          [
            -121.815699,
            37.213705,
            154.8
          ],
          [
            -121.815651,
            37.213677,
            155.4
          ],
          [
            -121.815579,
            37.213662,
            156
          ],
          [
            -121.815505,
            37.213642,
            156.6
          ],
          [
            -121.815471,
            37.213628,
            157
          ],
          [
            -121.815346,
            37.213579,
            158
          ],
          [
            -121.815311,
            37.213568,
            158.4
          ],
          [
            -121.815225,
            37.213543,
            159.2
          ],
          [
            -121.815176,
            37.213521,
            159.4
          ],
          [
            -121.815088,
            37.213491,
            160.2
          ],
          [
            -121.814995,
            37.213465,
            160.8
          ],
          [
            -121.814932,
            37.213441,
            161.2
          ],
          [
            -121.81484,
            37.213411,
            161.8
          ],
          [
            -121.814771,
            37.213391,
            162.4
          ],
          [
            -121.814731,
            37.213381,
            162.6
          ],
          [
            -121.81461,
            37.213331,
            163.4
          ],
          [
            -121.814591,
            37.213325,
            163.4
          ],
          [
            -121.814466,
            37.213287,
            164.2
          ],
          [
            -121.814427,
            37.213275,
            164.4
          ],
          [
            -121.814316,
            37.213235,
            165.2
          ],
          [
            -121.814274,
            37.213227,
            165.4
          ],
          [
            -121.81418,
            37.213192,
            166
          ],
          [
            -121.814099,
            37.213172,
            166.4
          ],
          [
            -121.813986,
            37.213136,
            167.2
          ],
          [
            -121.81393,
            37.21313,
            167.6
          ],
          [
            -121.81385,
            37.213119,
            168
          ],
          [
            -121.813711,
            37.213093,
            168.8
          ],
          [
            -121.813672,
            37.213088,
            169
          ],
          [
            -121.813526,
            37.213082,
            169.8
          ],
          [
            -121.813385,
            37.213069,
            170.4
          ],
          [
            -121.813366,
            37.213068,
            170.4
          ],
          [
            -121.813288,
            37.213072,
            170.8
          ],
          [
            -121.813201,
            37.213072,
            171.2
          ],
          [
            -121.813057,
            37.213087,
            171.8
          ],
          [
            -121.812897,
            37.213115,
            172.4
          ],
          [
            -121.812798,
            37.213142,
            172.6
          ],
          [
            -121.812739,
            37.213153,
            172.8
          ],
          [
            -121.812643,
            37.213178,
            173.2
          ],
          [
            -121.812466,
            37.213241,
            173.8
          ],
          [
            -121.812445,
            37.213246,
            173.8
          ],
          [
            -121.812322,
            37.213287,
            174.2
          ],
          [
            -121.812153,
            37.213351,
            174.8
          ],
          [
            -121.812094,
            37.213372,
            175
          ],
          [
            -121.811956,
            37.213419,
            175.6
          ],
          [
            -121.81185,
            37.213455,
            176.2
          ],
          [
            -121.811785,
            37.213471,
            176.4
          ],
          [
            -121.811652,
            37.213505,
            177.2
          ],
          [
            -121.811591,
            37.213526,
            177.6
          ],
          [
            -121.811492,
            37.213562,
            178.4
          ],
          [
            -121.811447,
            37.213573,
            178.6
          ],
          [
            -121.811324,
            37.213596,
            179.4
          ],
          [
            -121.811302,
            37.2136,
            179.6
          ],
          [
            -121.811173,
            37.213633,
            180.4
          ],
          [
            -121.811112,
            37.213649,
            180.8
          ],
          [
            -121.81102,
            37.21367,
            181.4
          ],
          [
            -121.810883,
            37.213686,
            182.2
          ],
          [
            -121.810861,
            37.213691,
            182.6
          ],
          [
            -121.810717,
            37.213718,
            183.8
          ],
          [
            -121.810564,
            37.213724,
            184.8
          ],
          [
            -121.810503,
            37.213736,
            185.2
          ],
          [
            -121.810398,
            37.21374,
            185.8
          ],
          [
            -121.810381,
            37.213743,
            186
          ],
          [
            -121.81028,
            37.213754,
            186.6
          ],
          [
            -121.810234,
            37.213754,
            187
          ],
          [
            -121.810134,
            37.213759,
            187.8
          ],
          [
            -121.810093,
            37.213757,
            188
          ],
          [
            -121.809962,
            37.213758,
            188.8
          ],
          [
            -121.809943,
            37.213758,
            189
          ],
          [
            -121.809819,
            37.213763,
            189.8
          ],
          [
            -121.809785,
            37.213764,
            190.2
          ],
          [
            -121.809682,
            37.213764,
            190.8
          ],
          [
            -121.809609,
            37.213763,
            191.2
          ],
          [
            -121.809541,
            37.213771,
            191.6
          ],
          [
            -121.809445,
            37.213766,
            192.2
          ],
          [
            -121.809392,
            37.213763,
            192.8
          ],
          [
            -121.809272,
            37.213745,
            193.2
          ],
          [
            -121.809256,
            37.213743,
            193.4
          ],
          [
            -121.80915,
            37.213734,
            194
          ],
          [
            -121.80903,
            37.213729,
            194.6
          ],
          [
            -121.80901,
            37.213726,
            194.6
          ],
          [
            -121.808858,
            37.213706,
            195.6
          ],
          [
            -121.808729,
            37.213682,
            196.4
          ],
          [
            -121.808693,
            37.213675,
            196.6
          ],
          [
            -121.80859,
            37.213663,
            197.4
          ],
          [
            -121.808557,
            37.213659,
            197.6
          ],
          [
            -121.808498,
            37.213632,
            198.2
          ],
          [
            -121.80844,
            37.213613,
            198.8
          ],
          [
            -121.808368,
            37.213601,
            199.4
          ],
          [
            -121.808307,
            37.213586,
            199.8
          ],
          [
            -121.808257,
            37.213575,
            200.4
          ],
          [
            -121.808206,
            37.213563,
            200.8
          ],
          [
            -121.808118,
            37.213546,
            201.6
          ],
          [
            -121.808082,
            37.213539,
            202
          ],
          [
            -121.807954,
            37.213517,
            203
          ],
          [
            -121.80785,
            37.213483,
            204.2
          ],
          [
            -121.807776,
            37.213457,
            204.8
          ],
          [
            -121.807743,
            37.213447,
            205.2
          ],
          [
            -121.807632,
            37.21341,
            206.4
          ],
          [
            -121.807525,
            37.213379,
            207.4
          ],
          [
            -121.807454,
            37.213358,
            208.2
          ],
          [
            -121.807415,
            37.21334,
            208.4
          ],
          [
            -121.807361,
            37.213326,
            209
          ],
          [
            -121.807309,
            37.213315,
            209.6
          ],
          [
            -121.807259,
            37.213301,
            210.2
          ],
          [
            -121.807206,
            37.213262,
            210.8
          ],
          [
            -121.807165,
            37.213249,
            211
          ],
          [
            -121.807105,
            37.213223,
            211.8
          ],
          [
            -121.807093,
            37.213217,
            212
          ],
          [
            -121.807007,
            37.213182,
            212.6
          ],
          [
            -121.80699,
            37.213178,
            212.8
          ],
          [
            -121.806905,
            37.213143,
            213.8
          ],
          [
            -121.806892,
            37.213134,
            213.8
          ],
          [
            -121.806794,
            37.213083,
            214.8
          ],
          [
            -121.806716,
            37.213042,
            215.6
          ],
          [
            -121.806692,
            37.213028,
            216
          ],
          [
            -121.806636,
            37.212998,
            216.6
          ],
          [
            -121.806568,
            37.212964,
            217.2
          ],
          [
            -121.80655,
            37.212959,
            217.4
          ],
          [
            -121.806473,
            37.212915,
            218.2
          ],
          [
            -121.806449,
            37.212896,
            218.6
          ],
          [
            -121.806376,
            37.212853,
            219.4
          ],
          [
            -121.80635,
            37.212835,
            219.6
          ],
          [
            -121.806288,
            37.212797,
            220.4
          ],
          [
            -121.806249,
            37.212774,
            220.8
          ],
          [
            -121.806174,
            37.212722,
            221.4
          ],
          [
            -121.806146,
            37.212704,
            221.6
          ],
          [
            -121.806038,
            37.212632,
            222.4
          ],
          [
            -121.806023,
            37.212622,
            222.6
          ],
          [
            -121.805897,
            37.212548,
            223.4
          ],
          [
            -121.805845,
            37.212516,
            223.6
          ],
          [
            -121.80577,
            37.212445,
            224
          ],
          [
            -121.80563,
            37.212349,
            224.6
          ],
          [
            -121.805518,
            37.212235,
            225
          ],
          [
            -121.8054,
            37.212136,
            225.2
          ],
          [
            -121.805191,
            37.211975,
            225.4
          ],
          [
            -121.805025,
            37.211861,
            225.2
          ],
          [
            -121.8049,
            37.211814,
            225.2
          ],
          [
            -121.804822,
            37.211803,
            225.2
          ],
          [
            -121.80465,
            37.211845,
            225
          ],
          [
            -121.804424,
            37.211995,
            224.6
          ],
          [
            -121.804195,
            37.212175,
            224.2
          ],
          [
            -121.803943,
            37.212384,
            224
          ],
          [
            -121.803628,
            37.212555,
            224.2
          ],
          [
            -121.803408,
            37.212663,
            224.8
          ],
          [
            -121.803182,
            37.212749,
            226
          ],
          [
            -121.803151,
            37.212765,
            226.2
          ],
          [
            -121.803018,
            37.212818,
            227
          ],
          [
            -121.802955,
            37.212839,
            227.2
          ],
          [
            -121.802804,
            37.212906,
            228
          ],
          [
            -121.802743,
            37.212938,
            228.4
          ],
          [
            -121.802541,
            37.213077,
            229
          ],
          [
            -121.802507,
            37.213102,
            229.2
          ],
          [
            -121.802361,
            37.213255,
            229.4
          ],
          [
            -121.802248,
            37.213468,
            228.8
          ],
          [
            -121.802226,
            37.213507,
            228.6
          ],
          [
            -121.802134,
            37.213645,
            228
          ],
          [
            -121.802088,
            37.213693,
            227.4
          ],
          [
            -121.801974,
            37.213785,
            226.6
          ],
          [
            -121.801908,
            37.21383,
            225.4
          ],
          [
            -121.801759,
            37.213904,
            224.4
          ],
          [
            -121.801523,
            37.213987,
            224
          ],
          [
            -121.801374,
            37.214032,
            224
          ],
          [
            -121.801305,
            37.214054,
            224
          ],
          [
            -121.801236,
            37.214071,
            224
          ],
          [
            -121.801166,
            37.214092,
            224
          ],
          [
            -121.800911,
            37.214171,
            224
          ],
          [
            -121.800556,
            37.214289,
            223
          ],
          [
            -121.800474,
            37.214325,
            222.6
          ],
          [
            -121.800308,
            37.214423,
            221.4
          ],
          [
            -121.800133,
            37.214543,
            219.2
          ],
          [
            -121.799961,
            37.214679,
            217.2
          ],
          [
            -121.799866,
            37.214749,
            215.8
          ],
          [
            -121.799645,
            37.214871,
            213.2
          ],
          [
            -121.799519,
            37.214912,
            212
          ],
          [
            -121.799388,
            37.21493,
            211.2
          ],
          [
            -121.799252,
            37.214923,
            210
          ],
          [
            -121.799123,
            37.214894,
            209.4
          ],
          [
            -121.799002,
            37.21485,
            208.4
          ],
          [
            -121.798889,
            37.214793,
            207.8
          ],
          [
            -121.798693,
            37.214664,
            207.4
          ],
          [
            -121.798494,
            37.214558,
            207.2
          ],
          [
            -121.798165,
            37.214376,
            208.4
          ],
          [
            -121.798096,
            37.21434,
            209
          ],
          [
            -121.797963,
            37.214286,
            209.6
          ],
          [
            -121.797775,
            37.214232,
            210.2
          ],
          [
            -121.797587,
            37.214211,
            210.4
          ],
          [
            -121.797459,
            37.214215,
            210.4
          ],
          [
            -121.797394,
            37.214221,
            210.2
          ],
          [
            -121.79722,
            37.21426,
            209.4
          ],
          [
            -121.797124,
            37.214294,
            208.6
          ],
          [
            -121.797077,
            37.214304,
            208.4
          ],
          [
            -121.796983,
            37.214294,
            208
          ],
          [
            -121.79695,
            37.214273,
            208
          ],
          [
            -121.796918,
            37.214253,
            207.6
          ],
          [
            -121.796916,
            37.214252,
            207.4
          ],
          [
            -121.796915,
            37.214251,
            207.2
          ],
          [
            -121.796871,
            37.214294,
            206.8
          ],
          [
            -121.796841,
            37.214333,
            206.8
          ],
          [
            -121.796841,
            37.214333,
            206.6
          ],
          [
            -121.796869,
            37.214324,
            206.4
          ],
          [
            -121.796876,
            37.214319,
            206.4
          ],
          [
            -121.796872,
            37.214309,
            206.2
          ],
          [
            -121.796872,
            37.21431,
            206.2
          ],
          [
            -121.796873,
            37.214313,
            206.2
          ],
          [
            -121.796873,
            37.214326,
            206.2
          ],
          [
            -121.79687,
            37.214333,
            206.2
          ],
          [
            -121.796867,
            37.214334,
            206
          ],
          [
            -121.796865,
            37.214324,
            206
          ],
          [
            -121.796864,
            37.214321,
            206.2
          ],
          [
            -121.796873,
            37.214319,
            206
          ],
          [
            -121.796864,
            37.214321,
            206.2
          ],
          [
            -121.796856,
            37.21431,
            206.2
          ],
          [
            -121.796855,
            37.214305,
            206.2
          ],
          [
            -121.796866,
            37.214311,
            206.2
          ],
          [
            -121.796862,
            37.21431,
            206.2
          ],
          [
            -121.79685,
            37.21432,
            206.2
          ],
          [
            -121.796833,
            37.214329,
            206.2
          ],
          [
            -121.796766,
            37.21435,
            206.2
          ],
          [
            -121.796748,
            37.214344,
            206.2
          ],
          [
            -121.796699,
            37.214343,
            206.2
          ],
          [
            -121.796577,
            37.21438,
            205.6
          ],
          [
            -121.796562,
            37.21441,
            205.4
          ],
          [
            -121.796563,
            37.214445,
            205
          ],
          [
            -121.796563,
            37.21448,
            204.8
          ],
          [
            -121.796516,
            37.21458,
            203.8
          ],
          [
            -121.796481,
            37.214608,
            203.8
          ],
          [
            -121.796253,
            37.214702,
            202.6
          ],
          [
            -121.796093,
            37.214742,
            201.4
          ],
          [
            -121.79583,
            37.214788,
            199.8
          ],
          [
            -121.795444,
            37.214821,
            198.2
          ],
          [
            -121.795237,
            37.214845,
            197.6
          ],
          [
            -121.795022,
            37.214861,
            196.6
          ],
          [
            -121.794817,
            37.214869,
            195.2
          ],
          [
            -121.794615,
            37.21489,
            193.4
          ],
          [
            -121.794509,
            37.214908,
            192.8
          ],
          [
            -121.794401,
            37.214934,
            192.2
          ],
          [
            -121.79429,
            37.214968,
            190.6
          ],
          [
            -121.794182,
            37.215012,
            189.6
          ],
          [
            -121.794078,
            37.215067,
            188.4
          ],
          [
            -121.793976,
            37.215131,
            187
          ],
          [
            -121.793875,
            37.215204,
            186
          ],
          [
            -121.793777,
            37.215286,
            184.6
          ],
          [
            -121.793691,
            37.215379,
            183.8
          ],
          [
            -121.793615,
            37.215481,
            182.8
          ],
          [
            -121.793549,
            37.215587,
            180.6
          ],
          [
            -121.793494,
            37.215695,
            179.8
          ],
          [
            -121.793461,
            37.215805,
            179
          ],
          [
            -121.793443,
            37.215916,
            178.4
          ],
          [
            -121.793431,
            37.216022,
            177.6
          ],
          [
            -121.793394,
            37.216231,
            177.4
          ],
          [
            -121.793371,
            37.21652,
            177.4
          ],
          [
            -121.793357,
            37.216697,
            176.4
          ],
          [
            -121.793349,
            37.216963,
            175.4
          ],
          [
            -121.793348,
            37.217051,
            175
          ],
          [
            -121.793338,
            37.217142,
            174.8
          ],
          [
            -121.793324,
            37.217232,
            174.4
          ],
          [
            -121.793309,
            37.217328,
            173.8
          ],
          [
            -121.793286,
            37.217424,
            172.8
          ],
          [
            -121.793248,
            37.217518,
            172.4
          ],
          [
            -121.79319,
            37.217607,
            172.2
          ],
          [
            -121.793121,
            37.217687,
            171.2
          ],
          [
            -121.79296,
            37.21783,
            170.2
          ],
          [
            -121.792863,
            37.217885,
            169.8
          ],
          [
            -121.792757,
            37.217931,
            169
          ],
          [
            -121.792644,
            37.217965,
            168.6
          ],
          [
            -121.792524,
            37.217988,
            168.4
          ],
          [
            -121.792398,
            37.217994,
            167
          ],
          [
            -121.792267,
            37.217986,
            166.2
          ],
          [
            -121.792132,
            37.217962,
            165.6
          ],
          [
            -121.792002,
            37.217924,
            164
          ],
          [
            -121.791873,
            37.217879,
            162.8
          ],
          [
            -121.791738,
            37.217838,
            161.6
          ],
          [
            -121.7916,
            37.2178,
            160.4
          ],
          [
            -121.791462,
            37.217761,
            159.2
          ],
          [
            -121.791323,
            37.217732,
            157.6
          ],
          [
            -121.791187,
            37.217721,
            156.8
          ],
          [
            -121.79105,
            37.217723,
            155.2
          ],
          [
            -121.79092,
            37.217738,
            154.2
          ],
          [
            -121.79079,
            37.217766,
            152.6
          ],
          [
            -121.790667,
            37.217804,
            151.2
          ],
          [
            -121.790436,
            37.217912,
            149
          ],
          [
            -121.790332,
            37.217983,
            147.6
          ],
          [
            -121.790239,
            37.218063,
            147
          ],
          [
            -121.790153,
            37.218151,
            145.6
          ],
          [
            -121.790071,
            37.218246,
            143.6
          ],
          [
            -121.789887,
            37.218436,
            141.8
          ],
          [
            -121.789792,
            37.218532,
            140.6
          ],
          [
            -121.789695,
            37.21863,
            139.2
          ],
          [
            -121.789594,
            37.218724,
            137.8
          ],
          [
            -121.789495,
            37.218815,
            136.2
          ],
          [
            -121.789395,
            37.218905,
            134.2
          ],
          [
            -121.789296,
            37.218993,
            132.8
          ],
          [
            -121.789087,
            37.219169,
            130.4
          ],
          [
            -121.788859,
            37.219351,
            128.6
          ],
          [
            -121.788617,
            37.219532,
            125.8
          ],
          [
            -121.788502,
            37.219618,
            124.8
          ],
          [
            -121.78839,
            37.219699,
            122.8
          ],
          [
            -121.788279,
            37.219771,
            121.4
          ],
          [
            -121.788166,
            37.21983,
            120
          ],
          [
            -121.788044,
            37.219872,
            118.6
          ],
          [
            -121.787916,
            37.2199,
            118.2
          ],
          [
            -121.787781,
            37.219918,
            117.2
          ],
          [
            -121.787643,
            37.219918,
            115.4
          ],
          [
            -121.787348,
            37.219894,
            113.8
          ],
          [
            -121.787193,
            37.21988,
            112.6
          ],
          [
            -121.787039,
            37.219865,
            111.6
          ],
          [
            -121.786886,
            37.219851,
            110
          ],
          [
            -121.786733,
            37.219842,
            107.8
          ],
          [
            -121.786431,
            37.21986,
            105
          ],
          [
            -121.786296,
            37.219896,
            104.2
          ],
          [
            -121.786179,
            37.219952,
            102.4
          ],
          [
            -121.785955,
            37.220063,
            102
          ],
          [
            -121.785832,
            37.220102,
            101.4
          ],
          [
            -121.785701,
            37.220122,
            101.4
          ],
          [
            -121.785569,
            37.22012,
            101
          ],
          [
            -121.785331,
            37.220051,
            100.6
          ],
          [
            -121.785156,
            37.219905,
            100.2
          ],
          [
            -121.785082,
            37.219824,
            99.8
          ],
          [
            -121.784996,
            37.219753,
            99.4
          ],
          [
            -121.784897,
            37.219692,
            98.8
          ],
          [
            -121.784787,
            37.219645,
            98.4
          ],
          [
            -121.78454,
            37.219582,
            98
          ],
          [
            -121.784403,
            37.219567,
            97
          ],
          [
            -121.784125,
            37.219543,
            95.2
          ],
          [
            -121.783992,
            37.219522,
            93.8
          ],
          [
            -121.783865,
            37.219484,
            93.2
          ],
          [
            -121.783753,
            37.219428,
            92.2
          ],
          [
            -121.783659,
            37.219359,
            91.2
          ],
          [
            -121.783588,
            37.219279,
            90
          ],
          [
            -121.783539,
            37.219191,
            89.2
          ],
          [
            -121.783505,
            37.219096,
            88.8
          ],
          [
            -121.783423,
            37.218799,
            86.8
          ],
          [
            -121.783388,
            37.218697,
            86.2
          ],
          [
            -121.783353,
            37.218592,
            85
          ],
          [
            -121.783285,
            37.218385,
            83.4
          ],
          [
            -121.783233,
            37.218293,
            82.4
          ],
          [
            -121.78306,
            37.218156,
            81.2
          ],
          [
            -121.782951,
            37.218115,
            79.2
          ],
          [
            -121.782832,
            37.218094,
            78.6
          ],
          [
            -121.782712,
            37.218092,
            77.6
          ],
          [
            -121.782587,
            37.218113,
            76.4
          ],
          [
            -121.782364,
            37.218226,
            74.8
          ],
          [
            -121.782286,
            37.21831,
            73.2
          ],
          [
            -121.782232,
            37.218405,
            71.6
          ],
          [
            -121.782201,
            37.218506,
            70.6
          ],
          [
            -121.782206,
            37.218609,
            69.2
          ],
          [
            -121.78224,
            37.21871,
            68.8
          ],
          [
            -121.782288,
            37.218805,
            67.2
          ],
          [
            -121.782334,
            37.218901,
            67
          ],
          [
            -121.782427,
            37.219091,
            66.2
          ],
          [
            -121.782475,
            37.219182,
            65.8
          ],
          [
            -121.782556,
            37.219348,
            64.8
          ],
          [
            -121.782633,
            37.219514,
            63.6
          ],
          [
            -121.782676,
            37.219596,
            63.2
          ],
          [
            -121.782721,
            37.21968,
            62.4
          ],
          [
            -121.78283,
            37.219924,
            61.4
          ],
          [
            -121.782863,
            37.219999,
            61
          ],
          [
            -121.782892,
            37.220073,
            60.4
          ],
          [
            -121.782936,
            37.220226,
            60.2
          ],
          [
            -121.782914,
            37.220381,
            60.2
          ],
          [
            -121.782826,
            37.220512,
            60
          ],
          [
            -121.782777,
            37.220571,
            59.8
          ],
          [
            -121.782755,
            37.220634,
            59.8
          ],
          [
            -121.782757,
            37.220769,
            59.6
          ],
          [
            -121.782796,
            37.220897,
            59.4
          ],
          [
            -121.782845,
            37.220955,
            58.6
          ],
          [
            -121.782899,
            37.221008,
            58.4
          ],
          [
            -121.78296,
            37.221056,
            58.2
          ],
          [
            -121.783026,
            37.221096,
            58.2
          ],
          [
            -121.7831,
            37.221127,
            58
          ],
          [
            -121.783524,
            37.221258,
            58
          ],
          [
            -121.783597,
            37.221275,
            58
          ],
          [
            -121.783932,
            37.221358,
            58.4
          ],
          [
            -121.783995,
            37.221374,
            58.4
          ],
          [
            -121.784055,
            37.22139,
            58.6
          ],
          [
            -121.784231,
            37.221439,
            59
          ],
          [
            -121.784458,
            37.221511,
            59.2
          ],
          [
            -121.784575,
            37.221545,
            60.4
          ],
          [
            -121.784971,
            37.221671,
            60.6
          ],
          [
            -121.785023,
            37.221695,
            60.6
          ],
          [
            -121.785181,
            37.22177,
            60.6
          ],
          [
            -121.785516,
            37.221959,
            61
          ],
          [
            -121.785769,
            37.222147,
            60.8
          ],
          [
            -121.785811,
            37.222177,
            60.8
          ],
          [
            -121.786081,
            37.222336,
            61
          ],
          [
            -121.786128,
            37.222355,
            61
          ],
          [
            -121.786517,
            37.222518,
            61.4
          ],
          [
            -121.786567,
            37.222538,
            61.4
          ],
          [
            -121.786897,
            37.222679,
            61.6
          ],
          [
            -121.787217,
            37.222818,
            62
          ],
          [
            -121.787541,
            37.223015,
            62.4
          ],
          [
            -121.787582,
            37.223043,
            62.4
          ],
          [
            -121.787998,
            37.2233,
            63
          ],
          [
            -121.788087,
            37.223343,
            62.8
          ],
          [
            -121.788337,
            37.223417,
            63
          ],
          [
            -121.78863,
            37.223451,
            62.8
          ],
          [
            -121.788695,
            37.223458,
            62
          ],
          [
            -121.788819,
            37.223478,
            61.4
          ],
          [
            -121.788943,
            37.223515,
            60.8
          ],
          [
            -121.789067,
            37.223565,
            60.6
          ],
          [
            -121.78913,
            37.223594,
            60.2
          ],
          [
            -121.789469,
            37.2238,
            59.8
          ],
          [
            -121.790055,
            37.224156,
            59.2
          ],
          [
            -121.790113,
            37.224194,
            59.2
          ],
          [
            -121.790452,
            37.224404,
            59.2
          ],
          [
            -121.790867,
            37.224734,
            59.6
          ],
          [
            -121.790904,
            37.224785,
            59.6
          ],
          [
            -121.791024,
            37.225008,
            59.2
          ],
          [
            -121.791037,
            37.225068,
            59
          ],
          [
            -121.791036,
            37.225248,
            59.2
          ],
          [
            -121.791024,
            37.22568,
            57.8
          ],
          [
            -121.791022,
            37.22574,
            57.8
          ],
          [
            -121.790989,
            37.226208,
            57.6
          ],
          [
            -121.791003,
            37.22657,
            57.6
          ],
          [
            -121.790984,
            37.227016,
            57
          ],
          [
            -121.790978,
            37.22708,
            56.8
          ],
          [
            -121.790925,
            37.227425,
            56.2
          ],
          [
            -121.790907,
            37.227794,
            55.8
          ],
          [
            -121.790904,
            37.227858,
            55.6
          ],
          [
            -121.790868,
            37.228366,
            55
          ],
          [
            -121.790837,
            37.228915,
            55
          ],
          [
            -121.790818,
            37.229099,
            54.8
          ],
          [
            -121.790764,
            37.229404,
            54.6
          ],
          [
            -121.79063,
            37.229809,
            55
          ],
          [
            -121.790365,
            37.230171,
            55
          ],
          [
            -121.790094,
            37.23048,
            55.2
          ],
          [
            -121.789991,
            37.230604,
            56
          ],
          [
            -121.789838,
            37.230738,
            56
          ],
          [
            -121.789636,
            37.230985,
            56.2
          ],
          [
            -121.789582,
            37.231046,
            56.2
          ],
          [
            -121.789404,
            37.231243,
            56.2
          ],
          [
            -121.789203,
            37.231452,
            56
          ],
          [
            -121.789103,
            37.231553,
            56
          ],
          [
            -121.788842,
            37.231829,
            55.6
          ],
          [
            -121.788553,
            37.232124,
            55.8
          ],
          [
            -121.788363,
            37.232302,
            55.6
          ],
          [
            -121.78831,
            37.232332,
            55.6
          ],
          [
            -121.787903,
            37.232516,
            56
          ],
          [
            -121.787711,
            37.232586,
            56.2
          ],
          [
            -121.787568,
            37.232637,
            56
          ],
          [
            -121.7874,
            37.232732,
            56
          ],
          [
            -121.787338,
            37.232794,
            56
          ],
          [
            -121.787263,
            37.232873,
            56.4
          ],
          [
            -121.78726,
            37.232875,
            56.4
          ],
          [
            -121.787217,
            37.232885,
            56.6
          ],
          [
            -121.787113,
            37.232971,
            56.6
          ],
          [
            -121.786891,
            37.233198,
            56
          ],
          [
            -121.786785,
            37.233307,
            56
          ],
          [
            -121.786678,
            37.233417,
            56
          ],
          [
            -121.786608,
            37.233492,
            56
          ],
          [
            -121.78657,
            37.233525,
            56
          ],
          [
            -121.78626,
            37.233693,
            56.4
          ],
          [
            -121.785903,
            37.23381,
            56.2
          ],
          [
            -121.785857,
            37.233832,
            56.2
          ],
          [
            -121.785766,
            37.233878,
            56.2
          ],
          [
            -121.785653,
            37.233957,
            56.2
          ],
          [
            -121.785619,
            37.233991,
            56.2
          ],
          [
            -121.785361,
            37.234279,
            56.2
          ],
          [
            -121.785213,
            37.234446,
            56.4
          ],
          [
            -121.78512,
            37.234542,
            56.4
          ],
          [
            -121.785038,
            37.234649,
            56.6
          ],
          [
            -121.784979,
            37.234715,
            56.6
          ],
          [
            -121.784753,
            37.234944,
            56.6
          ],
          [
            -121.784733,
            37.234984,
            56.6
          ],
          [
            -121.784674,
            37.235091,
            56.6
          ],
          [
            -121.784628,
            37.235161,
            56.6
          ],
          [
            -121.784601,
            37.235196,
            56.8
          ],
          [
            -121.784572,
            37.23523,
            57
          ],
          [
            -121.784326,
            37.235489,
            57.2
          ],
          [
            -121.784321,
            37.235505,
            57.2
          ],
          [
            -121.7843,
            37.235546,
            57
          ],
          [
            -121.784302,
            37.235662,
            57.2
          ],
          [
            -121.784422,
            37.235793,
            56.8
          ],
          [
            -121.784755,
            37.235998,
            57
          ],
          [
            -121.784924,
            37.2361,
            56.8
          ],
          [
            -121.785057,
            37.236177,
            56.6
          ],
          [
            -121.785478,
            37.23642,
            56.8
          ],
          [
            -121.785876,
            37.236654,
            56.8
          ],
          [
            -121.786197,
            37.236841,
            56.8
          ],
          [
            -121.786617,
            37.237103,
            56.2
          ],
          [
            -121.786791,
            37.237219,
            55.8
          ],
          [
            -121.786971,
            37.237328,
            55.6
          ],
          [
            -121.787066,
            37.237382,
            56.8
          ],
          [
            -121.787335,
            37.237555,
            57
          ],
          [
            -121.787704,
            37.237766,
            56.8
          ],
          [
            -121.78804,
            37.237964,
            56.8
          ],
          [
            -121.788353,
            37.238151,
            55.8
          ],
          [
            -121.788459,
            37.23822,
            55.8
          ],
          [
            -121.788914,
            37.238488,
            55.6
          ],
          [
            -121.789369,
            37.238745,
            55.4
          ],
          [
            -121.789528,
            37.238848,
            55.2
          ],
          [
            -121.789548,
            37.238949,
            54.8
          ],
          [
            -121.789476,
            37.23903,
            54.6
          ],
          [
            -121.789438,
            37.239069,
            54.6
          ],
          [
            -121.789147,
            37.239389,
            54.2
          ],
          [
            -121.789002,
            37.239598,
            54.2
          ],
          [
            -121.788985,
            37.239643,
            54.2
          ],
          [
            -121.788967,
            37.239841,
            54.8
          ],
          [
            -121.78897,
            37.239877,
            55
          ],
          [
            -121.788992,
            37.239906,
            54.8
          ],
          [
            -121.789063,
            37.239949,
            54.6
          ],
          [
            -121.78916,
            37.239977,
            54.6
          ],
          [
            -121.789321,
            37.24,
            54.6
          ],
          [
            -121.789608,
            37.240031,
            54.4
          ],
          [
            -121.789724,
            37.240047,
            54.4
          ],
          [
            -121.79025,
            37.240092,
            55
          ],
          [
            -121.79077,
            37.240137,
            54.4
          ],
          [
            -121.791191,
            37.240208,
            54.6
          ],
          [
            -121.791469,
            37.240263,
            55
          ],
          [
            -121.791524,
            37.240275,
            55.2
          ],
          [
            -121.791956,
            37.240371,
            55.6
          ],
          [
            -121.792066,
            37.240392,
            55.8
          ],
          [
            -121.792378,
            37.240455,
            55.8
          ],
          [
            -121.792815,
            37.240544,
            55.8
          ],
          [
            -121.793211,
            37.240619,
            56
          ],
          [
            -121.79373,
            37.240741,
            55.4
          ],
          [
            -121.79389,
            37.240807,
            55.4
          ],
          [
            -121.794032,
            37.240893,
            55.4
          ],
          [
            -121.794262,
            37.241106,
            55.2
          ],
          [
            -121.794316,
            37.241188,
            55.2
          ],
          [
            -121.794397,
            37.241362,
            54.8
          ],
          [
            -121.794408,
            37.241407,
            54.8
          ],
          [
            -121.794428,
            37.241551,
            54.6
          ],
          [
            -121.79443,
            37.241655,
            54.6
          ],
          [
            -121.794446,
            37.242099,
            54.4
          ],
          [
            -121.794459,
            37.242688,
            54.2
          ],
          [
            -121.794478,
            37.243061,
            54.2
          ],
          [
            -121.794519,
            37.243237,
            54.2
          ],
          [
            -121.794556,
            37.243327,
            54.2
          ],
          [
            -121.794624,
            37.243457,
            54
          ],
          [
            -121.794723,
            37.243565,
            54
          ],
          [
            -121.794972,
            37.243743,
            54
          ],
          [
            -121.795165,
            37.243823,
            54
          ],
          [
            -121.795273,
            37.243849,
            54
          ],
          [
            -121.795512,
            37.243872,
            54
          ],
          [
            -121.795634,
            37.243872,
            54
          ],
          [
            -121.795757,
            37.243857,
            54
          ],
          [
            -121.796006,
            37.243832,
            54
          ],
          [
            -121.796339,
            37.243864,
            54.2
          ],
          [
            -121.796464,
            37.243901,
            54.2
          ],
          [
            -121.796646,
            37.243979,
            54
          ],
          [
            -121.796756,
            37.244042,
            53.8
          ],
          [
            -121.796806,
            37.244079,
            53.6
          ],
          [
            -121.796931,
            37.244206,
            53.6
          ],
          [
            -121.797039,
            37.244394,
            53.2
          ],
          [
            -121.797064,
            37.244496,
            53.2
          ],
          [
            -121.797099,
            37.244642,
            53.4
          ],
          [
            -121.79715,
            37.244778,
            53.4
          ],
          [
            -121.797195,
            37.244862,
            53.4
          ],
          [
            -121.797286,
            37.245023,
            53.2
          ],
          [
            -121.797382,
            37.24516,
            53
          ],
          [
            -121.797463,
            37.245205,
            53
          ],
          [
            -121.797542,
            37.245272,
            53
          ],
          [
            -121.797629,
            37.245321,
            52.8
          ],
          [
            -121.797729,
            37.245362,
            52.8
          ],
          [
            -121.797862,
            37.245449,
            52.8
          ],
          [
            -121.797967,
            37.245435,
            52.8
          ],
          [
            -121.798007,
            37.245408,
            52.8
          ],
          [
            -121.798041,
            37.245375,
            52.8
          ],
          [
            -121.798127,
            37.245266,
            53
          ],
          [
            -121.798141,
            37.245222,
            53
          ],
          [
            -121.798132,
            37.245178,
            53
          ],
          [
            -121.798081,
            37.245124,
            53
          ],
          [
            -121.79794,
            37.245067,
            53.4
          ],
          [
            -121.797909,
            37.245075,
            53.4
          ],
          [
            -121.797894,
            37.245072,
            53.4
          ],
          [
            -121.797882,
            37.245073,
            53.4
          ],
          [
            -121.797877,
            37.245088,
            53.4
          ],
          [
            -121.797889,
            37.245101,
            53.4
          ],
          [
            -121.797889,
            37.245101,
            53.6
          ],
          [
            -121.797889,
            37.245101,
            53.4
          ],
          [
            -121.797889,
            37.245101,
            53.6
          ],
          [
            -121.797889,
            37.245101,
            53.6
          ],
          [
            -121.797889,
            37.245101,
            53.6
          ],
          [
            -121.797889,
            37.245101,
            53.6
          ],
          [
            -121.797889,
            37.245101,
            53.6
          ],
          [
            -121.797889,
            37.245101,
            53.6
          ],
          [
            -121.797889,
            37.245101,
            53.6
          ],
          [
            -121.797889,
            37.245101,
            53.6
          ],
          [
            -121.797889,
            37.245101,
            55.4
          ],
          [
            -121.797889,
            37.245101,
            56.2
          ],
          [
            -121.797889,
            37.245101,
            56.4
          ],
          [
            -121.797798,
            37.245193,
            56.6
          ],
          [
            -121.797781,
            37.245176,
            56.2
          ],
          [
            -121.797776,
            37.245166,
            56.2
          ]
        ]
      }
    }
  ]
}
